{
"type": "FeatureCollection",
"name": "isochrone_fasilitas",
"crs": { "type": "name", "properties": { "name": "urn:ogc:def:crs:OGC:1.3:CRS84" } },
"features": [
{ "type": "Feature", "properties": { "jenis": "damkar", "nama": "Pemadam Kebakaran", "waktu_menit": 15, "warna": "#ef4444" }, "geometry": { "type": "Polygon", "coordinates": [ [ [ 110.306526577681723, -7.098726130077091 ], [ 110.305817058950907, -7.098155879295551 ], [ 110.305461879619187, -7.097167340118601 ], [ 110.306269342773035, -7.090717444325106 ], [ 110.305335756425606, -7.091019892688786 ], [ 110.304304469783219, -7.090815448914468 ], [ 110.303560692203192, -7.090073115475654 ], [ 110.303355121592617, -7.089043105582648 ], [ 110.303651239694645, -7.088215237240835 ], [ 110.304150663596602, -7.087715900262527 ], [ 110.307218476996113, -7.086407279308672 ], [ 110.308153704990772, -7.084836541352757 ], [ 110.308272641269866, -7.084177964720389 ], [ 110.307556577792013, -7.082152580454133 ], [ 110.304961963223491, -7.082807214392481 ], [ 110.301900633237096, -7.082889408780178 ], [ 110.300832517094122, -7.08230014271273 ], [ 110.300477596369987, -7.081689791491351 ], [ 110.300383507890658, -7.080990219833064 ], [ 110.300564574614512, -7.080307931221824 ], [ 110.300993229814182, -7.079746797530047 ], [ 110.301774969421118, -7.079343043827022 ], [ 110.302932075850691, -7.079267343482426 ], [ 110.303154672474037, -7.078515128373986 ], [ 110.303756894806853, -7.077874078063296 ], [ 110.306156343370745, -7.076672576597115 ], [ 110.307674217750886, -7.076699999792501 ], [ 110.307791606898519, -7.076253485315132 ], [ 110.301092838064562, -7.075375303369885 ], [ 110.30013290512062, -7.074622875828965 ], [ 110.299868694777132, -7.073432891998348 ], [ 110.300420148106781, -7.072345580268657 ], [ 110.30153691417982, -7.071854555092569 ], [ 110.308640455755111, -7.072713605075796 ], [ 110.309615712337759, -7.068535451992233 ], [ 110.307441995345712, -7.067143475126911 ], [ 110.304834236391059, -7.067315768893583 ], [ 110.303413717960055, -7.067017424731934 ], [ 110.300333331641625, -7.065918533746387 ], [ 110.297802179815264, -7.063808767592709 ], [ 110.297264658277896, -7.062450956123407 ], [ 110.297526857598257, -7.060635281858727 ], [ 110.296768936204472, -7.058557628450455 ], [ 110.296243150858103, -7.055944054325671 ], [ 110.295780764100982, -7.046838508254552 ], [ 110.294767756821216, -7.047040721730694 ], [ 110.292657281294183, -7.046957274855916 ], [ 110.289518712629175, -7.047422577020235 ], [ 110.288819531986633, -7.047320963886439 ], [ 110.288212497479037, -7.046959778721446 ], [ 110.287634344949893, -7.045886416798836 ], [ 110.287869017885669, -7.044690274677359 ], [ 110.288645990750879, -7.043982772405964 ], [ 110.290124403594575, -7.04368066352565 ], [ 110.288298068582662, -7.04207608314707 ], [ 110.287107335996254, -7.041896120778105 ], [ 110.286492081089889, -7.041549108752839 ], [ 110.285928343634893, -7.040662603056187 ], [ 110.28591139296033, -7.039762218113845 ], [ 110.281869362082219, -7.036989660025418 ], [ 110.27912837077244, -7.035617328288313 ], [ 110.278751787309844, -7.035020098295641 ], [ 110.278632635232754, -7.034324353022849 ], [ 110.27878905322855, -7.033636013458444 ], [ 110.279200252251542, -7.03305727796941 ], [ 110.277077087568173, -7.030071281897259 ], [ 110.276836938397821, -7.029225529534114 ], [ 110.277026245110576, -7.028362431395719 ], [ 110.277744160431652, -7.027601231804658 ], [ 110.285330669673257, -7.024195856141466 ], [ 110.285492352214916, -7.023439436768705 ], [ 110.283698961023262, -7.022749141925353 ], [ 110.28293068710235, -7.021802277023857 ], [ 110.282885432129504, -7.020752971261827 ], [ 110.283569331387383, -7.019743589089455 ], [ 110.284209804868112, -7.019445644644744 ], [ 110.284915646873316, -7.019415255235153 ], [ 110.287784414654553, -7.020423282971277 ], [ 110.290705115761142, -7.012669613190803 ], [ 110.289849375185909, -7.011690003642709 ], [ 110.289362818279628, -7.00874494481511 ], [ 110.289479782663108, -7.007873617857385 ], [ 110.289994037871608, -7.007160263579905 ], [ 110.290959522784632, -7.006744849629164 ], [ 110.295839318955856, -7.006464680369779 ], [ 110.299177029771784, -7.003297251250292 ], [ 110.300571160070561, -7.000965990880287 ], [ 110.30029461228186, -7.000116744052719 ], [ 110.300453046495932, -6.99925198206283 ], [ 110.300865157738016, -6.998678662666466 ], [ 110.301465486954157, -6.998306556106387 ], [ 110.302339715859304, -6.998207007019906 ], [ 110.303008451427885, -6.99843460438077 ], [ 110.305921814217982, -7.001166310670672 ], [ 110.305753137421362, -6.998442230618577 ], [ 110.306154219252591, -6.997659745382214 ], [ 110.306994560591832, -6.997118770108997 ], [ 110.308522224496386, -6.997081321917088 ], [ 110.315463803380837, -6.998288802616962 ], [ 110.314868349437319, -6.988797650680213 ], [ 110.315018626624777, -6.986248951611935 ], [ 110.315692503523991, -6.985232884509235 ], [ 110.31685853873573, -6.984874598352545 ], [ 110.317987381151738, -6.985336746572822 ], [ 110.318531232766759, -6.986235537259519 ], [ 110.318540025009312, -6.987763219622332 ], [ 110.325029882670023, -6.990975716008962 ], [ 110.325651539122958, -6.990180459483837 ], [ 110.323868327408618, -6.984314171926496 ], [ 110.322926329423893, -6.984795882432931 ], [ 110.320858192677719, -6.985011544358034 ], [ 110.319934691922455, -6.984509876371676 ], [ 110.319481475580247, -6.983726935327838 ], [ 110.318678026611806, -6.983435600091783 ], [ 110.318305820738587, -6.984167076780945 ], [ 110.31776761269721, -6.984624302423014 ], [ 110.317095254565075, -6.984840930569675 ], [ 110.316222796801824, -6.984727090496702 ], [ 110.315398755702546, -6.98407502542999 ], [ 110.314714377331384, -6.982624856826689 ], [ 110.314652538053878, -6.981747896532072 ], [ 110.314991783194415, -6.980506244117347 ], [ 110.31460041822541, -6.980423430378533 ], [ 110.314281909342753, -6.981172153450308 ], [ 110.312952271428856, -6.982762252356888 ], [ 110.311757887940189, -6.983010346871545 ], [ 110.310803815897685, -6.982569490243256 ], [ 110.310378113331339, -6.982006180881713 ], [ 110.310200563310659, -6.981322975998917 ], [ 110.310298195153408, -6.980623887521053 ], [ 110.31067682903128, -6.979972174043866 ], [ 110.309937054423955, -6.97859647989507 ], [ 110.309591216458756, -6.976888394221688 ], [ 110.30889051461368, -6.976753819471043 ], [ 110.308217840111141, -6.976272401738338 ], [ 110.308402033884747, -6.977512622367051 ], [ 110.308170117159506, -6.978360665852862 ], [ 110.307411180695851, -6.979087343017921 ], [ 110.306553334792468, -6.97928273992911 ], [ 110.3058635623822, -6.979130315617254 ], [ 110.305284674774896, -6.978725744905423 ], [ 110.304904802649531, -6.978130620586869 ], [ 110.304697744809488, -6.977160374728986 ], [ 110.30396190244204, -6.976675496509829 ], [ 110.303567770403404, -6.975987984923436 ], [ 110.301973352274914, -6.975386360378033 ], [ 110.301653727460646, -6.976235545767249 ], [ 110.300825502199757, -6.976882274249157 ], [ 110.299685785340316, -6.976986682223487 ], [ 110.298722123732929, -6.976567199740652 ], [ 110.29828395848287, -6.976013519474571 ], [ 110.298090019156859, -6.975296178128087 ], [ 110.297366289932143, -6.975041357570532 ], [ 110.296850042453187, -6.974559529510952 ], [ 110.296513499212708, -6.97338792483756 ], [ 110.296781519927023, -6.972550576369154 ], [ 110.297263735522833, -6.972034746509467 ], [ 110.298081564423569, -6.971710552160534 ], [ 110.299233880861124, -6.971749628481004 ], [ 110.299844779772613, -6.971130281788232 ], [ 110.298737857748549, -6.970699956733319 ], [ 110.298104158721372, -6.969658417065465 ], [ 110.298275577015943, -6.968451603015478 ], [ 110.299014152264547, -6.967704292730607 ], [ 110.300043767486386, -6.967492929138297 ], [ 110.304454077488927, -6.968331874810182 ], [ 110.305545110787733, -6.966922628159353 ], [ 110.306194559203533, -6.966644913710645 ], [ 110.306900932138021, -6.966636674278936 ], [ 110.309719239859263, -6.96776728948447 ], [ 110.310248042482897, -6.968617398100307 ], [ 110.310306746454302, -6.96964624027285 ], [ 110.31197059225012, -6.969887889263553 ], [ 110.312690997002406, -6.969491418157101 ], [ 110.313570525231839, -6.969468148243366 ], [ 110.314357179125537, -6.969861900654856 ], [ 110.31480847840389, -6.970452525437746 ], [ 110.321003625692228, -6.971970112170097 ], [ 110.321799248978493, -6.971295250047056 ], [ 110.322570061750085, -6.969968036711 ], [ 110.32337680029913, -6.969617191282535 ], [ 110.324082882955352, -6.969639261405539 ], [ 110.324866097989911, -6.970039804407847 ], [ 110.325301718974316, -6.970610102665385 ], [ 110.326361905683868, -6.970277155325298 ], [ 110.327506610317656, -6.970698465511536 ], [ 110.32794966120521, -6.971248252094395 ], [ 110.328155490169195, -6.972102994441793 ], [ 110.327550896850326, -6.97429006726736 ], [ 110.330040267250425, -6.974905668709137 ], [ 110.335438501866633, -6.966151602317225 ], [ 110.336289895672806, -6.965535656017046 ], [ 110.337509696725505, -6.965549627819941 ], [ 110.338111415015675, -6.965919430501709 ], [ 110.33852570202923, -6.966491169030352 ], [ 110.338689485861252, -6.967177801899389 ], [ 110.338577830831383, -6.967874795636263 ], [ 110.334062412189212, -6.975276569361865 ], [ 110.334744176218521, -6.976363273374058 ], [ 110.335099831072966, -6.976325809826132 ], [ 110.336687060019386, -6.973770468977404 ], [ 110.337216428756207, -6.973303064019456 ], [ 110.338415792360436, -6.973080340366418 ], [ 110.339484323362228, -6.973668425296377 ], [ 110.33992174547005, -6.974623458422758 ], [ 110.339824487371999, -6.975497209931906 ], [ 110.336738661035028, -6.980563713269116 ], [ 110.338244930496828, -6.98224733008387 ], [ 110.339612911060485, -6.981356317947517 ], [ 110.340319191648561, -6.981340955051317 ], [ 110.340977594421801, -6.981596819977756 ], [ 110.341725459598337, -6.98255982702162 ], [ 110.3416454702121, -6.983882701691203 ], [ 110.342472917634382, -6.9839448030977 ], [ 110.34183235597169, -6.980961899159026 ], [ 110.342292128201819, -6.97736573890991 ], [ 110.34203285088806, -6.974410700410384 ], [ 110.346279798772457, -6.961794223251684 ], [ 110.347125379331146, -6.960915657942548 ], [ 110.348336811744929, -6.960772527021011 ], [ 110.348981181057141, -6.961061810185592 ], [ 110.349465711492243, -6.96157546976066 ], [ 110.349727010642169, -6.962766099484215 ], [ 110.34563376564634, -6.975050097748194 ], [ 110.345738206599151, -6.975824834343088 ], [ 110.346561132622369, -6.97644580622264 ], [ 110.3469114463485, -6.977436058782482 ], [ 110.346552836861122, -6.978601123195403 ], [ 110.345691035494383, -6.97922804760793 ], [ 110.345474474995981, -6.98080178842544 ], [ 110.345790464041087, -6.982412723328929 ], [ 110.346875610626256, -6.983762013884261 ], [ 110.349514868206853, -6.981150392733173 ], [ 110.349882624626616, -6.979543249684697 ], [ 110.349613564887903, -6.978895416472939 ], [ 110.349612434045753, -6.978189549796545 ], [ 110.350141060247864, -6.976528884936892 ], [ 110.350813722484503, -6.975817186418644 ], [ 110.351761739769174, -6.972012813983985 ], [ 110.3526154287471, -6.971142093487673 ], [ 110.35365355044884, -6.970977311293653 ], [ 110.35460833997432, -6.971416585377372 ], [ 110.355194430675226, -6.972485613333748 ], [ 110.354276482980652, -6.976904927283976 ], [ 110.355082263519918, -6.978442742236814 ], [ 110.355210540882879, -6.979136876184625 ], [ 110.354738194322977, -6.980330735350689 ], [ 110.353336638684382, -6.98114029242183 ], [ 110.355420773128984, -6.9818098021617 ], [ 110.357583776470634, -6.982913283943825 ], [ 110.359158808652921, -6.984580558882148 ], [ 110.360827454908758, -6.984835053204134 ], [ 110.366648692177137, -6.968133726443273 ], [ 110.363921033266465, -6.961830419689433 ], [ 110.364002620778251, -6.960783288921963 ], [ 110.364803158319049, -6.959863552558825 ], [ 110.366005909484358, -6.959660044490366 ], [ 110.366663955596536, -6.959916756369622 ], [ 110.367173596189659, -6.960405554365458 ], [ 110.370994991625338, -6.969088483735247 ], [ 110.375769652873018, -6.974844441773303 ], [ 110.376897137923748, -6.974869483391868 ], [ 110.378290959061758, -6.975799845827618 ], [ 110.378850946003453, -6.976477946761142 ], [ 110.379025018148496, -6.977337091990627 ], [ 110.380754384046497, -6.977363425379796 ], [ 110.381590214222541, -6.958262342560836 ], [ 110.382260604708009, -6.957243981460019 ], [ 110.383425362245234, -6.956881737861175 ], [ 110.384111830151838, -6.957048304692114 ], [ 110.384682253208979, -6.957464689084438 ], [ 110.385049789930392, -6.958067500856046 ], [ 110.385156186633381, -6.958819802993665 ], [ 110.388217338539093, -6.958605137220719 ], [ 110.387546050661385, -6.956535762999697 ], [ 110.385281013285166, -6.956730484366045 ], [ 110.384590021168393, -6.956583781296926 ], [ 110.383786244238593, -6.9559069695112 ], [ 110.383494235685603, -6.954898009856343 ], [ 110.383812417054401, -6.953896983702035 ], [ 110.384660825728943, -6.953231938926736 ], [ 110.384577624018746, -6.952362778752275 ], [ 110.384816563488201, -6.951698511082368 ], [ 110.385760636606108, -6.950926585522684 ], [ 110.38663633748024, -6.950841670370822 ], [ 110.387448696721435, -6.951179270245946 ], [ 110.387922341960987, -6.951702966720746 ], [ 110.388343728469664, -6.952781504138143 ], [ 110.389685828510821, -6.952626874798444 ], [ 110.389305004897992, -6.951909971777313 ], [ 110.389249864442263, -6.951284396674619 ], [ 110.38765773342719, -6.949092310374927 ], [ 110.38769982340871, -6.948042848070446 ], [ 110.388465136110568, -6.947093654375716 ], [ 110.393323074134287, -6.94580916793268 ], [ 110.394394226940349, -6.946155485608495 ], [ 110.395158738676216, -6.947153006508161 ], [ 110.396119329005643, -6.946733484349953 ], [ 110.398203740059472, -6.945209183765126 ], [ 110.399416828593075, -6.945081087608942 ], [ 110.400435885006502, -6.945751067298922 ], [ 110.400798280600824, -6.946914968516547 ], [ 110.400451224114008, -6.947906370468609 ], [ 110.399342500847553, -6.948837813587065 ], [ 110.400160176936595, -6.949133518016326 ], [ 110.401203706362082, -6.949937176295697 ], [ 110.402751518145806, -6.950645335493536 ], [ 110.403930108233055, -6.950011978041148 ], [ 110.404826081580723, -6.949072640745159 ], [ 110.405728200344669, -6.948902881019526 ], [ 110.406594039962684, -6.94834885985741 ], [ 110.407473308135934, -6.948317922558854 ], [ 110.408122126494334, -6.948597080687563 ], [ 110.408703863902986, -6.949256624976604 ], [ 110.409235036111866, -6.951409605786813 ], [ 110.416046262792406, -6.953835877396083 ], [ 110.415344824183762, -6.951457553291784 ], [ 110.41539187785132, -6.950579659031294 ], [ 110.416122869125772, -6.949603817218907 ], [ 110.417170167799981, -6.949305516768694 ], [ 110.416835662353307, -6.94687078394226 ], [ 110.417098478307238, -6.945853836070989 ], [ 110.4178824084604, -6.945154177245664 ], [ 110.41892322138159, -6.945007633366183 ], [ 110.419733586707778, -6.945349974195994 ], [ 110.42035356299786, -6.946198123000401 ], [ 110.421351574353082, -6.953026407156549 ], [ 110.422302150784944, -6.953722023260383 ], [ 110.424226713960479, -6.95442641417113 ], [ 110.425240979101503, -6.954032259933904 ], [ 110.426708872026708, -6.951751517549288 ], [ 110.425061765130707, -6.949867111251111 ], [ 110.422638819004717, -6.947901294753255 ], [ 110.422241654731991, -6.947317547307695 ], [ 110.422172016057232, -6.94610059648545 ], [ 110.422712946805291, -6.945255759438756 ], [ 110.422789729006226, -6.94439786609408 ], [ 110.423234279930526, -6.943653051981434 ], [ 110.424158481305739, -6.943152778974722 ], [ 110.425216444414971, -6.943254571959456 ], [ 110.425922476279425, -6.943779139061265 ], [ 110.426304860217257, -6.944623120032681 ], [ 110.42771365672624, -6.944940793895551 ], [ 110.428437542733192, -6.945951868046954 ], [ 110.429597324168441, -6.943691207534777 ], [ 110.430230907151412, -6.943081222918404 ], [ 110.431077434576551, -6.942841710550527 ], [ 110.431936994570648, -6.943029232667683 ], [ 110.432496458798852, -6.943460195926304 ], [ 110.432890093812972, -6.944219812942617 ], [ 110.433617194497543, -6.944439138011466 ], [ 110.434144581620217, -6.944882723357242 ], [ 110.435102545388176, -6.942483363899752 ], [ 110.435782327879494, -6.941925247827639 ], [ 110.436645130355302, -6.941753242328984 ], [ 110.43754113667822, -6.942043937303679 ], [ 110.438658506770196, -6.942061108402988 ], [ 110.439510528582105, -6.942676163438321 ], [ 110.440910880766211, -6.947439902631708 ], [ 110.441870614930068, -6.944501556538225 ], [ 110.442407446032917, -6.943805024256719 ], [ 110.443036375170678, -6.943483617221481 ], [ 110.443740518145162, -6.943427176956622 ], [ 110.444412676718912, -6.943644295981524 ], [ 110.445053755273349, -6.94424641385084 ], [ 110.445312210302646, -6.944903352342608 ], [ 110.445299404997414, -6.94560911721989 ], [ 110.44306977455345, -6.952529606856082 ], [ 110.444563627570489, -6.953303579239036 ], [ 110.44511545835735, -6.954537782277588 ], [ 110.448428084734388, -6.954948369414335 ], [ 110.446903044310417, -6.95376877643133 ], [ 110.446480535355889, -6.95299762421677 ], [ 110.446587923308684, -6.95178341311062 ], [ 110.447441806477329, -6.950912888461695 ], [ 110.448654540054903, -6.95078124776696 ], [ 110.450136855805695, -6.951686711913738 ], [ 110.451124980896239, -6.950905342783794 ], [ 110.45215328982755, -6.950687749497765 ], [ 110.452831765970942, -6.950884310062524 ], [ 110.453383319673321, -6.951325352586181 ], [ 110.453808418041334, -6.952467890425305 ], [ 110.453515724706946, -6.95347666506402 ], [ 110.452061041716334, -6.954854377549865 ], [ 110.452038888635542, -6.95522737902913 ], [ 110.458732207360413, -6.95470723461206 ], [ 110.459561091159514, -6.955002064249989 ], [ 110.460153014680785, -6.955652513691473 ], [ 110.460359762058147, -6.956682313889053 ], [ 110.45995909829891, -6.957653335599314 ], [ 110.459253260872543, -6.95817820088746 ], [ 110.457981742187442, -6.958383717040021 ], [ 110.458115421408905, -6.960847493054398 ], [ 110.456545717323507, -6.963057738255939 ], [ 110.45610935864498, -6.964314345029233 ], [ 110.456781463061574, -6.965037819389758 ], [ 110.45735848132486, -6.966243980608441 ], [ 110.457468210522322, -6.966959638218066 ], [ 110.457987964945389, -6.967761773567013 ], [ 110.458025258384637, -6.968719361768296 ], [ 110.458451366996002, -6.969795209365722 ], [ 110.458338921701724, -6.97066715853875 ], [ 110.457828389529624, -6.97138318462594 ], [ 110.457040335924518, -6.971774191674146 ], [ 110.455992459712803, -6.971691233710014 ], [ 110.45424740937294, -6.970689953067579 ], [ 110.454069177039614, -6.971550338150632 ], [ 110.454900997050245, -6.971848378765111 ], [ 110.455496340823146, -6.972495722127682 ], [ 110.455706050185583, -6.973169785265079 ], [ 110.455628243038987, -6.973917955853873 ], [ 110.456187845602742, -6.975779506242831 ], [ 110.458617733849948, -6.976552889257955 ], [ 110.459321469660964, -6.977230013093265 ], [ 110.460390391796821, -6.977678251479836 ], [ 110.460847429081923, -6.978216514145697 ], [ 110.461069325662706, -6.97924316295235 ], [ 110.460522896951559, -6.980393617826397 ], [ 110.460573814479673, -6.980846050651857 ], [ 110.461615236525375, -6.983430717983331 ], [ 110.461114572422261, -6.985521303471173 ], [ 110.461326632936334, -6.986156384586307 ], [ 110.462503333888321, -6.98773361996467 ], [ 110.463314287059362, -6.987132299499225 ], [ 110.465181636550341, -6.986672392586323 ], [ 110.465564249932555, -6.985893210983837 ], [ 110.466115592791368, -6.985451853227997 ], [ 110.466794007606779, -6.985254904936053 ], [ 110.467496212894758, -6.985332349471203 ], [ 110.468363320921682, -6.985926102507141 ], [ 110.468730146370604, -6.986725217090056 ], [ 110.468222145141283, -6.989550413173422 ], [ 110.469113273879913, -6.989663596956391 ], [ 110.469470875978772, -6.988637359871383 ], [ 110.469228746536913, -6.987592910623514 ], [ 110.469570176236346, -6.986599538501282 ], [ 110.470243135913009, -6.986033145054278 ], [ 110.471103851432488, -6.985850595488441 ], [ 110.471949060416378, -6.98609499996901 ], [ 110.47255162465126, -6.986668583960792 ], [ 110.472873409851331, -6.98488685654412 ], [ 110.473665368585188, -6.984041184849457 ], [ 110.473443353824209, -6.983345779227477 ], [ 110.473543097863995, -6.982537842632649 ], [ 110.473909954460353, -6.981934593761276 ], [ 110.474479928801031, -6.981517537880554 ], [ 110.476370649451127, -6.980872190399486 ], [ 110.47767145985145, -6.980901840493948 ], [ 110.478772508791465, -6.980120083223258 ], [ 110.479819760541815, -6.980029335863716 ], [ 110.480907369929028, -6.980731585329774 ], [ 110.481988468360711, -6.983056554745001 ], [ 110.483411638306222, -6.983190713439344 ], [ 110.484295085860651, -6.980603227554159 ], [ 110.485063742285163, -6.979797871220791 ], [ 110.485916043457351, -6.979579471086483 ], [ 110.486960300541725, -6.979791267684575 ], [ 110.488584292454803, -6.980843570609407 ], [ 110.489665986953582, -6.980298384332744 ], [ 110.490643468386537, -6.97940853343589 ], [ 110.492211111116148, -6.979444223278824 ], [ 110.492653682192099, -6.978302716973864 ], [ 110.493698707620638, -6.9776737923308 ], [ 110.494745046175638, -6.977774479990014 ], [ 110.495650740198926, -6.978591119898961 ], [ 110.495866383282817, -6.979443470648532 ], [ 110.495569019830725, -6.981134435203622 ], [ 110.495954969247592, -6.981261422878176 ], [ 110.49667151436914, -6.980204471827347 ], [ 110.4978474142995, -6.979879861454909 ], [ 110.498682773428428, -6.98015599216173 ], [ 110.499271082953697, -6.980764331519481 ], [ 110.500807544838437, -6.981116819429295 ], [ 110.501596091609755, -6.981811367520938 ], [ 110.501863105355653, -6.98264907280888 ], [ 110.50171960141104, -6.983472899718213 ], [ 110.502336946348038, -6.984025346980737 ], [ 110.502645093129814, -6.984820928872706 ], [ 110.502599126079289, -6.985525319207778 ], [ 110.502246207275306, -6.98631962999533 ], [ 110.502533490717624, -6.987033178965872 ], [ 110.502507774616703, -6.987764193623283 ], [ 110.50307597658103, -6.988270658702922 ], [ 110.503404424614814, -6.989086276067949 ], [ 110.503459967557902, -6.992345463626182 ], [ 110.503274741188292, -6.993026656958746 ], [ 110.502395130182009, -6.993871312793375 ], [ 110.501088606237133, -6.993960707136607 ], [ 110.500068708232021, -6.99687696049701 ], [ 110.499140270153021, -6.997667734835423 ], [ 110.498266353765899, -6.997770247161711 ], [ 110.49737530559365, -6.997520578687707 ], [ 110.496054601071336, -6.995990497505681 ], [ 110.495017646398054, -6.996405589822873 ], [ 110.493678692076855, -6.996173737319673 ], [ 110.493179010230264, -6.997394695287897 ], [ 110.493820820236039, -6.998379997538152 ], [ 110.493707091199425, -6.999593639934949 ], [ 110.493004889509123, -7.000375265835359 ], [ 110.492031076018364, -7.000635161808219 ], [ 110.491704474326241, -7.00147182951696 ], [ 110.49030796117647, -7.003345985646828 ], [ 110.491396911028531, -7.00332696373771 ], [ 110.491925285004356, -7.002721375884761 ], [ 110.492567223783325, -7.002426581337209 ], [ 110.493616564303125, -7.002489607732093 ], [ 110.494342798564702, -7.002986021526482 ], [ 110.494756861762454, -7.003807374817133 ], [ 110.495774624517182, -7.004709643219604 ], [ 110.498136950763651, -7.005372788087699 ], [ 110.499178924478542, -7.006541463133237 ], [ 110.499316926486571, -7.007409746242755 ], [ 110.49902896668182, -7.008240499967356 ], [ 110.495527550146306, -7.011947176047713 ], [ 110.497173420011308, -7.012499834824373 ], [ 110.497983978768573, -7.013410881483983 ], [ 110.49810468204214, -7.014281733176863 ], [ 110.497800248033144, -7.015106603924329 ], [ 110.497142569570912, -7.015690693536562 ], [ 110.496337302953179, -7.015963170982141 ], [ 110.497187411017833, -7.016182100993683 ], [ 110.49773069339993, -7.016633374913567 ], [ 110.499205194235032, -7.019357559295729 ], [ 110.499863128611054, -7.019813225225332 ], [ 110.500227974083316, -7.020417710666713 ], [ 110.500316566180516, -7.021292405860213 ], [ 110.499629187863576, -7.023795345148794 ], [ 110.500257272486238, -7.024132969730441 ], [ 110.500777865900361, -7.024841775198775 ], [ 110.501019495556477, -7.025925675327954 ], [ 110.500829330006312, -7.026784063018716 ], [ 110.499277040090433, -7.028448805859789 ], [ 110.497523512809849, -7.029166899181506 ], [ 110.496936848850794, -7.030426543085981 ], [ 110.496163888494621, -7.03117119041908 ], [ 110.495387027191185, -7.031473134182533 ], [ 110.494512121818175, -7.031379553906691 ], [ 110.493240097559621, -7.031778538421825 ], [ 110.492052422819924, -7.031399339599518 ], [ 110.488724109374019, -7.031014152497438 ], [ 110.487454940909871, -7.031359198858808 ], [ 110.48635703691231, -7.030827518305145 ], [ 110.485841335850893, -7.029603902849588 ], [ 110.485256199618803, -7.030057449682149 ], [ 110.484572619646244, -7.030235935755989 ], [ 110.483275814999061, -7.029793051102573 ], [ 110.485898279118473, -7.039849191706335 ], [ 110.485088779216142, -7.041944757955091 ], [ 110.483187823179279, -7.044489208475394 ], [ 110.48169358630534, -7.053769041564921 ], [ 110.480804802932454, -7.055414247267804 ], [ 110.481613551381002, -7.05565284772599 ], [ 110.482245729393583, -7.056264450411375 ], [ 110.482514669768804, -7.057101548501793 ], [ 110.482356858376491, -7.05796645551722 ], [ 110.481663400826577, -7.058755907648447 ], [ 110.478100816312732, -7.060703890279096 ], [ 110.478304625759435, -7.061995446016518 ], [ 110.47772656748306, -7.063632035831343 ], [ 110.477042711997285, -7.064429809590626 ], [ 110.476089145125357, -7.064711932928692 ], [ 110.476181233339673, -7.06571576813169 ], [ 110.475807937709206, -7.066511914079427 ], [ 110.475263409490864, -7.066961752832128 ], [ 110.474588010542789, -7.067169177120069 ], [ 110.473181280079416, -7.066824069665664 ], [ 110.472617113163679, -7.068205581820438 ], [ 110.472325745659504, -7.070113404142587 ], [ 110.47203031071804, -7.070754623780364 ], [ 110.471173674051258, -7.071395853405943 ], [ 110.469887477219743, -7.071425180452334 ], [ 110.468891200651541, -7.072991511310423 ], [ 110.467898157647895, -7.073336536418921 ], [ 110.466880591148055, -7.073072271679902 ], [ 110.466361279058859, -7.072593594097917 ], [ 110.466064867651909, -7.071952824593134 ], [ 110.466036482052274, -7.071247514893341 ], [ 110.466324946599897, -7.070473168161547 ], [ 110.465169354577782, -7.070026493088378 ], [ 110.462978852047371, -7.069589644524799 ], [ 110.462994190559399, -7.071101154774185 ], [ 110.46279985203239, -7.071779811455754 ], [ 110.457940845186513, -7.078653656977683 ], [ 110.457978550724519, -7.079744870000788 ], [ 110.457272334698828, -7.08073890591321 ], [ 110.456625307927439, -7.081022615316008 ], [ 110.455006533135645, -7.081177304781023 ], [ 110.449345555363323, -7.079991946202527 ], [ 110.449999832993072, -7.082888356965752 ], [ 110.450416847250708, -7.083382979188977 ], [ 110.452958737304925, -7.084321092326864 ], [ 110.453442878479166, -7.084835253612549 ], [ 110.45369319986078, -7.085495355094547 ], [ 110.453671591351721, -7.086200902618893 ], [ 110.453381341487599, -7.086844482846159 ], [ 110.452866637469981, -7.087328116031676 ], [ 110.452121569381077, -7.087588039268685 ], [ 110.452710269858599, -7.089851035323305 ], [ 110.452429282399635, -7.090684175918097 ], [ 110.45178831506631, -7.091286623515868 ], [ 110.450584835588529, -7.09148792966351 ], [ 110.449526692267099, -7.090880871633638 ], [ 110.447744474985726, -7.085829999872547 ], [ 110.447413136200908, -7.085436994969197 ], [ 110.446571251161103, -7.085248113623193 ], [ 110.445634408136527, -7.084614934536476 ], [ 110.434977482781576, -7.090010563319704 ], [ 110.43338526905336, -7.08982526028341 ], [ 110.430389374160811, -7.088039827298726 ], [ 110.427962260862529, -7.089558653418082 ], [ 110.427170942213053, -7.08979546965963 ], [ 110.423481174828467, -7.088998304256688 ], [ 110.422703479989579, -7.088660437672984 ], [ 110.420318668111349, -7.090848473772876 ], [ 110.420659190840766, -7.091519977627164 ], [ 110.420684070514369, -7.092337393807981 ], [ 110.420376764821796, -7.093041008942985 ], [ 110.41976000101414, -7.093578783011631 ], [ 110.418665771976762, -7.09377503838794 ], [ 110.416845817242375, -7.092876436250223 ], [ 110.413856974408418, -7.092726365040493 ], [ 110.41207488940924, -7.094101033851296 ], [ 110.413220781112329, -7.094324338337934 ], [ 110.41382114054791, -7.094696622835344 ], [ 110.414298627068277, -7.095435130942799 ], [ 110.414371229352795, -7.096311281320405 ], [ 110.414021799653867, -7.097118164509737 ], [ 110.413332857045489, -7.097665228118484 ], [ 110.412644806843403, -7.097826045853409 ], [ 110.411489996743413, -7.097671731388639 ], [ 110.411196535884883, -7.099148457039727 ], [ 110.41230815549207, -7.098802689588252 ], [ 110.413305672330324, -7.099134720624735 ], [ 110.413878809545793, -7.0998018956567 ], [ 110.414068667379496, -7.100625601961923 ], [ 110.415140047681021, -7.101087459295797 ], [ 110.415714403799825, -7.102162921862635 ], [ 110.415559286178635, -7.103201732555503 ], [ 110.414457642893595, -7.104383215606644 ], [ 110.414098256400848, -7.10572341442181 ], [ 110.413820025538513, -7.107360143782119 ], [ 110.4142985748841, -7.108204207085669 ], [ 110.414372508727183, -7.108906205238013 ], [ 110.413858112563332, -7.110011540929101 ], [ 110.413106230898379, -7.11046850994656 ], [ 110.412054789431906, -7.110475482532222 ], [ 110.411296900341029, -7.110028525695668 ], [ 110.41056916953471, -7.109018029369878 ], [ 110.409914913801131, -7.10942067475761 ], [ 110.409190786419245, -7.109516152385446 ], [ 110.409021143107395, -7.110333256960031 ], [ 110.408601620486991, -7.110901274841519 ], [ 110.407996419469157, -7.111265687348664 ], [ 110.407297677057798, -7.111371015516861 ], [ 110.406611771603281, -7.111201224010252 ], [ 110.406043126987726, -7.110782162401542 ], [ 110.405678314452842, -7.110177629600718 ], [ 110.405513572985541, -7.109320089434041 ], [ 110.399928581866945, -7.111369658029795 ], [ 110.400349079646887, -7.112330238603677 ], [ 110.400164583576469, -7.113364243697222 ], [ 110.399586669115976, -7.114027306076277 ], [ 110.398586769602943, -7.114352199562851 ], [ 110.397574681912005, -7.114067440727112 ], [ 110.395640834575076, -7.112259575753552 ], [ 110.390949386211574, -7.110748313864461 ], [ 110.388628015962169, -7.112628459553866 ], [ 110.387751404710912, -7.112706875425673 ], [ 110.386941297510774, -7.11236325777991 ], [ 110.386272368552767, -7.111343798450294 ], [ 110.386333267943172, -7.110295264341199 ], [ 110.386701915978946, -7.109693060761949 ], [ 110.388814829566243, -7.10780226564053 ], [ 110.387831081129661, -7.106763888473561 ], [ 110.386214936094987, -7.106814194764623 ], [ 110.383849279188013, -7.111736856650166 ], [ 110.38328702553315, -7.112413215416507 ], [ 110.382117270588523, -7.112760316645711 ], [ 110.380992595940214, -7.112287365984423 ], [ 110.380457250649613, -7.111383395652354 ], [ 110.380462330475737, -7.110504269384796 ], [ 110.383304788027999, -7.10450919136635 ], [ 110.383513577948008, -7.103041076408906 ], [ 110.377072159720854, -7.092070615546439 ], [ 110.374043571614123, -7.090334077905876 ], [ 110.372236017951195, -7.089031730554748 ], [ 110.371894511603372, -7.096835056384318 ], [ 110.372125367377734, -7.1019249481757 ], [ 110.373773885642336, -7.106372717455366 ], [ 110.373703666628145, -7.107249054814652 ], [ 110.373351533985215, -7.107861037818626 ], [ 110.372459718111656, -7.108417394523927 ], [ 110.371408764273411, -7.108385064795423 ], [ 110.370552911293416, -7.107774946132158 ], [ 110.36999649154545, -7.106526835640888 ], [ 110.368955305889315, -7.106711805463223 ], [ 110.367864168899871, -7.10616610215946 ], [ 110.367484839440934, -7.105570559250708 ], [ 110.367362539494636, -7.104875345212191 ], [ 110.368500868176355, -7.101953727988018 ], [ 110.368330775109811, -7.098202879559323 ], [ 110.363547964587127, -7.09676965481326 ], [ 110.362958540650709, -7.096380331559013 ], [ 110.362563132835731, -7.09579532311208 ], [ 110.36242980253347, -7.094926331953777 ], [ 110.362631661712143, -7.094249880393005 ], [ 110.363077298489912, -7.093702085697777 ], [ 110.363871056062564, -7.093322376483399 ], [ 110.364750272714929, -7.093361276302586 ], [ 110.368373830660801, -7.09444023131171 ], [ 110.368571649161794, -7.089920912752812 ], [ 110.367444100228198, -7.09073927391645 ], [ 110.36622401573068, -7.090757094078038 ], [ 110.3652695633387, -7.089997675877147 ], [ 110.365003145352873, -7.088868764976015 ], [ 110.363174032495237, -7.089481082563875 ], [ 110.362051594302642, -7.091143361484134 ], [ 110.361306502671454, -7.097412664933993 ], [ 110.362254179494684, -7.102602186247523 ], [ 110.362146595793845, -7.103474731290084 ], [ 110.361768648876009, -7.104071148685609 ], [ 110.361025173819712, -7.104541611080705 ], [ 110.360147470014013, -7.104606431243067 ], [ 110.359488140578932, -7.104352503024473 ], [ 110.358881172449898, -7.103715889891545 ], [ 110.358606780228243, -7.102851506742341 ], [ 110.35771816852241, -7.102390387007761 ], [ 110.357247499207531, -7.101647531542971 ], [ 110.357221948946361, -7.100597549799355 ], [ 110.357866428139118, -7.099242062863708 ], [ 110.357769917600379, -7.098378629291775 ], [ 110.352244674850127, -7.094192821806981 ], [ 110.350110910975573, -7.095892263465426 ], [ 110.34945515893682, -7.096155239252459 ], [ 110.34825017163908, -7.095963212026161 ], [ 110.347440658598686, -7.095051156426206 ], [ 110.347321055110115, -7.094180176737656 ], [ 110.347734015191534, -7.093214289682059 ], [ 110.351298832047235, -7.090336883053919 ], [ 110.359234996597721, -7.088844415239098 ], [ 110.359648409325786, -7.088232176338034 ], [ 110.3531841616946, -7.086126549753224 ], [ 110.350775164524379, -7.084675517139901 ], [ 110.34387367888317, -7.086362631140145 ], [ 110.34124833108848, -7.086295801417041 ], [ 110.337512234793664, -7.093120376877069 ], [ 110.338186597910749, -7.092260427462869 ], [ 110.339000313530207, -7.091925533461231 ], [ 110.339875982967342, -7.092013356082043 ], [ 110.340529060043778, -7.092425192653181 ], [ 110.341374346271706, -7.092183284572993 ], [ 110.342071642682825, -7.092297546776375 ], [ 110.343179484983651, -7.093067963621675 ], [ 110.344830125006979, -7.09507322108747 ], [ 110.346291542056065, -7.095930725385873 ], [ 110.34673357517633, -7.096883686705701 ], [ 110.346693340300703, -7.097588405161115 ], [ 110.346389868094732, -7.098218697283805 ], [ 110.346902433745257, -7.100118051377306 ], [ 110.346505157308911, -7.101090482302542 ], [ 110.345633991960099, -7.101678551885236 ], [ 110.344931135534395, -7.101751410822139 ], [ 110.342489490245825, -7.101288373423866 ], [ 110.342259821156134, -7.102109284240736 ], [ 110.341655333239089, -7.10274824175002 ], [ 110.340820690845831, -7.103027106878006 ], [ 110.339953002874068, -7.102880023059693 ], [ 110.339373766700461, -7.102475724675302 ], [ 110.338993510117561, -7.101880778513756 ], [ 110.338274208992246, -7.099336150457563 ], [ 110.337885974111359, -7.096772422032484 ], [ 110.33501923674153, -7.096521899494496 ], [ 110.333540229877059, -7.100312941122557 ], [ 110.332467466748483, -7.100893815225725 ], [ 110.331426535168362, -7.100745788845239 ], [ 110.330643362686246, -7.1000450244673 ], [ 110.330382965641803, -7.099205253997244 ], [ 110.331815932035511, -7.094714102280622 ], [ 110.331243978788962, -7.094405035649017 ], [ 110.327048597515756, -7.09493760758896 ], [ 110.328707049128596, -7.102289817810759 ], [ 110.328532519223089, -7.102973809915339 ], [ 110.327971386266086, -7.103651075871682 ], [ 110.327156900632602, -7.103984141775126 ], [ 110.326281410887049, -7.10389435102207 ], [ 110.325676822637888, -7.103528962272978 ], [ 110.325258237851131, -7.102960273129986 ], [ 110.322185516749329, -7.095340968458401 ], [ 110.318201198774062, -7.09296724296281 ], [ 110.317082279740958, -7.092888721474563 ], [ 110.315611360583645, -7.092245159749413 ], [ 110.315115487092029, -7.0934561754024 ], [ 110.314482029290161, -7.09406646902541 ], [ 110.313457676637597, -7.094303196132834 ], [ 110.3126202605727, -7.094032820546461 ], [ 110.312009317793439, -7.093400036780747 ], [ 110.311769126713486, -7.092554282506542 ], [ 110.312452454211211, -7.09036099026613 ], [ 110.310503102166365, -7.087968458001112 ], [ 110.310215454361227, -7.088451572409253 ], [ 110.309295872788979, -7.09554162130642 ], [ 110.310143706693779, -7.096521864815866 ], [ 110.310144912918048, -7.097740769032195 ], [ 110.309656690809604, -7.098472220291839 ], [ 110.308880939952786, -7.098887403344213 ], [ 110.306526577681723, -7.098726130077091 ] ], [ [ 110.420798743801811, -7.018033174149998 ], [ 110.421352505575825, -7.018110794340978 ], [ 110.421928904103922, -7.017513020814979 ], [ 110.420639598931871, -7.017430167379507 ], [ 110.420798743801811, -7.018033174149998 ] ], [ [ 110.414575476843766, -7.037580356459358 ], [ 110.408948861398073, -7.036552676648884 ], [ 110.407524600818078, -7.037111306059636 ], [ 110.4060868174154, -7.039292095443944 ], [ 110.402097765606598, -7.043765110648233 ], [ 110.401160489314847, -7.044240857730233 ], [ 110.400050586397313, -7.044084547950966 ], [ 110.3985012434851, -7.045930224121151 ], [ 110.397010429150285, -7.046868547970573 ], [ 110.396663731764548, -7.047289016582846 ], [ 110.3967302282323, -7.047506123710848 ], [ 110.399004522028463, -7.048383797639644 ], [ 110.401329475549275, -7.046320877105731 ], [ 110.402048099694852, -7.044100310304938 ], [ 110.402449082634902, -7.04351912427988 ], [ 110.403210330657942, -7.043078090304344 ], [ 110.404256717208028, -7.043091978600476 ], [ 110.405136301226364, -7.04264298507124 ], [ 110.406182303728258, -7.042748389400457 ], [ 110.410427061889493, -7.045017994764645 ], [ 110.411617245482702, -7.045095419097192 ], [ 110.410662923712707, -7.042263533604196 ], [ 110.41084373677559, -7.041403143640395 ], [ 110.411409170847421, -7.040729500133071 ], [ 110.412051045983716, -7.040434477096609 ], [ 110.412930982975396, -7.040443789297631 ], [ 110.413826944524814, -7.0409932646656 ], [ 110.414309048201474, -7.041853775286239 ], [ 110.416543882729584, -7.042025737548851 ], [ 110.417600989631694, -7.040884286256457 ], [ 110.416030320910522, -7.038151211634661 ], [ 110.414575476843766, -7.037580356459358 ] ], [ [ 110.419374243694676, -7.052169600342772 ], [ 110.418649920050399, -7.05316452163401 ], [ 110.419097807536502, -7.053335893086238 ], [ 110.420344134727884, -7.052646216695485 ], [ 110.419374243694676, -7.052169600342772 ] ], [ [ 110.418650508381972, -7.065456171504615 ], [ 110.419529257364928, -7.066422291749176 ], [ 110.420177881041639, -7.066489044550263 ], [ 110.4216521322098, -7.066321062172163 ], [ 110.422315592953183, -7.065670705873172 ], [ 110.423291153638019, -7.065438441409196 ], [ 110.42321255323742, -7.06525454061751 ], [ 110.420258879513014, -7.064181769647706 ], [ 110.418650508381972, -7.065456171504615 ] ], [ [ 110.419978477160839, -7.083563807645868 ], [ 110.420701150805712, -7.083796073907121 ], [ 110.428462859955872, -7.080412323827466 ], [ 110.428850109284426, -7.07951169180321 ], [ 110.426047981457486, -7.077092973392515 ], [ 110.424701650668254, -7.076360955429968 ], [ 110.424166019243501, -7.075799084198192 ], [ 110.423248859659722, -7.075942208217628 ], [ 110.422202806803483, -7.075586342748459 ], [ 110.421662273409666, -7.076408260349988 ], [ 110.419978477160839, -7.083563807645868 ] ], [ [ 110.418177651322083, -7.086785868073417 ], [ 110.416547855304188, -7.089238723341674 ], [ 110.419077056715821, -7.087074937818242 ], [ 110.418177651322083, -7.086785868073417 ] ], [ [ 110.394979020658084, -7.0253218557692 ], [ 110.394908683380862, -7.025275892550062 ], [ 110.394916020178343, -7.025358118672229 ], [ 110.394979020658084, -7.0253218557692 ] ], [ [ 110.3934746514729, -7.039435742870378 ], [ 110.397254808768068, -7.036145192954689 ], [ 110.397094823067192, -7.034938727267122 ], [ 110.398237469062366, -7.032020998196984 ], [ 110.397189299152259, -7.031639252655928 ], [ 110.396531281687658, -7.03056542542023 ], [ 110.395044311559445, -7.032205655216473 ], [ 110.393030730516116, -7.0352480830226 ], [ 110.3934746514729, -7.039435742870378 ] ], [ [ 110.39378815231224, -7.059087785251209 ], [ 110.390115482700551, -7.061806653185186 ], [ 110.389769112175543, -7.062294635098152 ], [ 110.390491818407824, -7.07079988556624 ], [ 110.395561092412564, -7.066853434414885 ], [ 110.394801808861757, -7.062831325654049 ], [ 110.394757051146954, -7.058835971303597 ], [ 110.39378815231224, -7.059087785251209 ] ], [ [ 110.389117688838965, -7.081695715252048 ], [ 110.394469134105734, -7.08408480486959 ], [ 110.396434411368119, -7.085904906265359 ], [ 110.398493176956251, -7.088410355255894 ], [ 110.399294540881812, -7.090121255031286 ], [ 110.399645023471365, -7.094255073189636 ], [ 110.39942114196576, -7.094958323866903 ], [ 110.39881563787813, -7.095596325087556 ], [ 110.398156898379696, -7.095851758671718 ], [ 110.397450447168026, -7.095835929281724 ], [ 110.393524714732365, -7.094222717926833 ], [ 110.391057258781714, -7.095203894845707 ], [ 110.391100062363535, -7.100263590862607 ], [ 110.39639367857724, -7.100410921291087 ], [ 110.397198172193612, -7.100767412705697 ], [ 110.397757291643956, -7.101502288477997 ], [ 110.397850776154129, -7.102588893922861 ], [ 110.396299679516815, -7.108192451371106 ], [ 110.396889209402815, -7.10863040360881 ], [ 110.405094115640651, -7.105619391887759 ], [ 110.405074622437297, -7.104286971343048 ], [ 110.405649381036156, -7.102280685800659 ], [ 110.401435060398526, -7.10228993735553 ], [ 110.40044011061299, -7.101584241918377 ], [ 110.40011413639472, -7.100585691917333 ], [ 110.400398465101716, -7.099574522743718 ], [ 110.401197257821167, -7.09889155871128 ], [ 110.404522590597651, -7.098685043277044 ], [ 110.404641837611223, -7.098414455337959 ], [ 110.403534062022203, -7.097755149403707 ], [ 110.40307355066075, -7.096810947069662 ], [ 110.403215785307651, -7.095770300528853 ], [ 110.403912820923864, -7.094983970164839 ], [ 110.404575343402868, -7.09473849483295 ], [ 110.405281474390875, -7.094764968956819 ], [ 110.408115807556698, -7.096025932579618 ], [ 110.407963538809781, -7.094617744276027 ], [ 110.406925645967689, -7.094226670549306 ], [ 110.405829756262932, -7.093261333589661 ], [ 110.405452814771138, -7.092560546400681 ], [ 110.405479768576683, -7.089560845504617 ], [ 110.404742754027481, -7.08328121639611 ], [ 110.402401921092249, -7.080614367101304 ], [ 110.398526864637958, -7.080946184555156 ], [ 110.397530491590686, -7.080242560969523 ], [ 110.397202450750029, -7.079244691140077 ], [ 110.397587245080231, -7.07808796226032 ], [ 110.398619273873621, -7.077437655045514 ], [ 110.403463748633342, -7.076919083768148 ], [ 110.404487012962335, -7.077394195008936 ], [ 110.405429568869607, -7.078586149273641 ], [ 110.405785163330535, -7.077686147813421 ], [ 110.405951502365156, -7.076434948632249 ], [ 110.405661731190762, -7.072231999650288 ], [ 110.406171653685519, -7.067870164851043 ], [ 110.406778736568668, -7.066812817611583 ], [ 110.407953207885484, -7.066381222461009 ], [ 110.407260776340209, -7.065347006676173 ], [ 110.407421552513398, -7.064077100745873 ], [ 110.406574738120383, -7.063972161851575 ], [ 110.405852445985275, -7.063469927813852 ], [ 110.405048005034928, -7.062397570439401 ], [ 110.40495608754614, -7.061351289170513 ], [ 110.405340785089507, -7.060560592192398 ], [ 110.406157562687866, -7.060008350760016 ], [ 110.406912267171464, -7.059036431240374 ], [ 110.407921246637315, -7.058741274727681 ], [ 110.409204091885627, -7.059061954328025 ], [ 110.40954974432276, -7.058505643691542 ], [ 110.410157443890711, -7.058071646135917 ], [ 110.409826978419531, -7.056461936613333 ], [ 110.408176000178941, -7.055718983093351 ], [ 110.407460305178034, -7.054731775484161 ], [ 110.40753396075506, -7.053515068493314 ], [ 110.408373336694027, -7.052616719305699 ], [ 110.408505765632512, -7.052163616036143 ], [ 110.407765066351914, -7.052350037294281 ], [ 110.406905082725729, -7.052163559782237 ], [ 110.40623463733175, -7.051594103202278 ], [ 110.405943694532766, -7.05095085058926 ], [ 110.406084381497209, -7.049740050943153 ], [ 110.407657898274294, -7.047638704218828 ], [ 110.405141824821854, -7.046287531141204 ], [ 110.40434702794272, -7.048436119664762 ], [ 110.402012164787223, -7.050554340768143 ], [ 110.402434430561684, -7.051685836497961 ], [ 110.402145488516908, -7.052695693877373 ], [ 110.401503047472062, -7.053296506783187 ], [ 110.400700180676665, -7.053520747637759 ], [ 110.40266999289237, -7.054169292988132 ], [ 110.403410254053071, -7.055138250230028 ], [ 110.403489190471404, -7.055839703873517 ], [ 110.403293418455519, -7.056517940373253 ], [ 110.402337677741968, -7.057372408732703 ], [ 110.402470061328202, -7.058071921488697 ], [ 110.402246334898024, -7.058922182683698 ], [ 110.4014943362629, -7.059656182780647 ], [ 110.400638262068668, -7.059859877019301 ], [ 110.398380853556333, -7.059044691868944 ], [ 110.39840781671144, -7.062031424459087 ], [ 110.400114308948773, -7.064323022316413 ], [ 110.401461143626889, -7.064619281854764 ], [ 110.402633423174009, -7.065287692292071 ], [ 110.403132412200492, -7.06578745866855 ], [ 110.403401973718061, -7.066439945014658 ], [ 110.403386501213774, -7.067212022611311 ], [ 110.402979697111959, -7.067991601359155 ], [ 110.40231626085891, -7.068462873298523 ], [ 110.401316445544097, -7.068677076870343 ], [ 110.401525974828559, -7.071856400831428 ], [ 110.401367607086016, -7.072544314853424 ], [ 110.400521700460246, -7.073422773672973 ], [ 110.3993099452465, -7.073565740249056 ], [ 110.39828245810628, -7.072908310578865 ], [ 110.39789218421879, -7.071679405850708 ], [ 110.389368576240187, -7.079502491494456 ], [ 110.389117688838965, -7.081695715252048 ] ], [ [ 110.390375219219365, -7.087095909392627 ], [ 110.390766983551629, -7.091425022135402 ], [ 110.39482359466929, -7.089771984417839 ], [ 110.392463948295799, -7.087226915769199 ], [ 110.390375219219365, -7.087095909392627 ] ], [ [ 110.393522976645073, -7.104385355075952 ], [ 110.393657255183271, -7.103944437752554 ], [ 110.391954788146762, -7.103903411154372 ], [ 110.393522976645073, -7.104385355075952 ] ], [ [ 110.369661244107022, -6.977241848032788 ], [ 110.368756018221703, -6.979426655232353 ], [ 110.367849341868578, -6.979958082221041 ], [ 110.36675367058028, -6.979879584685054 ], [ 110.365788673040882, -6.981684082125053 ], [ 110.367608451924951, -6.981096636082713 ], [ 110.368451090756778, -6.981110111187051 ], [ 110.373465951353097, -6.983795031685307 ], [ 110.374743702235875, -6.983902698578975 ], [ 110.375297082914628, -6.983125499114977 ], [ 110.374952060765608, -6.979528645605606 ], [ 110.370390165967763, -6.974029212318921 ], [ 110.369661244107022, -6.977241848032788 ] ], [ [ 110.372817209926936, -7.00374479430945 ], [ 110.37420166596381, -7.007052220102143 ], [ 110.375732111224664, -7.006790958804404 ], [ 110.372817209926936, -7.00374479430945 ] ], [ [ 110.376949327589031, -7.014704258371187 ], [ 110.377249307410239, -7.015896844803347 ], [ 110.377764078048941, -7.016334813848387 ], [ 110.378172132564345, -7.014321506045867 ], [ 110.377637790275458, -7.013773579452553 ], [ 110.377153106113354, -7.014113484658565 ], [ 110.376949327589031, -7.014704258371187 ] ], [ [ 110.379542014603288, -7.026620294969084 ], [ 110.3767835958337, -7.026265516377214 ], [ 110.374727705285096, -7.024628640010799 ], [ 110.374043853160373, -7.025273732036337 ], [ 110.37323932559309, -7.025611682345583 ], [ 110.374588342707369, -7.02766738678682 ], [ 110.374552229144555, -7.031486341680298 ], [ 110.375109858821148, -7.032515741906767 ], [ 110.374983733091526, -7.033558454251071 ], [ 110.374403415714283, -7.034283778812801 ], [ 110.373464142966498, -7.034633248631588 ], [ 110.372714395396187, -7.034531986308045 ], [ 110.371558917866579, -7.033897789403886 ], [ 110.3674165492626, -7.039719886228062 ], [ 110.372346175576865, -7.045132084762963 ], [ 110.374345554561202, -7.045581450581839 ], [ 110.374963613377929, -7.046207254576052 ], [ 110.375213407106557, -7.047050234369872 ], [ 110.375035943175902, -7.047911314402961 ], [ 110.374473129109219, -7.048587143599375 ], [ 110.373657877447499, -7.04891811876984 ], [ 110.372532890875959, -7.048822517676021 ], [ 110.372547493694526, -7.050126828368904 ], [ 110.373112381841992, -7.050781927400732 ], [ 110.373302649630133, -7.051461720949286 ], [ 110.373218034325546, -7.052162509600691 ], [ 110.372871416733346, -7.052777604399717 ], [ 110.365916592013832, -7.05827389214508 ], [ 110.368962601067437, -7.063913915120678 ], [ 110.369932733145077, -7.063554262151775 ], [ 110.370798443799657, -7.063712173657488 ], [ 110.371487420258759, -7.064259122163581 ], [ 110.371836955886636, -7.065065942770087 ], [ 110.371837139726154, -7.067235716420453 ], [ 110.371336217249137, -7.070606401265638 ], [ 110.367483311670497, -7.075893964501534 ], [ 110.366030305222196, -7.07864890650597 ], [ 110.37062050676478, -7.080295694848362 ], [ 110.373895767446371, -7.078247880038461 ], [ 110.374963542325062, -7.077996197707961 ], [ 110.374998770165391, -7.076877334987079 ], [ 110.375776950808756, -7.075938477984378 ], [ 110.376974709810682, -7.075705892781532 ], [ 110.377961784830688, -7.076197990733737 ], [ 110.379282047648275, -7.075314573225049 ], [ 110.381273539401946, -7.073467597341545 ], [ 110.378492845751452, -7.067788358025763 ], [ 110.374031622081731, -7.062304885523861 ], [ 110.373826345776209, -7.061274803211705 ], [ 110.374228518627106, -7.060304389328287 ], [ 110.375274960187653, -7.059677564735581 ], [ 110.376481919793974, -7.059856215051495 ], [ 110.379556784296611, -7.06338086740902 ], [ 110.379539408778115, -7.061850765841539 ], [ 110.380482341617451, -7.05903890193016 ], [ 110.381064579414655, -7.058316605267088 ], [ 110.381829858464485, -7.057991599565985 ], [ 110.385299526198978, -7.057494458422108 ], [ 110.385190728438445, -7.056713899393545 ], [ 110.38538625891519, -7.056035595772262 ], [ 110.385826736465916, -7.055483676983388 ], [ 110.386616859067004, -7.055096599741798 ], [ 110.38749633158362, -7.055127321077301 ], [ 110.390113143334673, -7.056157741051568 ], [ 110.388828031351636, -7.053635558616504 ], [ 110.387999517070483, -7.052760483629377 ], [ 110.387867483179008, -7.050499875720669 ], [ 110.380148416087209, -7.048637023940333 ], [ 110.37941211411929, -7.048155565167985 ], [ 110.379043132233207, -7.04755359536637 ], [ 110.378932824954731, -7.046856381201354 ], [ 110.379180262029521, -7.046012707338376 ], [ 110.379796569721478, -7.045385181164327 ], [ 110.380636202512619, -7.045121996612682 ], [ 110.388165755059575, -7.046850257286354 ], [ 110.38870785892918, -7.045377070831317 ], [ 110.387476573756373, -7.038762840325338 ], [ 110.387741725118786, -7.038108560819358 ], [ 110.388237311393354, -7.037605457758569 ], [ 110.388887884144239, -7.037330123452193 ], [ 110.389609372784903, -7.037328094568056 ], [ 110.389374998725984, -7.035116992223124 ], [ 110.387681128882079, -7.028607097516022 ], [ 110.384353000783548, -7.030145258842201 ], [ 110.383348594861062, -7.030216140639395 ], [ 110.382451416055744, -7.031027484572395 ], [ 110.381405390337335, -7.031132354561049 ], [ 110.379979437285968, -7.030490274203571 ], [ 110.379387297815114, -7.029839954122403 ], [ 110.379206068850365, -7.028634551642001 ], [ 110.379923736294103, -7.027278453184882 ], [ 110.379542014603288, -7.026620294969084 ] ], [ [ 110.377752822358445, -7.084826432864155 ], [ 110.378710028083773, -7.085260947403635 ], [ 110.379299969374571, -7.086319509765315 ], [ 110.380175908806265, -7.086558887727314 ], [ 110.380809391659227, -7.087169162210476 ], [ 110.381069102079707, -7.088360155289363 ], [ 110.380370529061807, -7.090536620712419 ], [ 110.386728072688186, -7.101364090274605 ], [ 110.387280278370554, -7.101701713493991 ], [ 110.387485623437669, -7.10118408517114 ], [ 110.387425676537688, -7.094091378158168 ], [ 110.386889005346504, -7.089386648099355 ], [ 110.385539203682114, -7.085448400912983 ], [ 110.385435194753185, -7.084446088001978 ], [ 110.380543849946079, -7.083844922564815 ], [ 110.376592719444375, -7.081400235723763 ], [ 110.37675268022376, -7.084693782045683 ], [ 110.377752822358445, -7.084826432864155 ] ], [ [ 110.335174099516635, -6.994860988914016 ], [ 110.338003202241495, -6.995368305739164 ], [ 110.338402055229651, -6.994311405240262 ], [ 110.331708090995448, -6.993549123264232 ], [ 110.335174099516635, -6.994860988914016 ] ], [ [ 110.333518392603608, -6.999550383242028 ], [ 110.333018570013436, -6.998867605700643 ], [ 110.329975426220017, -7.002841172607482 ], [ 110.328014070255108, -7.008702002309713 ], [ 110.331587138918579, -7.010509320058485 ], [ 110.332953209740822, -7.01006212238239 ], [ 110.334177631226027, -7.010669348641134 ], [ 110.334615050297316, -7.01025752949193 ], [ 110.334804844695043, -7.008945707324769 ], [ 110.335268879562008, -7.008413451239486 ], [ 110.335892640457303, -7.00810199442287 ], [ 110.336250486449487, -7.007185380699441 ], [ 110.335631416119838, -7.006577747444893 ], [ 110.334898382575432, -7.004993476267821 ], [ 110.334852117592149, -7.003748471070382 ], [ 110.335515043648158, -7.002645922433179 ], [ 110.336441032377834, -7.002202659450424 ], [ 110.337310680400051, -7.001325300547028 ], [ 110.336824058914587, -7.000380145730079 ], [ 110.336103511937466, -7.000687641273335 ], [ 110.335296532304923, -7.000655684699476 ], [ 110.333518392603608, -6.999550383242028 ] ], [ [ 110.343392202637716, -7.003200429521537 ], [ 110.34322915880378, -7.004529240846932 ], [ 110.342633974405871, -7.005176743231085 ], [ 110.341803569789036, -7.005467465333965 ], [ 110.340806660208571, -7.005271522802656 ], [ 110.340282738612856, -7.007553776322666 ], [ 110.339525172014078, -7.008802095025154 ], [ 110.340058205726791, -7.012816909575164 ], [ 110.341200077388592, -7.012674647861986 ], [ 110.342221043170866, -7.013281469508859 ], [ 110.3431563739951, -7.007502526961542 ], [ 110.345593035702251, -7.004182080392586 ], [ 110.346773235072362, -7.001886132818888 ], [ 110.345685907861906, -7.000140356570221 ], [ 110.345324629717268, -6.999958074899783 ], [ 110.344833353890394, -7.000161853829892 ], [ 110.343392202637716, -7.003200429521537 ] ], [ [ 110.348680832873271, -7.00607983788289 ], [ 110.347237522697839, -7.008075532803828 ], [ 110.349021477917816, -7.009883385092937 ], [ 110.352039690926063, -7.006077144882156 ], [ 110.353237065610912, -7.005843536134811 ], [ 110.35390141644055, -7.006083661814955 ], [ 110.354423224832573, -7.006559521563495 ], [ 110.354757105779669, -7.007372914056556 ], [ 110.35459922074935, -7.008411295932863 ], [ 110.351816432148098, -7.012190881690572 ], [ 110.353448696730965, -7.013255199781976 ], [ 110.354788868747946, -7.013644258462652 ], [ 110.363169579563518, -7.007404205007515 ], [ 110.363544170127966, -7.006301738309024 ], [ 110.364520090356265, -7.005657756353215 ], [ 110.362280664903551, -7.001825451297469 ], [ 110.361241831639845, -7.001984607704864 ], [ 110.360390718637149, -7.001761552127953 ], [ 110.359745344562342, -7.001163970132185 ], [ 110.359461570816947, -7.0003581542681 ], [ 110.35844442878961, -6.999659347215885 ], [ 110.358219462838619, -7.000403428138319 ], [ 110.357716584665653, -7.000972027875525 ], [ 110.357852085334429, -7.001672725921131 ], [ 110.357692696231837, -7.002847379153607 ], [ 110.356860437017005, -7.004396599132967 ], [ 110.356355878515771, -7.004890678929454 ], [ 110.355169530501101, -7.005174945984828 ], [ 110.354495563056176, -7.004963259112569 ], [ 110.35389340267065, -7.004426648323361 ], [ 110.352738450912923, -7.004458393866562 ], [ 110.351867188828393, -7.003899714680571 ], [ 110.350674510866725, -7.004166002538647 ], [ 110.349766935973051, -7.003981877593874 ], [ 110.348680832873271, -7.00607983788289 ] ], [ [ 110.34810314190247, -7.014081576756687 ], [ 110.346071627220056, -7.012047563673126 ], [ 110.345195121002178, -7.017811316575283 ], [ 110.353532528541521, -7.019207686849904 ], [ 110.3541841267065, -7.018084604470182 ], [ 110.34810314190247, -7.014081576756687 ] ], [ [ 110.355249045331306, -7.022722559474779 ], [ 110.352367809793947, -7.024135834231592 ], [ 110.353053000281662, -7.024695614521409 ], [ 110.353389994588497, -7.025507728856891 ], [ 110.353304016972501, -7.026382661864769 ], [ 110.352936158220501, -7.026993039199559 ], [ 110.35708873944381, -7.030688632016537 ], [ 110.357277640919833, -7.031721832045548 ], [ 110.356738768513111, -7.032815415114706 ], [ 110.355976997423255, -7.033255502728526 ], [ 110.355272871615725, -7.033313664246879 ], [ 110.354449099205354, -7.033004544332447 ], [ 110.352837922641768, -7.031652123596981 ], [ 110.350118980727771, -7.031914746272328 ], [ 110.346698647391207, -7.033823896325227 ], [ 110.345824287021031, -7.033922944388388 ], [ 110.344578873045108, -7.033601411930045 ], [ 110.343930172987001, -7.034206915219193 ], [ 110.347332509940202, -7.035885148367675 ], [ 110.348027120845401, -7.036673526513191 ], [ 110.348186241424088, -7.037538172368135 ], [ 110.347918595895422, -7.038375659883427 ], [ 110.347287389107194, -7.038988209351106 ], [ 110.346477612938756, -7.039228152211089 ], [ 110.347397882517953, -7.039642660091771 ], [ 110.347907506695634, -7.040359361281906 ], [ 110.347989116796654, -7.041406484574204 ], [ 110.347533971935249, -7.042259691060051 ], [ 110.351223407117743, -7.04401621230159 ], [ 110.352234256142651, -7.040661162132808 ], [ 110.350511358323317, -7.040131716009561 ], [ 110.349850306495384, -7.03955143560065 ], [ 110.349535642288984, -7.038373753858295 ], [ 110.350040224711051, -7.03726396179065 ], [ 110.350621563817342, -7.036862801351658 ], [ 110.351312313185232, -7.036714435147641 ], [ 110.35411949337805, -7.037437125156232 ], [ 110.35487138147775, -7.037118981395976 ], [ 110.355577685637002, -7.037136987319187 ], [ 110.360783258725462, -7.039410222607933 ], [ 110.36121889169614, -7.039132123068487 ], [ 110.360943236092126, -7.036470144387071 ], [ 110.361943719162738, -7.033421957046132 ], [ 110.362552102853371, -7.032565403952232 ], [ 110.363534274666549, -7.03219088784097 ], [ 110.364559185824589, -7.032424642497701 ], [ 110.365281381989533, -7.033187879421693 ], [ 110.36545743865274, -7.034223343074069 ], [ 110.364747060738438, -7.036456004560932 ], [ 110.365396021466026, -7.036399222384824 ], [ 110.370480002802935, -7.029094377469782 ], [ 110.36971899096153, -7.029256997364898 ], [ 110.368867286083272, -7.029036012372606 ], [ 110.368130386152473, -7.028286940543282 ], [ 110.367942384233515, -7.027179077724905 ], [ 110.366985313209511, -7.027242035797298 ], [ 110.366062320871137, -7.026739263144707 ], [ 110.365549851782689, -7.025633085106247 ], [ 110.365918333025022, -7.024042897367793 ], [ 110.366880939138838, -7.022495320290554 ], [ 110.367399893645768, -7.022016333887746 ], [ 110.368651320637838, -7.021776016826444 ], [ 110.369739084653204, -7.022404815447989 ], [ 110.370211675995705, -7.022200273646202 ], [ 110.370596742111701, -7.021472263339811 ], [ 110.371216929855464, -7.021011510263879 ], [ 110.372015133468977, -7.020851837824966 ], [ 110.372765733646077, -7.021029451556529 ], [ 110.373454729203942, -7.019520409041706 ], [ 110.372918416897122, -7.018415263264287 ], [ 110.372172114384199, -7.018313163771245 ], [ 110.371442603070236, -7.017821567941866 ], [ 110.370976443784258, -7.016600190268771 ], [ 110.369559364820631, -7.016368812235526 ], [ 110.359158645206918, -7.01873618137814 ], [ 110.357890860773026, -7.018810487140563 ], [ 110.357550860316792, -7.019460126449282 ], [ 110.3577119230211, -7.019630684234113 ], [ 110.359497292325415, -7.020367946432263 ], [ 110.364848038358119, -7.024754824815964 ], [ 110.365432118654482, -7.025628094697403 ], [ 110.365432155260777, -7.026678391598654 ], [ 110.364705406736988, -7.027657463369914 ], [ 110.364052674972115, -7.02792760844876 ], [ 110.363346153648905, -7.027927630175468 ], [ 110.361895285987117, -7.027014436639642 ], [ 110.3619089119927, -7.027747305180895 ], [ 110.361644628885159, -7.028401929430871 ], [ 110.361149716304141, -7.028905679652569 ], [ 110.36049952028695, -7.029181863870335 ], [ 110.359452398048106, -7.02908865171665 ], [ 110.358540813710846, -7.02827851623098 ], [ 110.356905153711523, -7.023182706648281 ], [ 110.355249045331306, -7.022722559474779 ] ], [ [ 110.343786421049217, -7.044397174686376 ], [ 110.343367203829501, -7.043828985226765 ], [ 110.343197769806523, -7.043066984042631 ], [ 110.339124427821318, -7.04340875764036 ], [ 110.339595980339979, -7.044052974555333 ], [ 110.339736852814809, -7.044920772913799 ], [ 110.339347699591457, -7.04589645823319 ], [ 110.338341936826055, -7.04652866155336 ], [ 110.33864835614915, -7.049223856155495 ], [ 110.340160688925152, -7.048616695882051 ], [ 110.341040032694039, -7.048650378997728 ], [ 110.341920403419905, -7.049224454009388 ], [ 110.342333158042322, -7.050190412626375 ], [ 110.342213416045325, -7.051061372502998 ], [ 110.341827223593057, -7.051652465379648 ], [ 110.339961312160526, -7.052597939294728 ], [ 110.34115935839867, -7.052379885275772 ], [ 110.342137199732903, -7.052765640823559 ], [ 110.34600524301247, -7.057264125380238 ], [ 110.346957424126401, -7.057930591173842 ], [ 110.353092897022051, -7.05657167333986 ], [ 110.355380409339205, -7.053981755229387 ], [ 110.355863599979529, -7.053074514933242 ], [ 110.351251421435265, -7.048037532768712 ], [ 110.343786421049217, -7.044397174686376 ] ], [ [ 110.353593336244373, -7.060162074447731 ], [ 110.349516417926097, -7.060987802572599 ], [ 110.348321743206427, -7.068873242254574 ], [ 110.349530882264517, -7.069460220456236 ], [ 110.351398237252269, -7.068296849901747 ], [ 110.353593336244373, -7.060162074447731 ] ], [ [ 110.344173014729151, -7.072611643317487 ], [ 110.343309458680736, -7.073762382139901 ], [ 110.342107642655549, -7.073972974890609 ], [ 110.336255142750218, -7.071156758236934 ], [ 110.336222485351769, -7.072297495166127 ], [ 110.338132495638334, -7.072435478075157 ], [ 110.339094800781297, -7.073201059364796 ], [ 110.339340644543896, -7.073862820336575 ], [ 110.339337211770697, -7.074885885098704 ], [ 110.342139487709986, -7.081151440280418 ], [ 110.350691235696516, -7.080904925447287 ], [ 110.352901479143199, -7.07497205582523 ], [ 110.351325620113684, -7.074636658182681 ], [ 110.346225086698453, -7.071878137834248 ], [ 110.344173014729151, -7.072611643317487 ] ], [ [ 110.307715382101463, -7.005739747772202 ], [ 110.306920255726752, -7.009230999333484 ], [ 110.313309546825153, -7.008497441530832 ], [ 110.313945447973921, -7.006104474631663 ], [ 110.307715382101463, -7.005739747772202 ] ], [ [ 110.315554455485753, -7.01921555907286 ], [ 110.319479554112036, -7.018501517177814 ], [ 110.326940083103651, -7.017960786216773 ], [ 110.329365486128282, -7.013440967175554 ], [ 110.324116429956291, -7.010606378589022 ], [ 110.324170594795504, -7.012497211554907 ], [ 110.323677733972829, -7.013225496795093 ], [ 110.323069771462556, -7.013585057362438 ], [ 110.322370366086801, -7.013684797583847 ], [ 110.321685997118152, -7.013509532862655 ], [ 110.321008883553105, -7.0129480948495 ], [ 110.320650555165571, -7.011951589718217 ], [ 110.319856400055642, -7.011936646289536 ], [ 110.319343885502235, -7.012600973617613 ], [ 110.315838280328606, -7.015110055937918 ], [ 110.315554455485753, -7.01921555907286 ] ], [ [ 110.31395617470865, -7.025077304794981 ], [ 110.315137332079871, -7.028231972931385 ], [ 110.317742470331908, -7.023112004965811 ], [ 110.317766014141384, -7.022541398937298 ], [ 110.312972133739891, -7.023531972524976 ], [ 110.31395617470865, -7.025077304794981 ] ], [ [ 110.314240134178377, -7.038660885824426 ], [ 110.313695224421053, -7.039220556583325 ], [ 110.313040513119887, -7.039485897796689 ], [ 110.307145970655412, -7.040031125881045 ], [ 110.313816936118798, -7.045326129802788 ], [ 110.314164011650718, -7.044653128072115 ], [ 110.314869928972385, -7.044128237013417 ], [ 110.315740161600218, -7.043997770363978 ], [ 110.316569199723034, -7.044292538686731 ], [ 110.317069644994888, -7.044790810976887 ], [ 110.317367505707836, -7.045618049464256 ], [ 110.316970544473435, -7.047410468193714 ], [ 110.31829773487091, -7.048094615290291 ], [ 110.319440841826847, -7.048051246827736 ], [ 110.317463111660288, -7.043101838617821 ], [ 110.316175229953913, -7.042925085425585 ], [ 110.315369152259379, -7.042010088015574 ], [ 110.315009357606655, -7.037956360509368 ], [ 110.314787753979942, -7.037564888918155 ], [ 110.314240134178377, -7.038660885824426 ] ], [ [ 110.334260265400161, -7.049685437989514 ], [ 110.334998702306919, -7.049182384534141 ], [ 110.334455358902673, -7.043816565913924 ], [ 110.331789709705205, -7.042915618891514 ], [ 110.330788303153625, -7.043962283196097 ], [ 110.331393661627686, -7.044555029571147 ], [ 110.331653455375573, -7.045283841123616 ], [ 110.331564568062831, -7.046929346151845 ], [ 110.33125982192783, -7.047668550721466 ], [ 110.330748158858611, -7.048155325875728 ], [ 110.330088981713644, -7.048409431173227 ], [ 110.327614950880758, -7.048383777012042 ], [ 110.327587758279506, -7.049159076295843 ], [ 110.328027528202895, -7.049971647026013 ], [ 110.32921189676226, -7.050716140590463 ], [ 110.332425002225733, -7.051638719521296 ], [ 110.332613012978953, -7.051646210167365 ], [ 110.334260265400161, -7.049685437989514 ] ], [ [ 110.332975051327566, -7.079842429017923 ], [ 110.332471381200818, -7.080756710328766 ], [ 110.331879736424114, -7.081142619419163 ], [ 110.328275569582345, -7.08180932763991 ], [ 110.327002117587469, -7.084041870397328 ], [ 110.328285878450856, -7.084351774192648 ], [ 110.328138169077874, -7.083511250974913 ], [ 110.328321186806505, -7.082829477636292 ], [ 110.328890674971774, -7.082159227673785 ], [ 110.329534347483914, -7.081868040378377 ], [ 110.330414277738953, -7.081882596346814 ], [ 110.332268656284313, -7.082570905781507 ], [ 110.333330958666323, -7.082463186771105 ], [ 110.333456172480084, -7.079955531221331 ], [ 110.332975051327566, -7.079842429017923 ] ], [ [ 110.337205301094585, -7.086140288920729 ], [ 110.336537996349676, -7.086073023951192 ], [ 110.336079346977058, -7.088197008764417 ], [ 110.337205301094585, -7.086140288920729 ] ], [ [ 110.294518125537266, -7.024329804513082 ], [ 110.291690793715588, -7.023556921318246 ], [ 110.293121903390258, -7.025434476831927 ], [ 110.294721523828386, -7.025589732890638 ], [ 110.294518125537266, -7.024329804513082 ] ], [ [ 110.298274529912277, -7.024875932148099 ], [ 110.2985565573223, -7.026622828772008 ], [ 110.300489088518319, -7.025093873507427 ], [ 110.298274529912277, -7.024875932148099 ] ], [ [ 110.316780928437453, -7.060092835542483 ], [ 110.316196337190192, -7.059381413878289 ], [ 110.315757603667876, -7.05780776722358 ], [ 110.314915709980411, -7.059180851113553 ], [ 110.316780928437453, -7.060092835542483 ] ], [ [ 110.316796412112168, -7.064322636062153 ], [ 110.317401349504038, -7.06496111733616 ], [ 110.317621022637084, -7.065631997154904 ], [ 110.317510741999129, -7.066504198549948 ], [ 110.317005754751705, -7.067217845848336 ], [ 110.318750259605196, -7.067677139411654 ], [ 110.319762079441844, -7.065640273503148 ], [ 110.313346914069527, -7.062442365565035 ], [ 110.31330635107652, -7.063567285070457 ], [ 110.316796412112168, -7.064322636062153 ] ], [ [ 110.312839328442351, -7.070657595829897 ], [ 110.312424629329897, -7.072434287617573 ], [ 110.315750669552102, -7.071651133914985 ], [ 110.312839328442351, -7.070657595829897 ] ], [ [ 110.316832412509996, -7.075283189643417 ], [ 110.319378111932011, -7.075784997822871 ], [ 110.326869420330794, -7.078163030071298 ], [ 110.332551485788898, -7.073962696536307 ], [ 110.332658699909189, -7.070218697065682 ], [ 110.330209352712117, -7.070989878118404 ], [ 110.325623243638347, -7.073035361481681 ], [ 110.31210952273841, -7.076225737797254 ], [ 110.316832412509996, -7.075283189643417 ] ], [ [ 110.314905850942651, -7.084480773463956 ], [ 110.315125274012971, -7.084242916077772 ], [ 110.315420351986248, -7.080257342242877 ], [ 110.310954985559647, -7.080900327841098 ], [ 110.311789897876622, -7.083261823789693 ], [ 110.312374820794389, -7.084258512029705 ], [ 110.314905850942651, -7.084480773463956 ] ], [ [ 110.300139969617462, -7.048084685744869 ], [ 110.299427723363195, -7.047996492492266 ], [ 110.299453185569206, -7.049197957748446 ], [ 110.300490743895352, -7.049036177877091 ], [ 110.300139969617462, -7.048084685744869 ] ], [ [ 110.307059435812107, -7.049456316947846 ], [ 110.306907238731114, -7.049194322185294 ], [ 110.306739048212307, -7.049137493988511 ], [ 110.307059435812107, -7.049456316947846 ] ], [ [ 110.310529389051297, -7.059187514970771 ], [ 110.311360116841939, -7.058019957452157 ], [ 110.311148774260147, -7.057628783174764 ], [ 110.309334214232649, -7.058310378567102 ], [ 110.310529389051297, -7.059187514970771 ] ], [ [ 110.302047934198043, -7.061724180282844 ], [ 110.301575379693304, -7.061835857761498 ], [ 110.301111282744913, -7.061944980137753 ], [ 110.301269208165124, -7.062083877176635 ], [ 110.302047934198043, -7.061724180282844 ] ], [ [ 110.308357153903927, -7.054811970580901 ], [ 110.306684019323512, -7.054130141537279 ], [ 110.306775683874619, -7.055388959884402 ], [ 110.308357153903927, -7.054811970580901 ] ], [ [ 110.300908272964151, -7.057677421621993 ], [ 110.300811543370997, -7.057549393917408 ], [ 110.300727770432047, -7.057535249219719 ], [ 110.300908272964151, -7.057677421621993 ] ], [ [ 110.295080460961813, -7.040276884749415 ], [ 110.294404781394178, -7.040289728760599 ], [ 110.294599372435826, -7.041383083265259 ], [ 110.295387154528768, -7.042768999351959 ], [ 110.295080460961813, -7.040276884749415 ] ], [ [ 110.285715265321599, -7.031384011619041 ], [ 110.286151296235218, -7.030620404659363 ], [ 110.2868961370189, -7.030152314453368 ], [ 110.287773889085884, -7.030090283143309 ], [ 110.288577266891934, -7.030448959952754 ], [ 110.289116548042031, -7.031143641604077 ], [ 110.291285525348115, -7.036072139662965 ], [ 110.292359895001638, -7.035220683936374 ], [ 110.293683872253879, -7.035347961197024 ], [ 110.293702395188618, -7.031196393719173 ], [ 110.29469975461717, -7.029222762393818 ], [ 110.291742529726292, -7.028918978764849 ], [ 110.287016136714257, -7.02740606327299 ], [ 110.281405846392857, -7.029916959809203 ], [ 110.283913975358402, -7.033430324460395 ], [ 110.284257955926961, -7.034239289294777 ], [ 110.287502116338928, -7.036464553825204 ], [ 110.285737894653096, -7.032434047852249 ], [ 110.285715265321599, -7.031384011619041 ] ], [ [ 110.299824940826483, -7.031342009394218 ], [ 110.29943808009493, -7.033852423750659 ], [ 110.30013764651612, -7.033881001562655 ], [ 110.300779196650922, -7.034176673459926 ], [ 110.301258657778519, -7.034695118528066 ], [ 110.301509389159264, -7.035416087001654 ], [ 110.303168245460157, -7.035598068247936 ], [ 110.30517013892495, -7.03533743457084 ], [ 110.305966201320032, -7.035712064706672 ], [ 110.306593732086256, -7.036448285524993 ], [ 110.311522467554241, -7.035999709638161 ], [ 110.311861540309735, -7.03530884978771 ], [ 110.307311356089627, -7.027817120486453 ], [ 110.303977595459415, -7.026949059165652 ], [ 110.299602567185502, -7.030410446868363 ], [ 110.299824940826483, -7.031342009394218 ] ], [ [ 110.301857490041243, -7.007786949814797 ], [ 110.302693276293951, -7.007512063540942 ], [ 110.303563076718078, -7.007664790532347 ], [ 110.304256757378425, -7.004619057472553 ], [ 110.303222600975616, -7.003586307476539 ], [ 110.301973641133813, -7.005621340968857 ], [ 110.299562675454453, -7.007921340041178 ], [ 110.301069566749533, -7.008877721060621 ], [ 110.301857490041243, -7.007786949814797 ] ], [ [ 110.301544842806493, -7.017581307746518 ], [ 110.302360373979951, -7.017392703674687 ], [ 110.304275944337135, -7.017585985074361 ], [ 110.304192070100513, -7.015727001020482 ], [ 110.303579358761255, -7.01368930740301 ], [ 110.302799669132696, -7.014038143561339 ], [ 110.30192154599149, -7.013982023061133 ], [ 110.301173590543002, -7.01351895385092 ], [ 110.300734351536605, -7.012763895029594 ], [ 110.29585862217975, -7.012793377183552 ], [ 110.295962918098638, -7.014332253880896 ], [ 110.295175423485858, -7.018832758378537 ], [ 110.295543175447492, -7.020853718286296 ], [ 110.296184098905655, -7.020316849986068 ], [ 110.301544842806493, -7.017581307746518 ] ], [ [ 110.312567991618579, -7.01222452237602 ], [ 110.308297894160035, -7.012714770300594 ], [ 110.307914450752151, -7.014925657082546 ], [ 110.31030035208633, -7.017900815200703 ], [ 110.312048986051792, -7.017482350926984 ], [ 110.312567991618579, -7.01222452237602 ] ], [ [ 110.307476110034415, -7.020779986943874 ], [ 110.307402426185902, -7.02047200159484 ], [ 110.307434188765157, -7.020777551002998 ], [ 110.307476110034415, -7.020779986943874 ] ], [ [ 110.317398478185808, -7.088997484244788 ], [ 110.318100877534278, -7.088200294217127 ], [ 110.317982139012287, -7.087751366010036 ], [ 110.317391659291744, -7.088242045973232 ], [ 110.317398478185808, -7.088997484244788 ] ], [ [ 110.32532473964001, -7.089681702867585 ], [ 110.32226392243382, -7.091174951250226 ], [ 110.323637645264171, -7.091993362684012 ], [ 110.324566322351856, -7.09160566279439 ], [ 110.330132603956699, -7.090898895197286 ], [ 110.330565294609698, -7.085796294056466 ], [ 110.328903600326186, -7.085107197770149 ], [ 110.329018371367297, -7.086206104403692 ], [ 110.328511801964552, -7.087126446513011 ], [ 110.32532473964001, -7.089681702867585 ] ], [ [ 110.318836702268513, -7.083167345221466 ], [ 110.323317364480218, -7.083193545674104 ], [ 110.324457959126903, -7.081193954396742 ], [ 110.319108498551827, -7.079495819377157 ], [ 110.318836702268513, -7.083167345221466 ] ], [ [ 110.31940369121368, -7.056672945589807 ], [ 110.320921159803305, -7.057452522534848 ], [ 110.321372472794295, -7.058207236988749 ], [ 110.321414373252153, -7.059085372583941 ], [ 110.320969858981883, -7.059956467569725 ], [ 110.319813691536694, -7.060530464100522 ], [ 110.317211119578275, -7.060325105422496 ], [ 110.321404299619573, -7.062415350119594 ], [ 110.325188551597918, -7.055166099731758 ], [ 110.321242608153639, -7.053330906863017 ], [ 110.32135728072582, -7.054152233955574 ], [ 110.321154409429411, -7.054828373181742 ], [ 110.320565591370624, -7.055481710512995 ], [ 110.319905577882679, -7.055755212336852 ], [ 110.319417130921011, -7.05643616380359 ], [ 110.31940369121368, -7.056672945589807 ] ], [ [ 110.332937972641801, -7.061000187907736 ], [ 110.332770086533372, -7.059809959740888 ], [ 110.332046805422479, -7.055943862054888 ], [ 110.330325963292907, -7.057482278946225 ], [ 110.331071358870588, -7.063447969157016 ], [ 110.332571913866616, -7.063351216455348 ], [ 110.332937972641801, -7.061000187907736 ] ], [ [ 110.327677064305448, -7.065493498068971 ], [ 110.326944184824541, -7.059627638689903 ], [ 110.321964196930523, -7.069346568353568 ], [ 110.324705743998294, -7.069490598906256 ], [ 110.327729931638146, -7.068135464932066 ], [ 110.327677064305448, -7.065493498068971 ] ], [ [ 110.315957995776927, -6.977012319048185 ], [ 110.315674834240724, -6.97642316117264 ], [ 110.314818530025832, -6.975887114350818 ], [ 110.314385529726295, -6.976679581502112 ], [ 110.315957995776927, -6.977012319048185 ] ], [ [ 110.319755138757074, -6.977447452135383 ], [ 110.319682545289481, -6.977779980771124 ], [ 110.321255057538082, -6.977631262513103 ], [ 110.319755138757074, -6.977447452135383 ] ], [ [ 110.33231559732063, -7.024908501543397 ], [ 110.331633475821675, -7.024724633066858 ], [ 110.330977003694414, -7.024171796482882 ], [ 110.329791333378211, -7.024439974550155 ], [ 110.328794586265317, -7.0239844598101 ], [ 110.328065971630323, -7.024014124916498 ], [ 110.327404692339144, -7.023765623205736 ], [ 110.326711389849706, -7.022976118466157 ], [ 110.326449495057716, -7.021587688001138 ], [ 110.326105676414372, -7.021593472071704 ], [ 110.323689308005285, -7.023251028972697 ], [ 110.327174480466198, -7.027511329503599 ], [ 110.333059952395317, -7.026885225247741 ], [ 110.333499422074638, -7.024609401215938 ], [ 110.33231559732063, -7.024908501543397 ] ], [ [ 110.337289896454962, -7.031623431154797 ], [ 110.338797598017791, -7.031189598273027 ], [ 110.33840342051775, -7.030082745564464 ], [ 110.338534583789951, -7.029389151430727 ], [ 110.339051947324975, -7.02867801663745 ], [ 110.339782437641816, -7.028310481526209 ], [ 110.337225737046055, -7.024412218227265 ], [ 110.335805119849368, -7.030966965966519 ], [ 110.337289896454962, -7.031623431154797 ] ], [ [ 110.336622809189208, -7.037941400716581 ], [ 110.333373540785672, -7.038273304765621 ], [ 110.333602321186831, -7.039708675236835 ], [ 110.33591422463094, -7.040490056694498 ], [ 110.33748673201579, -7.038384909907847 ], [ 110.336622809189208, -7.037941400716581 ] ], [ [ 110.322317465706718, -7.004485275620684 ], [ 110.324033946404285, -7.005413552870365 ], [ 110.324957914328635, -7.006424359231345 ], [ 110.326098443789533, -7.003016357288685 ], [ 110.325687066116458, -7.002108151858044 ], [ 110.32584480310436, -7.001069753689523 ], [ 110.326553358394577, -7.000293914248395 ], [ 110.327559302827893, -7.000042087878106 ], [ 110.330053262734012, -6.996785632595145 ], [ 110.326235235446774, -6.995212822080846 ], [ 110.322120326448996, -7.000481718919873 ], [ 110.322871330886272, -7.000311239486429 ], [ 110.323726208832895, -7.000519388290074 ], [ 110.32427517977797, -7.000963680278006 ], [ 110.32465647080484, -7.00175598584493 ], [ 110.324660995217656, -7.002461834723432 ], [ 110.324289890389338, -7.003258954340819 ], [ 110.322317465706718, -7.004485275620684 ] ], [ [ 110.317521634367864, -7.035044568454577 ], [ 110.317556455080947, -7.033151375126162 ], [ 110.316805346247236, -7.033268896527528 ], [ 110.317521634367864, -7.035044568454577 ] ], [ [ 110.324435141424502, -7.031723641155047 ], [ 110.321585240181292, -7.032383101610615 ], [ 110.324386727114373, -7.032507419757481 ], [ 110.324435141424502, -7.031723641155047 ] ], [ [ 110.331293267701142, -7.033925237792518 ], [ 110.332147669628128, -7.03062087249369 ], [ 110.328105090261275, -7.031050921071419 ], [ 110.327888228999896, -7.03586333951924 ], [ 110.330369196052402, -7.035939221004754 ], [ 110.331293267701142, -7.033925237792518 ] ], [ [ 110.32237194390045, -7.045577494938406 ], [ 110.324093417373206, -7.044085643193853 ], [ 110.324265405343908, -7.036123734293143 ], [ 110.321387143272617, -7.035996007081945 ], [ 110.320691395750629, -7.037419285829001 ], [ 110.31944825807048, -7.038456553380927 ], [ 110.32237194390045, -7.045577494938406 ] ], [ [ 110.321252115232795, -7.028746278798692 ], [ 110.323149042728218, -7.02830733286654 ], [ 110.322232320834829, -7.027186215893793 ], [ 110.321261005686665, -7.028252779595438 ], [ 110.321252115232795, -7.028746278798692 ] ], [ [ 110.333317189207136, -7.019018846683698 ], [ 110.332676923260308, -7.01835036590445 ], [ 110.332434828615774, -7.017747261131216 ], [ 110.332300487083458, -7.018820213632564 ], [ 110.333317189207136, -7.019018846683698 ] ], [ [ 110.319103472402816, -6.99846321787903 ], [ 110.322698805525164, -6.99385965313441 ], [ 110.318683850547387, -6.991872239872293 ], [ 110.319103472402816, -6.99846321787903 ] ], [ [ 110.329160584558096, -6.992539224340148 ], [ 110.32898447416656, -6.992138364009219 ], [ 110.328923447498155, -6.991830561844981 ], [ 110.328769921458843, -6.992044369260843 ], [ 110.329160584558096, -6.992539224340148 ] ], [ [ 110.330409426152258, -6.989784731783873 ], [ 110.330037552855401, -6.988990813905458 ], [ 110.330088668145493, -6.987821980200152 ], [ 110.329924262308296, -6.987728841985308 ], [ 110.329514469866893, -6.990279560190736 ], [ 110.330409426152258, -6.989784731783873 ] ], [ [ 110.331170070532153, -6.983136016111799 ], [ 110.331716611399614, -6.98223885422092 ], [ 110.332839639268173, -6.981521810282062 ], [ 110.3322428899004, -6.980802385264295 ], [ 110.330939423093866, -6.981633438844058 ], [ 110.330328391924851, -6.982653952531987 ], [ 110.330229116495403, -6.983265600296573 ], [ 110.330723737020065, -6.983680511345514 ], [ 110.331114659651973, -6.983623824205616 ], [ 110.331170070532153, -6.983136016111799 ] ], [ [ 110.340977529449802, -7.058251993940035 ], [ 110.341533487262893, -7.05893346592934 ], [ 110.341702840089241, -7.059618754645212 ], [ 110.341528228012152, -7.060480411051355 ], [ 110.341105400520618, -7.061045934643294 ], [ 110.340153479219097, -7.061491762179177 ], [ 110.337233740279544, -7.06163382906049 ], [ 110.336728278267344, -7.065983313927169 ], [ 110.337671780895931, -7.066143118718854 ], [ 110.338384759601027, -7.066658449024035 ], [ 110.338770381793736, -7.067448686265918 ], [ 110.3387377754689, -7.068326383553148 ], [ 110.341536082164183, -7.0697270921338 ], [ 110.344703206331872, -7.068579349859006 ], [ 110.345186935323468, -7.065386708250786 ], [ 110.343834020947526, -7.065375809863915 ], [ 110.342929394062367, -7.06455785619498 ], [ 110.342749536207393, -7.06335225720276 ], [ 110.343744569476442, -7.060856786358412 ], [ 110.343210611962832, -7.059566113104971 ], [ 110.340362784403069, -7.056214563790056 ], [ 110.338478819885808, -7.057152987193686 ], [ 110.338183971983355, -7.057968517228508 ], [ 110.339988863714353, -7.057894803268455 ], [ 110.340977529449802, -7.058251993940035 ] ], [ [ 110.340635329766585, -7.032584451312002 ], [ 110.340743669846887, -7.032470365477954 ], [ 110.340581464175713, -7.032401288656515 ], [ 110.340635329766585, -7.032584451312002 ] ], [ [ 110.342128385272375, -7.037353847143685 ], [ 110.340941434061804, -7.039613382644177 ], [ 110.346121796435469, -7.039212502454398 ], [ 110.342128385272375, -7.037353847143685 ] ], [ [ 110.346549299779056, -7.023176959587517 ], [ 110.348421517384381, -7.022020337021416 ], [ 110.343184721974069, -7.021143226918621 ], [ 110.342881420332304, -7.021373199185122 ], [ 110.346549299779056, -7.023176959587517 ] ], [ [ 110.336956598243646, -7.082478713456672 ], [ 110.338851570098058, -7.082669724348442 ], [ 110.337138307804423, -7.078839030638312 ], [ 110.336956598243646, -7.082478713456672 ] ], [ [ 110.341550019496779, -7.096781314294535 ], [ 110.34164923605816, -7.097440730110937 ], [ 110.342145376522467, -7.097536624337255 ], [ 110.342120085869581, -7.097478394302717 ], [ 110.341550019496779, -7.096781314294535 ] ], [ [ 110.343224059680978, -6.992216905134002 ], [ 110.344801689275585, -6.993042891132169 ], [ 110.345824438537846, -6.992251421000641 ], [ 110.346256399305176, -6.990987787370529 ], [ 110.347780570617218, -6.990175665514879 ], [ 110.347023912706661, -6.990029918382541 ], [ 110.346442420491428, -6.989629064408248 ], [ 110.345691293060639, -6.988111348570961 ], [ 110.34480928196389, -6.990922998816769 ], [ 110.344167607094207, -6.991524525818696 ], [ 110.343446260027093, -6.991744279050359 ], [ 110.343224059680978, -6.992216905134002 ] ], [ [ 110.34986261657825, -6.989260850878078 ], [ 110.349378411310894, -6.989137986786667 ], [ 110.349170221201518, -6.989477007652508 ], [ 110.34986261657825, -6.989260850878078 ] ], [ [ 110.338505611168799, -6.987799224200892 ], [ 110.337932233334229, -6.988075990037598 ], [ 110.338382372659083, -6.988471418398348 ], [ 110.338505611168799, -6.987799224200892 ] ], [ [ 110.361026852322425, -6.997042550246238 ], [ 110.361572956912539, -6.995732716743398 ], [ 110.360925285336918, -6.996972770958956 ], [ 110.361026852322425, -6.997042550246238 ] ], [ [ 110.357657567112042, -6.991038686399351 ], [ 110.357665563735253, -6.991090879747651 ], [ 110.357716796977044, -6.991146345176533 ], [ 110.357657567112042, -6.991038686399351 ] ], [ [ 110.364801344632795, -7.045497383195447 ], [ 110.367792469629535, -7.045508592848122 ], [ 110.364505894383157, -7.041900237750716 ], [ 110.362433439873087, -7.042637974124949 ], [ 110.361965593325465, -7.046013742598421 ], [ 110.364801344632795, -7.045497383195447 ] ], [ [ 110.360994941664487, -7.05200877150558 ], [ 110.361679236266895, -7.053921156178457 ], [ 110.362439768578611, -7.053652625999929 ], [ 110.363311997833165, -7.053769224707763 ], [ 110.363905013052843, -7.054152984365122 ], [ 110.36436469376936, -7.05489134930692 ], [ 110.369506040499502, -7.050860904759114 ], [ 110.368161094914768, -7.050701412610421 ], [ 110.364836186393219, -7.049169809494948 ], [ 110.361393654019238, -7.049698738660059 ], [ 110.360994941664487, -7.05200877150558 ] ], [ [ 110.362072760401475, -7.072532608309007 ], [ 110.365133369419098, -7.072981949377799 ], [ 110.366569858023425, -7.071038096000357 ], [ 110.366354491092054, -7.070990194259699 ], [ 110.362072760401475, -7.072532608309007 ] ], [ [ 110.361810017324643, -7.076151051666398 ], [ 110.362025185299103, -7.077702629145663 ], [ 110.362416942860861, -7.077737857254852 ], [ 110.363150100274041, -7.076347797675673 ], [ 110.361810017324643, -7.076151051666398 ] ], [ [ 110.36506722899648, -7.085058807741711 ], [ 110.366475194139554, -7.084620204224986 ], [ 110.367760527323597, -7.083114063142646 ], [ 110.365174222282363, -7.082186189085276 ], [ 110.36506722899648, -7.085058807741711 ] ], [ [ 110.359481462642364, -7.084428306508958 ], [ 110.359035355481467, -7.081865991592592 ], [ 110.359222420717728, -7.084355880186822 ], [ 110.359481462642364, -7.084428306508958 ] ], [ [ 110.356624013311588, -7.092969572375066 ], [ 110.35805798936596, -7.094055916479963 ], [ 110.358220008282387, -7.092692751144017 ], [ 110.356624013311588, -7.092969572375066 ] ], [ [ 110.356562781415505, -7.07550014627591 ], [ 110.355295380057299, -7.078986898888483 ], [ 110.356692796334798, -7.078897952050005 ], [ 110.358439414540328, -7.078212549118565 ], [ 110.35808557686866, -7.075660876127412 ], [ 110.356562781415505, -7.07550014627591 ] ], [ [ 110.355437425598865, -7.082603340841957 ], [ 110.354945980307903, -7.082634620332551 ], [ 110.355115865244585, -7.082974989822963 ], [ 110.355480371285068, -7.083105568209209 ], [ 110.355437425598865, -7.082603340841957 ] ], [ [ 110.357221813115231, -7.062612056246381 ], [ 110.356694049376628, -7.06257219086126 ], [ 110.354815713589545, -7.069533235746539 ], [ 110.357280509764379, -7.06970097121751 ], [ 110.357093849791852, -7.06610164116124 ], [ 110.357221813115231, -7.062612056246381 ] ], [ [ 110.364613390056391, -7.067438877825873 ], [ 110.363989381282153, -7.06693602406818 ], [ 110.361370296615647, -7.063609747977138 ], [ 110.360725884367298, -7.066329851089867 ], [ 110.360876135057524, -7.069117468707097 ], [ 110.364571236500055, -7.06778637799618 ], [ 110.364613390056391, -7.067438877825873 ] ], [ [ 110.358540707793466, -7.055898769553099 ], [ 110.358468652252384, -7.056229484820184 ], [ 110.358755261737585, -7.056498387089067 ], [ 110.358540707793466, -7.055898769553099 ] ], [ [ 110.354379692481047, -7.046093454188729 ], [ 110.357712567893614, -7.049733281613467 ], [ 110.358798031745366, -7.042488165269202 ], [ 110.355859059410676, -7.041183262870982 ], [ 110.354379692481047, -7.046093454188729 ] ], [ [ 110.367267807497257, -7.010857498138718 ], [ 110.365412539424625, -7.010246570915694 ], [ 110.362131115311144, -7.01268813761197 ], [ 110.367267807497257, -7.010857498138718 ] ], [ [ 110.370887176986415, -7.085027376061684 ], [ 110.372654159858158, -7.08533775937812 ], [ 110.373147394957329, -7.08512484082893 ], [ 110.37304643421021, -7.083045753858909 ], [ 110.372036899053057, -7.083680118958562 ], [ 110.370887176986415, -7.085027376061684 ] ], [ [ 110.387120529530421, -7.004069722912838 ], [ 110.386945961941649, -7.003760932663951 ], [ 110.386790602957959, -7.003316950817384 ], [ 110.386895900266936, -7.004058553248048 ], [ 110.387120529530421, -7.004069722912838 ] ], [ [ 110.37900930995697, -6.983884528139775 ], [ 110.380670047822207, -6.983548673071653 ], [ 110.378746671080094, -6.981188495332947 ], [ 110.37900930995697, -6.983884528139775 ] ], [ [ 110.383849205381651, -6.980247260483924 ], [ 110.383067530097023, -6.980760336989515 ], [ 110.383991153557773, -6.981893699704562 ], [ 110.384290105577605, -6.981573071848112 ], [ 110.383849205381651, -6.980247260483924 ] ], [ [ 110.385572400977694, -7.080819596550875 ], [ 110.385859219694851, -7.078332166844155 ], [ 110.386372933309303, -7.076382867731034 ], [ 110.383975404540195, -7.075898837958422 ], [ 110.381698541748406, -7.078010485853187 ], [ 110.382472997157507, -7.080460847652507 ], [ 110.385572400977694, -7.080819596550875 ] ], [ [ 110.384442176279506, -7.068051365274075 ], [ 110.384360216716829, -7.068056606522458 ], [ 110.384441897398744, -7.068267188535855 ], [ 110.384442176279506, -7.068051365274075 ] ], [ [ 110.390665518287548, -7.024888189656961 ], [ 110.390707708782699, -7.025858012869635 ], [ 110.391646725194775, -7.029466786272372 ], [ 110.391276785861692, -7.025320398900107 ], [ 110.390665518287548, -7.024888189656961 ] ], [ [ 110.391835478119091, -7.047420857765821 ], [ 110.391985486749704, -7.047364329549296 ], [ 110.39207388674815, -7.047291937137319 ], [ 110.391901770883891, -7.047227429802587 ], [ 110.391835478119091, -7.047420857765821 ] ], [ [ 110.392486582604292, -6.996268017615226 ], [ 110.392206776620299, -6.996623066478094 ], [ 110.392422214345117, -6.997058801952276 ], [ 110.392486582604292, -6.996268017615226 ] ], [ [ 110.405180315677939, -7.015497056763407 ], [ 110.404472753040494, -7.015196852800488 ], [ 110.403296770586934, -7.014075010715976 ], [ 110.402784297483663, -7.013847358790001 ], [ 110.400425227143572, -7.014331097583159 ], [ 110.400300177650479, -7.015453754519449 ], [ 110.401091152408313, -7.014887453988142 ], [ 110.401966516545514, -7.014797947199495 ], [ 110.405883726019056, -7.016963274497873 ], [ 110.407104653330165, -7.016751612493739 ], [ 110.407378108876898, -7.015799570756944 ], [ 110.405180315677939, -7.015497056763407 ] ], [ [ 110.407845814544345, -7.022659164528965 ], [ 110.407817905617136, -7.021910333801451 ], [ 110.407834076752039, -7.020297414911612 ], [ 110.407104425156518, -7.020423908659938 ], [ 110.406772572403199, -7.022372405156308 ], [ 110.407845814544345, -7.022659164528965 ] ], [ [ 110.404168512695477, -7.027812316841836 ], [ 110.403567722202482, -7.028650061064505 ], [ 110.403675659172137, -7.032151356086971 ], [ 110.405952712326041, -7.032381547884094 ], [ 110.40681818626166, -7.029956801565216 ], [ 110.404168512695477, -7.027812316841836 ] ], [ [ 110.399713342188406, -7.001378110611677 ], [ 110.400416465124749, -7.00052831376666 ], [ 110.399660115000742, -7.001406267359507 ], [ 110.399713342188406, -7.001378110611677 ] ], [ [ 110.399602857655452, -7.016240197502374 ], [ 110.399898952972649, -7.016548429482471 ], [ 110.400063409460543, -7.015832035898677 ], [ 110.399885573872879, -7.016025749954729 ], [ 110.399602857655452, -7.016240197502374 ] ], [ [ 110.403500330876383, -7.020016205496799 ], [ 110.403540411951994, -7.019780875902063 ], [ 110.402798534769502, -7.019340450121247 ], [ 110.403500330876383, -7.020016205496799 ] ], [ [ 110.40186076548234, -7.036934685835885 ], [ 110.39593924218002, -7.042089307287052 ], [ 110.39673423270365, -7.042414283527421 ], [ 110.398453025697876, -7.04039925265074 ], [ 110.400445458815213, -7.03953634002264 ], [ 110.402243875514472, -7.038039519506904 ], [ 110.403953265934121, -7.035956538252982 ], [ 110.40186076548234, -7.036934685835885 ] ], [ [ 110.399162540275356, -7.02595640878611 ], [ 110.398657530512267, -7.027336425639027 ], [ 110.3991156048817, -7.027626450870673 ], [ 110.399598241769496, -7.027578239281901 ], [ 110.400329466579976, -7.026925937491553 ], [ 110.399752215555552, -7.026253537529624 ], [ 110.399162540275356, -7.02595640878611 ] ], [ [ 110.41015619957993, -7.033095038059725 ], [ 110.409925706700932, -7.032870403361692 ], [ 110.40958052581334, -7.03298989054232 ], [ 110.41015619957993, -7.033095038059725 ] ], [ [ 110.417646626797477, -6.998990007842761 ], [ 110.417722610727523, -6.999300254209029 ], [ 110.418117509014579, -6.999228388138935 ], [ 110.4180513132209, -6.999093347024329 ], [ 110.417646626797477, -6.998990007842761 ] ], [ [ 110.41722954453536, -7.076993456628808 ], [ 110.416058065389024, -7.076926788957281 ], [ 110.413957096082527, -7.076213803660062 ], [ 110.415210210580653, -7.077370014489946 ], [ 110.417117862145147, -7.077546956392037 ], [ 110.41722954453536, -7.076993456628808 ] ], [ [ 110.411621494272211, -7.084765674300431 ], [ 110.410432895779039, -7.087045456008138 ], [ 110.410571973725325, -7.090688973841016 ], [ 110.411936138242822, -7.089636680731239 ], [ 110.414606190452474, -7.085618304933258 ], [ 110.411621494272211, -7.084765674300431 ] ], [ [ 110.409636963974549, -7.069878802402651 ], [ 110.409689667454501, -7.069573864451987 ], [ 110.409661732485731, -7.069566131239712 ], [ 110.409636963974549, -7.069878802402651 ] ], [ [ 110.443608873518045, -6.984073128631376 ], [ 110.444256255213034, -6.984679276690272 ], [ 110.447119320880091, -6.97862373603783 ], [ 110.445240977615882, -6.977111957073784 ], [ 110.444643642872862, -6.977128038533159 ], [ 110.443608873518045, -6.984073128631376 ] ], [ [ 110.444002591855096, -7.027497736988576 ], [ 110.444584284887881, -7.027038959906787 ], [ 110.444163695077648, -7.026852870873409 ], [ 110.444002591855096, -7.027497736988576 ] ], [ [ 110.446631385132648, -7.034266632113756 ], [ 110.443985710757232, -7.034637808343021 ], [ 110.443191063074423, -7.037363995792431 ], [ 110.446454475790773, -7.038291968081658 ], [ 110.44971367446108, -7.033124360556352 ], [ 110.446631385132648, -7.034266632113756 ] ], [ [ 110.444296414122618, -7.041507261884123 ], [ 110.443474653752617, -7.042725906333873 ], [ 110.44327796597608, -7.044880285978153 ], [ 110.444979162966902, -7.045714793072395 ], [ 110.448671080815046, -7.042977148344551 ], [ 110.446612564274417, -7.042098834629603 ], [ 110.444296414122618, -7.041507261884123 ] ], [ [ 110.444293669610943, -7.052781039974247 ], [ 110.444111013378262, -7.052582313132911 ], [ 110.44384720161635, -7.052909712852069 ], [ 110.444293669610943, -7.052781039974247 ] ], [ [ 110.441768517243545, -7.069718891143059 ], [ 110.440432195382044, -7.069061477415171 ], [ 110.444149900398926, -7.072033134956479 ], [ 110.447973349937214, -7.074713280998312 ], [ 110.448482682075024, -7.075430235201161 ], [ 110.448605118121932, -7.076137718710789 ], [ 110.454416133654988, -7.077363648461583 ], [ 110.459092343339265, -7.070778787809745 ], [ 110.458126887136928, -7.071515798306226 ], [ 110.457274588304969, -7.071734842302235 ], [ 110.456266553460495, -7.071436358090012 ], [ 110.455671408932076, -7.070788719035467 ], [ 110.455452145671529, -7.069937288933982 ], [ 110.455907682066965, -7.0646784228538 ], [ 110.456865694426952, -7.063151074249101 ], [ 110.459188804013394, -7.06224367414087 ], [ 110.459893780664643, -7.062160421058176 ], [ 110.460057748458041, -7.061696093553308 ], [ 110.454833171863115, -7.059929134413614 ], [ 110.4525163692104, -7.063447500421103 ], [ 110.451647632477801, -7.064039077665326 ], [ 110.450769092789699, -7.064090336925726 ], [ 110.449970103273472, -7.063721817059082 ], [ 110.449439352550158, -7.063020547700995 ], [ 110.449297168944625, -7.062277741828236 ], [ 110.448034548753796, -7.062352922387449 ], [ 110.44780327373941, -7.062564501949734 ], [ 110.44864067241285, -7.063309711211652 ], [ 110.448968933404714, -7.064226590792127 ], [ 110.449676014385005, -7.064824906204203 ], [ 110.449987623048585, -7.065647102061617 ], [ 110.449874466422997, -7.066518957580508 ], [ 110.44936326523856, -7.067234577133659 ], [ 110.448746313795183, -7.067578674989512 ], [ 110.447354767373156, -7.067781963256781 ], [ 110.448603467720076, -7.06828325780811 ], [ 110.449174908453003, -7.068951858814184 ], [ 110.449349408352049, -7.069987602133128 ], [ 110.448918485344223, -7.070945639488679 ], [ 110.448196413246123, -7.071448216934577 ], [ 110.447322446803256, -7.071551413592046 ], [ 110.441768517243545, -7.069718891143059 ] ], [ [ 110.441872238289349, -7.074846796724453 ], [ 110.436861816446878, -7.070875786605206 ], [ 110.436117233894137, -7.071731679908661 ], [ 110.437285360199013, -7.072167033706306 ], [ 110.437962394144094, -7.073181117290412 ], [ 110.43790991220088, -7.07423011649034 ], [ 110.437135030220645, -7.075171707574596 ], [ 110.436292651555945, -7.075426193789207 ], [ 110.435244494614963, -7.075243285377331 ], [ 110.434429883377106, -7.075344476573919 ], [ 110.432516067984949, -7.076091555162185 ], [ 110.430609233008568, -7.076248339253451 ], [ 110.431573620665318, -7.07708076105759 ], [ 110.439144956304645, -7.07581357475492 ], [ 110.440142863483004, -7.076144300266093 ], [ 110.440788664623994, -7.076973124172296 ], [ 110.440908587117761, -7.077668760401941 ], [ 110.440752897086369, -7.078357289393244 ], [ 110.440345295908514, -7.078933888519604 ], [ 110.439747836863702, -7.079310775220103 ], [ 110.432313370404785, -7.080624959129668 ], [ 110.431992905750789, -7.08137028235761 ], [ 110.432973376983071, -7.082240990378319 ], [ 110.434119424449733, -7.084144045376733 ], [ 110.434101515759053, -7.085023013680077 ], [ 110.433672410681183, -7.0857880465511 ], [ 110.434490914823428, -7.086278614970734 ], [ 110.44417782406147, -7.081260273767425 ], [ 110.445301578583823, -7.078215884667328 ], [ 110.441872238289349, -7.074846796724453 ] ], [ [ 110.432452442987042, -6.956170593661502 ], [ 110.43249810108766, -6.957474864173371 ], [ 110.432614352840801, -6.961339801878474 ], [ 110.434310661274267, -6.960373319719997 ], [ 110.43464013003495, -6.95751732455544 ], [ 110.435218676060899, -6.956685762606524 ], [ 110.436336424682167, -6.955786845246296 ], [ 110.434466922995242, -6.955535682108669 ], [ 110.432452442987042, -6.956170593661502 ] ], [ [ 110.43481709063613, -7.043195774849925 ], [ 110.435596551470994, -7.044771782313737 ], [ 110.435552597826245, -7.046761092855768 ], [ 110.436244741637793, -7.04652339323298 ], [ 110.436969018706407, -7.046578372411842 ], [ 110.438242484673935, -7.047564937398762 ], [ 110.438717576400663, -7.046284460624625 ], [ 110.437443696456626, -7.045255544103186 ], [ 110.437177622276621, -7.044601630580308 ], [ 110.437182284661148, -7.043895769000028 ], [ 110.437563772136613, -7.043103522146535 ], [ 110.43827403338129, -7.042584481394064 ], [ 110.439145335712951, -7.04246122113862 ], [ 110.439841792751579, -7.04268376183779 ], [ 110.439898588228786, -7.04206171210295 ], [ 110.439444424056859, -7.040138292991812 ], [ 110.438071768289632, -7.039848394658474 ], [ 110.437677826333001, -7.040468435608036 ], [ 110.436929326967416, -7.040930739089924 ], [ 110.435117907761253, -7.040813798672408 ], [ 110.43481709063613, -7.043195774849925 ] ], [ [ 110.433081526103109, -7.05976470072981 ], [ 110.42954501426857, -7.05978582620809 ], [ 110.428563004329973, -7.063141221483762 ], [ 110.430677816795907, -7.0642964975197 ], [ 110.431568441355211, -7.065384817602036 ], [ 110.43255106227177, -7.06591939558676 ], [ 110.433614390803015, -7.059562239271282 ], [ 110.433081526103109, -7.05976470072981 ] ], [ [ 110.427182638476552, -7.038360630202245 ], [ 110.426901024276631, -7.038883924160732 ], [ 110.426695973926201, -7.039388964774473 ], [ 110.427178553091792, -7.039106602732157 ], [ 110.427182638476552, -7.038360630202245 ] ], [ [ 110.425677879755867, -7.041858870723289 ], [ 110.424877728691783, -7.042619462436442 ], [ 110.425281117867996, -7.04317731784583 ], [ 110.425880306771703, -7.04306283657714 ], [ 110.425677879755867, -7.041858870723289 ] ], [ [ 110.425564792322945, -7.060387463567057 ], [ 110.425451261569137, -7.060112160843784 ], [ 110.424162585159863, -7.060102945607174 ], [ 110.423669841103944, -7.061575785331306 ], [ 110.425097500522895, -7.06208493573054 ], [ 110.425564792322945, -7.060387463567057 ] ], [ [ 110.439452513461674, -7.030443796433815 ], [ 110.439816972145621, -7.030091845957975 ], [ 110.440363727984263, -7.028849313927971 ], [ 110.440331979418772, -7.027666519506297 ], [ 110.439506416088634, -7.022862888247702 ], [ 110.435453248655236, -7.027475396906989 ], [ 110.436918588197173, -7.028905588889776 ], [ 110.439452513461674, -7.030443796433815 ] ], [ [ 110.438181839289797, -7.036058948319002 ], [ 110.437965442023426, -7.036057602972464 ], [ 110.437812084520729, -7.036041975767795 ], [ 110.438181839289797, -7.036058948319002 ] ], [ [ 110.434719816839817, -6.948558496948214 ], [ 110.43400909601533, -6.947780525776156 ], [ 110.433928514966837, -6.948296306334806 ], [ 110.435188716971467, -6.949812232911655 ], [ 110.434719816839817, -6.948558496948214 ] ], [ [ 110.440311551518008, -7.057475637455509 ], [ 110.440509373193279, -7.058083815031736 ], [ 110.441097458776923, -7.058176852280074 ], [ 110.441669760124284, -7.05718441561806 ], [ 110.440311551518008, -7.057475637455509 ] ], [ [ 110.461413350895441, -7.018945798551176 ], [ 110.461709850788949, -7.019888141985535 ], [ 110.461590029911875, -7.020583797325196 ], [ 110.460794408109109, -7.02150789629663 ], [ 110.459592606462422, -7.021717953764192 ], [ 110.458195312823676, -7.020999493038383 ], [ 110.458212504726177, -7.021365853866405 ], [ 110.460679170806657, -7.023206053606594 ], [ 110.462926854328927, -7.022049477788169 ], [ 110.463126957497181, -7.021668037540401 ], [ 110.462854127436387, -7.020137397931122 ], [ 110.463272943792063, -7.019009274092244 ], [ 110.461413350895441, -7.018945798551176 ] ], [ [ 110.464976887799153, -7.033151400379768 ], [ 110.464935116099838, -7.034414412759302 ], [ 110.465651877728277, -7.035079939156203 ], [ 110.465711114522989, -7.033199049666242 ], [ 110.464976887799153, -7.033151400379768 ] ], [ [ 110.462729966324389, -7.041136422414392 ], [ 110.462773915845176, -7.041394333908881 ], [ 110.463327396800608, -7.040847478042371 ], [ 110.463954350826995, -7.040603274611332 ], [ 110.463790866148315, -7.040344043463431 ], [ 110.462729966324389, -7.041136422414392 ] ], [ [ 110.462739463705262, -7.044163449630109 ], [ 110.464545475417097, -7.045439480157167 ], [ 110.466628446584934, -7.046064850103144 ], [ 110.465514898250191, -7.044380022126814 ], [ 110.46376796166696, -7.044427577378185 ], [ 110.462746724151344, -7.043731874827266 ], [ 110.462739463705262, -7.044163449630109 ] ], [ [ 110.466647014924206, -7.065835268610501 ], [ 110.468839979761825, -7.064353556524996 ], [ 110.47010717359997, -7.064353444802411 ], [ 110.470779715754858, -7.06229925801272 ], [ 110.472803909246181, -7.060469200387778 ], [ 110.470672159371816, -7.059561796833627 ], [ 110.469770557697089, -7.059615050814451 ], [ 110.4645467940191, -7.058697470378191 ], [ 110.464136027684106, -7.06071532754245 ], [ 110.466647014924206, -7.065835268610501 ] ], [ [ 110.453262734119136, -6.992034712677309 ], [ 110.453819088370409, -6.993851029681116 ], [ 110.454268661547971, -6.992783251183222 ], [ 110.455254657554775, -6.992208496197609 ], [ 110.453396678142482, -6.991909761002232 ], [ 110.453262734119136, -6.992034712677309 ] ], [ [ 110.451327480327961, -7.022832568465343 ], [ 110.452065482830989, -7.023283932355618 ], [ 110.451341088892164, -7.022732800854928 ], [ 110.451327480327961, -7.022832568465343 ] ], [ [ 110.452698168585599, -7.030175117131161 ], [ 110.454042333185441, -7.029850968460138 ], [ 110.45404668713806, -7.029700153599796 ], [ 110.453244364166423, -7.029745124906361 ], [ 110.452475085691205, -7.029414981713561 ], [ 110.452698168585599, -7.030175117131161 ] ], [ [ 110.455548491805132, -7.032812757167852 ], [ 110.455500747709195, -7.033169883223948 ], [ 110.455672653209476, -7.033165834028681 ], [ 110.455597773668245, -7.032983330998605 ], [ 110.455548491805132, -7.032812757167852 ] ], [ [ 110.456028144669787, -7.047837269969042 ], [ 110.456673801150671, -7.047008360462214 ], [ 110.457849267963297, -7.046681615358538 ], [ 110.461339325455668, -7.048276488060181 ], [ 110.461868442693657, -7.048293554764006 ], [ 110.461798474118865, -7.048034904196403 ], [ 110.459764942008476, -7.047425784813203 ], [ 110.45917459512053, -7.047037931868202 ], [ 110.458702422585276, -7.046239167491069 ], [ 110.458701536081406, -7.045267449884289 ], [ 110.458411959678841, -7.044991142095177 ], [ 110.455446097842938, -7.044293931871644 ], [ 110.456028144669787, -7.047837269969042 ] ], [ [ 110.45318623683427, -7.056274545790262 ], [ 110.454168591080162, -7.056084105361633 ], [ 110.456499684888186, -7.056597324766114 ], [ 110.461003318108112, -7.05583489714904 ], [ 110.454355199700927, -7.051530547495396 ], [ 110.450975291811247, -7.054958911900132 ], [ 110.450886869630509, -7.057465852218093 ], [ 110.45318623683427, -7.056274545790262 ] ], [ [ 110.447700240649283, -7.049297697769092 ], [ 110.447591388662303, -7.049995148887618 ], [ 110.447154432119888, -7.050666035671115 ], [ 110.447269307651425, -7.051966759085454 ], [ 110.448612587440223, -7.052199191487158 ], [ 110.452419254456274, -7.048337956288794 ], [ 110.451938094450881, -7.045060535198245 ], [ 110.447435141891347, -7.048399603988229 ], [ 110.447700240649283, -7.049297697769092 ] ], [ [ 110.452684200143395, -7.037613783217435 ], [ 110.451505906810638, -7.038428991022811 ], [ 110.450637517460564, -7.038575400473974 ], [ 110.449950100347351, -7.039588494774937 ], [ 110.452239278276963, -7.040565209672965 ], [ 110.453149324263649, -7.03896979182648 ], [ 110.453992427875022, -7.037967944880469 ], [ 110.452684200143395, -7.037613783217435 ] ], [ [ 110.458780059003843, -7.041359079917512 ], [ 110.458516517651006, -7.04089006685947 ], [ 110.457688491334892, -7.041098832129332 ], [ 110.458780059003843, -7.041359079917512 ] ], [ [ 110.455674966398632, -7.031623504418251 ], [ 110.455571263217863, -7.031725843727849 ], [ 110.455561246308619, -7.031930974229005 ], [ 110.455674966398632, -7.031623504418251 ] ], [ [ 110.456085954232023, -7.014534559099952 ], [ 110.455430282903947, -7.015071546152067 ], [ 110.455861973157013, -7.015667838016565 ], [ 110.456085954232023, -7.014534559099952 ] ], [ [ 110.457413256753739, -7.027315145815645 ], [ 110.457233000409801, -7.027071416350299 ], [ 110.4553407794929, -7.027694934406424 ], [ 110.455357790072014, -7.02808351618132 ], [ 110.457035314185305, -7.027604736445021 ], [ 110.457413256753739, -7.027315145815645 ] ], [ [ 110.454379965406829, -6.996141141168273 ], [ 110.454614220997769, -6.995973397640921 ], [ 110.454275137007826, -6.995703311579 ], [ 110.454379965406829, -6.996141141168273 ] ], [ [ 110.461798761963919, -7.0137789606477 ], [ 110.461724300725649, -7.013711636711237 ], [ 110.461687091000314, -7.013891314031305 ], [ 110.461798761963919, -7.0137789606477 ] ], [ [ 110.47434159946701, -6.999878388755023 ], [ 110.475533649203342, -7.000430264297279 ], [ 110.476505090820396, -6.999745441941369 ], [ 110.477431067046709, -6.999579661893764 ], [ 110.477567577968514, -6.999204130468985 ], [ 110.475653515917955, -6.998671537832496 ], [ 110.474454190830372, -6.998564421791108 ], [ 110.47434159946701, -6.999878388755023 ] ], [ [ 110.475514715049442, -7.029619652589078 ], [ 110.475738050568054, -7.030758859145816 ], [ 110.476184836824686, -7.031318954341082 ], [ 110.476383297163963, -7.032175462648996 ], [ 110.475891826159994, -7.033379268083237 ], [ 110.475844556064459, -7.034460346985826 ], [ 110.475184048344673, -7.035764192026506 ], [ 110.47779940740358, -7.038439009512715 ], [ 110.479674874517059, -7.039005973288819 ], [ 110.481258699931004, -7.039085978757313 ], [ 110.480291821988473, -7.034693583761872 ], [ 110.477469811597601, -7.028242184098745 ], [ 110.475215382023435, -7.029234572816021 ], [ 110.475514715049442, -7.029619652589078 ] ], [ [ 110.469266939634153, -6.997418527521525 ], [ 110.46790210622207, -6.997130635638416 ], [ 110.468641235036102, -6.998493175256668 ], [ 110.469266939634153, -6.997418527521525 ] ], [ [ 110.470149183805106, -7.032672963949565 ], [ 110.469333707237084, -7.033224938190986 ], [ 110.469329688494824, -7.033352573956587 ], [ 110.470151386662124, -7.03358113716545 ], [ 110.470149183805106, -7.032672963949565 ] ], [ [ 110.472377355023497, -7.038858827634177 ], [ 110.469175732214111, -7.043352456014163 ], [ 110.472753876597253, -7.048766151093261 ], [ 110.474692768411302, -7.048834754571326 ], [ 110.475549706807527, -7.043343952409952 ], [ 110.475137604670351, -7.040894651862705 ], [ 110.472816522617038, -7.038520787572859 ], [ 110.472377355023497, -7.038858827634177 ] ], [ [ 110.466755305305696, -7.052062482937506 ], [ 110.467172667632482, -7.051939826763956 ], [ 110.466368597965015, -7.051060377813025 ], [ 110.466755305305696, -7.052062482937506 ] ], [ [ 110.468851643686989, -7.054891489580916 ], [ 110.468318598344851, -7.055328838277292 ], [ 110.469440831621057, -7.055713508151637 ], [ 110.469551250420935, -7.054541368779419 ], [ 110.469219348067242, -7.054178357529135 ], [ 110.468851643686989, -7.054891489580916 ] ], [ [ 110.462165032431344, -6.991705953555416 ], [ 110.461594993248127, -6.992661059693237 ], [ 110.463633997037121, -6.99498167170961 ], [ 110.463897578846669, -6.994406008153812 ], [ 110.464007127670115, -6.992787326616964 ], [ 110.463346268227454, -6.992248085984031 ], [ 110.462969504832742, -6.991302907848198 ], [ 110.462165032431344, -6.991705953555416 ] ], [ [ 110.467619985141752, -6.993105835792568 ], [ 110.467840069795102, -6.993192501243737 ], [ 110.467632364204789, -6.993020254318366 ], [ 110.467619985141752, -6.993105835792568 ] ], [ [ 110.476857095297149, -7.054886177878375 ], [ 110.477226764862067, -7.054300050751967 ], [ 110.473264811647923, -7.052703119991618 ], [ 110.473161262712338, -7.053766177224949 ], [ 110.476857095297149, -7.054886177878375 ] ], [ [ 110.478813771012668, -6.995734111199963 ], [ 110.478815654594314, -6.995729922746618 ], [ 110.478807874317582, -6.995728360548567 ], [ 110.478813771012668, -6.995734111199963 ] ], [ [ 110.48163797076738, -7.001443208718708 ], [ 110.481371532901832, -7.000983581995978 ], [ 110.480861466170083, -7.000741724358786 ], [ 110.480158975970127, -7.002840514318158 ], [ 110.481199807342037, -7.002281299256264 ], [ 110.48163797076738, -7.001443208718708 ] ], [ [ 110.491247004313081, -7.027663696653314 ], [ 110.491659153683898, -7.026455444096661 ], [ 110.489854919029213, -7.025679776735081 ], [ 110.489653943090445, -7.027479330670403 ], [ 110.491247004313081, -7.027663696653314 ] ], [ [ 110.482502828222138, -7.025929503530618 ], [ 110.482474455648628, -7.025451852706398 ], [ 110.482383026125461, -7.025755366332769 ], [ 110.482502828222138, -7.025929503530618 ] ], [ [ 110.486148899359847, -7.026234666588886 ], [ 110.486219990054252, -7.025598157582138 ], [ 110.486109045867181, -7.025563823179414 ], [ 110.486148899359847, -7.026234666588886 ] ], [ [ 110.483167688438627, -6.993285998531212 ], [ 110.482489786236869, -6.993541806935608 ], [ 110.48257165863204, -6.993871145422183 ], [ 110.483222493642884, -6.994358878903324 ], [ 110.483627530519016, -6.993715541613686 ], [ 110.483167688438627, -6.993285998531212 ] ], [ [ 110.494590889877813, -7.023776821351073 ], [ 110.495390780900706, -7.021847520551084 ], [ 110.493409731724398, -7.021181647740697 ], [ 110.492422124989616, -7.02284444756836 ], [ 110.494590889877813, -7.023776821351073 ] ], [ [ 110.497128232740977, -6.988633040290008 ], [ 110.497913146921022, -6.988947366314161 ], [ 110.496984794274994, -6.988071062052385 ], [ 110.497128232740977, -6.988633040290008 ] ] ] } },
{ "type": "Feature", "properties": { "jenis": "polisi", "nama": "Kantor Polisi", "waktu_menit": 15, "warna": "#3b82f6" }, "geometry": { "type": "Polygon", "coordinates": [ [ [ 110.308792502083605, -7.102939460897149 ], [ 110.307420723598895, -7.102768135126149 ], [ 110.306692818498064, -7.102978063770551 ], [ 110.30599201359999, -7.102887639763719 ], [ 110.305034374975492, -7.102132227294508 ], [ 110.304760274298204, -7.101112077564314 ], [ 110.302266373685143, -7.095609701951052 ], [ 110.302109073997187, -7.094744730541953 ], [ 110.302594729765232, -7.093626532332111 ], [ 110.303169214069797, -7.093215549312776 ], [ 110.303857412335219, -7.093055460354736 ], [ 110.305019020175607, -7.093428652726289 ], [ 110.3057699506072, -7.094567545797219 ], [ 110.306269342773035, -7.090717444325106 ], [ 110.305158253376391, -7.091028682415388 ], [ 110.304151993198175, -7.090724246383544 ], [ 110.303484636198434, -7.089912661779985 ], [ 110.303381121223168, -7.088867483566364 ], [ 110.303651239694645, -7.088215237240835 ], [ 110.304150663596602, -7.087715900262527 ], [ 110.307218476996113, -7.086407279308672 ], [ 110.308153704990772, -7.084836541352757 ], [ 110.308272641269866, -7.084177964720389 ], [ 110.307556577792013, -7.082152580454133 ], [ 110.304961963223491, -7.082807214392481 ], [ 110.301900633237096, -7.082889408780178 ], [ 110.300832517094122, -7.08230014271273 ], [ 110.300381071888623, -7.081167735193797 ], [ 110.30049432125189, -7.080471002825283 ], [ 110.300865854713322, -7.079870599329668 ], [ 110.301604214423179, -7.07939224569255 ], [ 110.302932075850691, -7.079267343482426 ], [ 110.303154672474037, -7.078515128373986 ], [ 110.303730134745848, -7.077891612732627 ], [ 110.306156343370745, -7.076672576597115 ], [ 110.307674217750886, -7.076699999792501 ], [ 110.307791606898519, -7.076253485315132 ], [ 110.301092838064562, -7.075375303369885 ], [ 110.30013290512062, -7.074622875828965 ], [ 110.299855155939767, -7.073609908137652 ], [ 110.300011778454717, -7.072921609843307 ], [ 110.300420148106781, -7.072345580268657 ], [ 110.30153691417982, -7.071854555092569 ], [ 110.308640455755111, -7.072713605075796 ], [ 110.309615712337759, -7.068535451992233 ], [ 110.307441995345712, -7.067143475126911 ], [ 110.304834236391059, -7.067315768893583 ], [ 110.303413717960055, -7.067017424731934 ], [ 110.300333331641625, -7.065918533746387 ], [ 110.297802179815264, -7.063808767592709 ], [ 110.297264658277896, -7.062450956123407 ], [ 110.297526857598257, -7.060635281858727 ], [ 110.296768936204472, -7.058557628450455 ], [ 110.296243150858103, -7.055944054325671 ], [ 110.295780764100982, -7.046838508254552 ], [ 110.294767756821216, -7.047040721730694 ], [ 110.292657281294183, -7.046957274855916 ], [ 110.289518712629175, -7.047422577020235 ], [ 110.288350179437018, -7.047072018858457 ], [ 110.28766950100507, -7.046060439732482 ], [ 110.287785688688189, -7.044847077556502 ], [ 110.288645990750879, -7.043982772405964 ], [ 110.290124403594575, -7.04368066352565 ], [ 110.288298068582662, -7.04207608314707 ], [ 110.287107335996254, -7.041896120778105 ], [ 110.286492081089889, -7.041549108752839 ], [ 110.285928343634893, -7.040662603056187 ], [ 110.28591139296033, -7.039762218113845 ], [ 110.281869362082219, -7.036989660025418 ], [ 110.280858268460733, -7.03653905998097 ], [ 110.279255872563638, -7.038181839310264 ], [ 110.27959788367734, -7.038948118718591 ], [ 110.279588823713965, -7.039653916222097 ], [ 110.279202421146735, -7.040443750834194 ], [ 110.278650563934619, -7.040884506193533 ], [ 110.27761693867231, -7.0410761755251 ], [ 110.276591760717778, -7.040612045648257 ], [ 110.27338994774378, -7.043114130699048 ], [ 110.2725552974549, -7.043392613218076 ], [ 110.271853801747312, -7.043308490064853 ], [ 110.271237928481412, -7.04296257607728 ], [ 110.270801439281826, -7.042407534073576 ], [ 110.270610785280439, -7.041727864693014 ], [ 110.270758404703386, -7.040861199349766 ], [ 110.271163347316403, -7.040282784515145 ], [ 110.275418509416824, -7.03693174627937 ], [ 110.277776783384851, -7.034514064723586 ], [ 110.274517050601006, -7.031812562003784 ], [ 110.271790731682586, -7.031524748978183 ], [ 110.271195045849467, -7.031145209568368 ], [ 110.270726663542433, -7.030400974533046 ], [ 110.270642427352996, -7.029700155059179 ], [ 110.270833044257259, -7.029020476374446 ], [ 110.271719337024905, -7.028182829523783 ], [ 110.27240917081356, -7.028030382149696 ], [ 110.275068303086741, -7.028226159672429 ], [ 110.276240122021903, -7.02792315053083 ], [ 110.272152541203226, -7.017109361617242 ], [ 110.271580867541289, -7.01627575813224 ], [ 110.271558241643604, -7.015225724366542 ], [ 110.272040149600997, -7.014341735786889 ], [ 110.272735455112311, -7.01380296323324 ], [ 110.273602862091451, -7.013655278290287 ], [ 110.274367795767759, -7.013891320872119 ], [ 110.275000771486106, -7.014501992878059 ], [ 110.27966138526034, -7.026733153085846 ], [ 110.285330669673257, -7.024195856141466 ], [ 110.285492352214916, -7.023439436768705 ], [ 110.283698961023262, -7.022749141925353 ], [ 110.283080515915174, -7.022123771817832 ], [ 110.28283016381917, -7.021280977555699 ], [ 110.283007025329724, -7.020419791692883 ], [ 110.2837176696044, -7.019645848503727 ], [ 110.284561227963593, -7.019395721886391 ], [ 110.287784414654553, -7.020423282971277 ], [ 110.290705055604789, -7.012669772892868 ], [ 110.286698427091935, -7.009934919193646 ], [ 110.284624918297709, -7.009783863756021 ], [ 110.283988385540525, -7.009477633331548 ], [ 110.283517600098392, -7.00895133785079 ], [ 110.283268050589299, -7.008108307546948 ], [ 110.283530571318394, -7.00709130580543 ], [ 110.284314360862439, -7.006391418931845 ], [ 110.285236169598491, -7.006229150059424 ], [ 110.284677856256295, -7.004762263962331 ], [ 110.285135833619734, -7.002974302719397 ], [ 110.28564285862987, -7.002482766847933 ], [ 110.286299554271451, -7.002222507307015 ], [ 110.288384679554852, -7.002375862295258 ], [ 110.288953438019263, -7.002794564670713 ], [ 110.289318533381191, -7.003398860131663 ], [ 110.289311454327134, -7.00464849603095 ], [ 110.291762417645245, -7.006724951601557 ], [ 110.292235010981912, -7.006718366697362 ], [ 110.295486311704025, -6.998956274377767 ], [ 110.296025871658046, -6.998261835001572 ], [ 110.296656090543792, -6.997942861293311 ], [ 110.297360507614016, -6.99788913393775 ], [ 110.298451602842732, -6.998434378467506 ], [ 110.298887258502035, -6.999198185939012 ], [ 110.298941034891385, -6.999901997658653 ], [ 110.298194621301235, -7.001789464853717 ], [ 110.299781993128647, -7.002285637097528 ], [ 110.300571160070561, -7.000965990880287 ], [ 110.30029461228186, -7.000116744052719 ], [ 110.300461363051539, -6.999235847229098 ], [ 110.29989119057602, -6.998614408454538 ], [ 110.299665311672044, -6.997764739269763 ], [ 110.29979329546579, -6.997070558915411 ], [ 110.30030736568969, -6.996357077357382 ], [ 110.300925625167196, -6.996015540487422 ], [ 110.301627634546549, -6.995936395746776 ], [ 110.306139620231889, -6.996757930612601 ], [ 110.304029463027533, -6.982690240248472 ], [ 110.303523884179484, -6.9759829526255 ], [ 110.302707214938494, -6.975721717992008 ], [ 110.302305531466843, -6.976545719575403 ], [ 110.301417868696703, -6.977108246548716 ], [ 110.299510533425291, -6.976957447949686 ], [ 110.29847575243349, -6.976311919867651 ], [ 110.298090020988298, -6.975296237285745 ], [ 110.297145491778281, -6.975038031714638 ], [ 110.296491789984827, -6.974449612524615 ], [ 110.296191810024396, -6.973268133338744 ], [ 110.296710048674697, -6.972164685620775 ], [ 110.297635560850651, -6.971666789305564 ], [ 110.299233880861124, -6.971749628481004 ], [ 110.299844779772613, -6.971130281788232 ], [ 110.297726019556421, -6.970531109777769 ], [ 110.29691066677664, -6.969868266839809 ], [ 110.29660924299624, -6.968687154996294 ], [ 110.296811437035288, -6.968010825734776 ], [ 110.297257265014451, -6.967463293319054 ], [ 110.297878853544276, -6.967127914020494 ], [ 110.298581572133941, -6.967055745888842 ], [ 110.304454077488927, -6.968331874810182 ], [ 110.305545110787733, -6.966922628159353 ], [ 110.306194559203533, -6.966644913710645 ], [ 110.306900932138021, -6.966636674278936 ], [ 110.309719239859263, -6.96776728948447 ], [ 110.310248042482897, -6.968617398100307 ], [ 110.310306746454302, -6.96964624027285 ], [ 110.31197059225012, -6.969887889263553 ], [ 110.312690997002406, -6.969491418157101 ], [ 110.313570525231839, -6.969468148243366 ], [ 110.314357179125537, -6.969861900654856 ], [ 110.31480847840389, -6.970452525437746 ], [ 110.321003625692228, -6.971970112170097 ], [ 110.321799248978493, -6.971295250047056 ], [ 110.322570061750085, -6.969968036711 ], [ 110.32337680029913, -6.969617191282535 ], [ 110.324082882955352, -6.969639261405539 ], [ 110.324866097989911, -6.970039804407847 ], [ 110.325301718974316, -6.970610102665385 ], [ 110.326361905683868, -6.970277155325298 ], [ 110.327506610317656, -6.970698465511536 ], [ 110.32794966120521, -6.971248252094395 ], [ 110.328155490169195, -6.972102994441793 ], [ 110.327550896850312, -6.97429006726736 ], [ 110.330040267250425, -6.974905668709137 ], [ 110.335438501866633, -6.966151602317225 ], [ 110.336289895672806, -6.965535656017046 ], [ 110.337509696725505, -6.965549627819941 ], [ 110.338111415015675, -6.965919430501709 ], [ 110.33852570202923, -6.966491169030352 ], [ 110.338689485861252, -6.967177801899389 ], [ 110.338577830831383, -6.967874795636263 ], [ 110.334062412189212, -6.975276569361865 ], [ 110.334744176218521, -6.976363273374058 ], [ 110.335099831072966, -6.976325809826132 ], [ 110.336687060019386, -6.973770468977404 ], [ 110.337216428756207, -6.973303064019456 ], [ 110.338415792360436, -6.973080340366418 ], [ 110.339484323362228, -6.973668425296377 ], [ 110.33992174547005, -6.974623458422758 ], [ 110.339824487371999, -6.975497209931906 ], [ 110.336738661035028, -6.980563713269116 ], [ 110.338244930496828, -6.98224733008387 ], [ 110.339612911060485, -6.981356317947517 ], [ 110.340319191648561, -6.981340955051317 ], [ 110.340977594421801, -6.981596819977756 ], [ 110.341725459598337, -6.98255982702162 ], [ 110.3416454702121, -6.983882701691203 ], [ 110.342472917634382, -6.9839448030977 ], [ 110.34183235597169, -6.980961899159026 ], [ 110.342292128201819, -6.97736573890991 ], [ 110.34203285088806, -6.974410700410384 ], [ 110.346279798772457, -6.961794223251684 ], [ 110.347125379331146, -6.960915657942548 ], [ 110.348336811744929, -6.960772527021011 ], [ 110.348981181057141, -6.961061810185592 ], [ 110.349465711492243, -6.96157546976066 ], [ 110.349727010642169, -6.962766099484215 ], [ 110.34563376564634, -6.975050097748194 ], [ 110.345738206599165, -6.975824834343088 ], [ 110.346561132622369, -6.97644580622264 ], [ 110.3469114463485, -6.977436058782482 ], [ 110.346552836861122, -6.978601123195403 ], [ 110.345691035494383, -6.97922804760793 ], [ 110.345474474995981, -6.98080178842544 ], [ 110.345790464041087, -6.982412723328929 ], [ 110.346875610626256, -6.983762013884261 ], [ 110.349514868206853, -6.981150392733173 ], [ 110.349882624626616, -6.979543249684697 ], [ 110.349613564887903, -6.978895416472939 ], [ 110.349612434045753, -6.978189549796545 ], [ 110.350141060247864, -6.976528884936892 ], [ 110.350813722484503, -6.975817186418644 ], [ 110.351761739769174, -6.972012813983985 ], [ 110.3526154287471, -6.971142093487673 ], [ 110.35365355044884, -6.970977311293653 ], [ 110.35460833997432, -6.971416585377372 ], [ 110.355194430675226, -6.972485613333748 ], [ 110.354276482980652, -6.976904927283976 ], [ 110.355082263519918, -6.978442742236814 ], [ 110.355210540882879, -6.979136876184625 ], [ 110.354738194322977, -6.980330735350689 ], [ 110.353336638684382, -6.98114029242183 ], [ 110.355420773128984, -6.9818098021617 ], [ 110.357583776470634, -6.982913283943825 ], [ 110.359158808652921, -6.984580558882148 ], [ 110.360827454908758, -6.984835053204134 ], [ 110.366648692177137, -6.968133726443273 ], [ 110.36396772441681, -6.962001715029089 ], [ 110.363906568987332, -6.961124697622525 ], [ 110.364266379889401, -6.960322431138363 ], [ 110.364803158319049, -6.959863552558825 ], [ 110.365652061610987, -6.959632518750738 ], [ 110.366347584227753, -6.959756019771689 ], [ 110.366942865695847, -6.960136077335938 ], [ 110.370994991625338, -6.969088483735247 ], [ 110.375769652873018, -6.974844441773303 ], [ 110.376897137923748, -6.974869483391868 ], [ 110.378290959061758, -6.975799845827618 ], [ 110.378850946003453, -6.976477946761142 ], [ 110.379025018148496, -6.977337091990627 ], [ 110.380754384046497, -6.977363425379796 ], [ 110.381590214222541, -6.958262342560836 ], [ 110.382260604708009, -6.957243981460019 ], [ 110.383425362245234, -6.956881737861175 ], [ 110.384111830151838, -6.957048304692114 ], [ 110.384682253208979, -6.957464689084438 ], [ 110.385049789930392, -6.958067500856046 ], [ 110.385156186633381, -6.958819802993665 ], [ 110.388217338539093, -6.958605137220719 ], [ 110.387546050661385, -6.956535762999697 ], [ 110.385281013285166, -6.956730484366045 ], [ 110.384590021168393, -6.956583781296926 ], [ 110.383786244238593, -6.9559069695112 ], [ 110.383494235685603, -6.954898009856343 ], [ 110.383812417054401, -6.953896983702035 ], [ 110.384660825728943, -6.953231938926736 ], [ 110.384577624018746, -6.952362778752275 ], [ 110.384816563488201, -6.951698511082368 ], [ 110.385760636606108, -6.950926585522684 ], [ 110.38663633748024, -6.950841670370822 ], [ 110.387448696721435, -6.951179270245946 ], [ 110.387922341960987, -6.951702966720746 ], [ 110.388343728469664, -6.952781504138143 ], [ 110.389685828510821, -6.952626874798427 ], [ 110.389305004897992, -6.951909971777313 ], [ 110.389249864442263, -6.951284396674619 ], [ 110.387965517044591, -6.949727660415832 ], [ 110.387621499174969, -6.948918505530983 ], [ 110.387848663189445, -6.947720896626466 ], [ 110.388784587376279, -6.946939133907946 ], [ 110.393401415242565, -6.945810608567193 ], [ 110.394411793115495, -6.946168421822835 ], [ 110.395158738676216, -6.947153006508161 ], [ 110.396119329005643, -6.946733484349953 ], [ 110.398203740059472, -6.945209183765126 ], [ 110.399416828593075, -6.945081087608942 ], [ 110.400435885006502, -6.945751067298922 ], [ 110.400798280600824, -6.946914968516547 ], [ 110.400451224114008, -6.947906370468609 ], [ 110.399342500847553, -6.948837813587065 ], [ 110.400160176936595, -6.949133518016326 ], [ 110.401203706362082, -6.949937176295697 ], [ 110.402751518145806, -6.950645335493536 ], [ 110.403930108233055, -6.950011978041148 ], [ 110.404826081580723, -6.949072640745159 ], [ 110.405728200344669, -6.948902881019526 ], [ 110.406594039962684, -6.94834885985741 ], [ 110.407473308135934, -6.948317922558854 ], [ 110.408122126494334, -6.948597080687563 ], [ 110.408703863902986, -6.949256624976604 ], [ 110.409235036111866, -6.951409605786813 ], [ 110.416046262792406, -6.953835877396083 ], [ 110.415344824183762, -6.951457553291784 ], [ 110.41539187785132, -6.950579659031294 ], [ 110.416122869125772, -6.949603817218907 ], [ 110.417170167799981, -6.949305516768694 ], [ 110.416835662353307, -6.94687078394226 ], [ 110.417098478307238, -6.945853836070989 ], [ 110.4178824084604, -6.945154177245664 ], [ 110.419097220086641, -6.945043535823588 ], [ 110.419994817068016, -6.94559004649318 ], [ 110.42040389926828, -6.946368386013005 ], [ 110.421351574353082, -6.953026407156549 ], [ 110.422302150784944, -6.953722023260383 ], [ 110.424226713960479, -6.95442641417113 ], [ 110.425240979101503, -6.954032259933904 ], [ 110.426708872026708, -6.951751517549288 ], [ 110.425061765130707, -6.949867111251111 ], [ 110.422638819004717, -6.947901294753255 ], [ 110.422241654731991, -6.947317547307695 ], [ 110.422172016057232, -6.94610059648545 ], [ 110.422712946805291, -6.945255759438756 ], [ 110.422849787721844, -6.944230779917084 ], [ 110.42336525653738, -6.943533093391067 ], [ 110.42433407909229, -6.94312574938963 ], [ 110.425366102115305, -6.943324902936329 ], [ 110.426021284501346, -6.943911661172379 ], [ 110.426304860217257, -6.944623120032681 ], [ 110.42771365672624, -6.944940793895551 ], [ 110.428437542733192, -6.945951868046954 ], [ 110.429597324168441, -6.943691207534777 ], [ 110.430230907151412, -6.943081222918404 ], [ 110.431077434576551, -6.942841710550527 ], [ 110.431936994570648, -6.943029232667683 ], [ 110.432496458798852, -6.943460195926304 ], [ 110.432890093812972, -6.944219812942617 ], [ 110.433617194497543, -6.944439138011466 ], [ 110.434144581620217, -6.944882723357226 ], [ 110.435102545388176, -6.942483363899752 ], [ 110.435782327879494, -6.941925247827639 ], [ 110.436645130355302, -6.941753242328984 ], [ 110.43754113667822, -6.942043937303679 ], [ 110.438487855483189, -6.942011703932167 ], [ 110.439130168539506, -6.942305490066743 ], [ 110.439696788357097, -6.942978047111065 ], [ 110.440091089621959, -6.944335127963265 ], [ 110.441982143914373, -6.938887527492063 ], [ 110.443349986587279, -6.937632026235772 ], [ 110.444362107001325, -6.937348710031305 ], [ 110.44505182276599, -6.93750120040476 ], [ 110.445630639869009, -6.937905832868777 ], [ 110.44601043896094, -6.938501006357315 ], [ 110.446120886785579, -6.939373208799916 ], [ 110.444696194337979, -6.943840517476872 ], [ 110.445215358195114, -6.944562164780689 ], [ 110.445299404997414, -6.94560911721989 ], [ 110.44306977455345, -6.952529606856082 ], [ 110.444563627570489, -6.953303579239036 ], [ 110.44511545835735, -6.954537782277588 ], [ 110.448428084734388, -6.954948369414335 ], [ 110.446688770928674, -6.953486053408981 ], [ 110.446424939974506, -6.952647354110362 ], [ 110.446521580398823, -6.951948109855477 ], [ 110.446878656598741, -6.95133904670303 ], [ 110.447441806477329, -6.950912888461695 ], [ 110.448125295969362, -6.950734513343723 ], [ 110.448824417740937, -6.950830886252639 ], [ 110.44885058531915, -6.949969082276762 ], [ 110.449169379045699, -6.94933916782964 ], [ 110.449705144993345, -6.948879107146373 ], [ 110.450553532481266, -6.948646210444853 ], [ 110.451249318806532, -6.948768189307009 ], [ 110.451967699550622, -6.949275757558278 ], [ 110.453769275742474, -6.952115405236061 ], [ 110.453605180599254, -6.953323271337091 ], [ 110.452061041716334, -6.954854377549865 ], [ 110.452038888635542, -6.95522737902913 ], [ 110.456031278297644, -6.954930407002995 ], [ 110.456607369662478, -6.954647591426359 ], [ 110.456743725103138, -6.953806288143531 ], [ 110.457140302343944, -6.953222134135737 ], [ 110.458070758423432, -6.952733526540642 ], [ 110.459145995779906, -6.952858203374324 ], [ 110.460648101967635, -6.951615213475499 ], [ 110.462468209527188, -6.948957879807834 ], [ 110.46207346079882, -6.946906009302582 ], [ 110.462560738371749, -6.94578853565242 ], [ 110.463135705121971, -6.945378441544477 ], [ 110.464001599464922, -6.945222663348691 ], [ 110.464838738935242, -6.945493153160704 ], [ 110.465435381128216, -6.946104174298182 ], [ 110.466008358160707, -6.944943967945232 ], [ 110.467192061136828, -6.944394281057529 ], [ 110.467214860722123, -6.943529442763001 ], [ 110.467531565465336, -6.942898476648347 ], [ 110.468561224168496, -6.942244866585946 ], [ 110.469772113876331, -6.942392341577272 ], [ 110.471911869224428, -6.944012014528401 ], [ 110.475490785666821, -6.947797789757383 ], [ 110.476367093963219, -6.9479666698616 ], [ 110.477427136239911, -6.947866741104753 ], [ 110.47747392848693, -6.947548162974599 ], [ 110.459265521136459, -6.934526943777239 ], [ 110.458798609062228, -6.933585946217997 ], [ 110.459014388624382, -6.932386222138948 ], [ 110.459779975908617, -6.931666579416 ], [ 110.461032182879066, -6.931296633894934 ], [ 110.462206092468492, -6.931627907384967 ], [ 110.478732575838876, -6.943388464292286 ], [ 110.479769285243677, -6.943171032868364 ], [ 110.481721768617206, -6.943781538265095 ], [ 110.482449898537496, -6.944539027976817 ], [ 110.482633223625356, -6.94557865636177 ], [ 110.486185215215428, -6.947423484914521 ], [ 110.488114689947125, -6.946815278292876 ], [ 110.489282208978921, -6.947168528284581 ], [ 110.48990878632749, -6.948011836226493 ], [ 110.489995471585203, -6.948886722064898 ], [ 110.48954654658543, -6.94983643175298 ], [ 110.488670059837204, -6.950377232546868 ], [ 110.490170531283965, -6.953075976165248 ], [ 110.491166275017207, -6.953504000552935 ], [ 110.4917195013428, -6.954363231684803 ], [ 110.499396535139411, -6.957024922137959 ], [ 110.501942771280866, -6.955633486398229 ], [ 110.502820590720447, -6.955693042845713 ], [ 110.503683500264543, -6.956292804142765 ], [ 110.504044740271709, -6.95709445095217 ], [ 110.504005171457564, -6.958675303940963 ], [ 110.503415721903735, -6.959827344675373 ], [ 110.503233895414041, -6.96085601252947 ], [ 110.502198371835064, -6.96194028584153 ], [ 110.502624938997144, -6.962764983554178 ], [ 110.50254202264091, -6.963812035048046 ], [ 110.502160900077939, -6.964406383401243 ], [ 110.50104240213021, -6.965254510200017 ], [ 110.499733268048288, -6.965472008808551 ], [ 110.500407389736807, -6.966569875311632 ], [ 110.500437462711574, -6.967588439927193 ], [ 110.501687695235631, -6.968702361728594 ], [ 110.502108522652534, -6.969599804066778 ], [ 110.502944476867413, -6.96928265730442 ], [ 110.503816589697635, -6.969399113391247 ], [ 110.50463867551548, -6.970053662667859 ], [ 110.504947002704924, -6.970877080363867 ], [ 110.5048716406735, -6.972189458487028 ], [ 110.505079190080224, -6.973439613703868 ], [ 110.504801037664834, -6.977150356085606 ], [ 110.503138993168321, -6.98403593673497 ], [ 110.50427569548647, -6.984729319844543 ], [ 110.504693374856103, -6.985874606080761 ], [ 110.504353108708983, -6.987406937538358 ], [ 110.503376618703186, -6.989724028122459 ], [ 110.503400928766268, -6.992695174174306 ], [ 110.503086254033491, -6.9933271732235 ], [ 110.502553470423038, -6.993790745050505 ], [ 110.501883689649631, -6.994015314497418 ], [ 110.501088606237133, -6.993960707136607 ], [ 110.500068708232021, -6.99687696049701 ], [ 110.499140270153021, -6.997667734835423 ], [ 110.498266353765899, -6.997770247161711 ], [ 110.49737530559365, -6.997520578687707 ], [ 110.496054601071336, -6.995990497505681 ], [ 110.495017646398054, -6.996405589822873 ], [ 110.493678692076855, -6.996173737319656 ], [ 110.493179010230264, -6.997394695287897 ], [ 110.493820820236039, -6.998379997538152 ], [ 110.493707091199425, -6.999593639934949 ], [ 110.493004889509123, -7.000375265835359 ], [ 110.492031076018364, -7.000635161808219 ], [ 110.491704474326241, -7.00147182951696 ], [ 110.49030796117647, -7.003345985646828 ], [ 110.491396911028531, -7.00332696373771 ], [ 110.491925285004356, -7.002721375884761 ], [ 110.492567223783325, -7.002426581337209 ], [ 110.493616564303125, -7.002489607732093 ], [ 110.494342798564702, -7.002986021526482 ], [ 110.494756861762454, -7.003807374817133 ], [ 110.495774624517182, -7.004709643219604 ], [ 110.498136950763651, -7.005372788087699 ], [ 110.499178924478542, -7.006541463133237 ], [ 110.499316926486571, -7.007409746242755 ], [ 110.49902896668182, -7.008240499967356 ], [ 110.495527550146306, -7.011947176047713 ], [ 110.497173420011308, -7.012499834824373 ], [ 110.497983978768573, -7.013410881483983 ], [ 110.49810468204214, -7.014281733176863 ], [ 110.497800248033144, -7.015106603924329 ], [ 110.497142569570912, -7.015690693536562 ], [ 110.496337302953179, -7.015963170982141 ], [ 110.497187411017833, -7.016182100993683 ], [ 110.49773069339993, -7.016633374913567 ], [ 110.499205194235032, -7.019357559295729 ], [ 110.500159532505393, -7.020253868293231 ], [ 110.500316566180516, -7.021292405860213 ], [ 110.499629187863576, -7.023795345148794 ], [ 110.500257272486238, -7.024132969730441 ], [ 110.500702706891005, -7.024680897762407 ], [ 110.500994469172412, -7.026279442939766 ], [ 110.500640339591158, -7.027084271547559 ], [ 110.499898305658888, -7.027646720077148 ], [ 110.499442151232969, -7.028313462381437 ], [ 110.497523512809849, -7.029166899181506 ], [ 110.497014244348094, -7.030341767704451 ], [ 110.496202855100591, -7.031143605538665 ], [ 110.495515038660329, -7.03145056566244 ], [ 110.494512121818161, -7.031379553906691 ], [ 110.493240097559621, -7.031778538421825 ], [ 110.492052422819924, -7.031399339599518 ], [ 110.488724109374019, -7.031014152497438 ], [ 110.487454940909871, -7.031359198858808 ], [ 110.48635703691231, -7.030827518305145 ], [ 110.485841335850893, -7.029603902849588 ], [ 110.485256199618803, -7.030057449682149 ], [ 110.484572619646244, -7.030235935755989 ], [ 110.483275814999061, -7.029793051102573 ], [ 110.485898279118473, -7.039849191706335 ], [ 110.485088779216142, -7.041944757955091 ], [ 110.483187823179279, -7.044489208475394 ], [ 110.482431786172882, -7.049932029009526 ], [ 110.48166069363208, -7.053911036331152 ], [ 110.481307759578982, -7.054616773331825 ], [ 110.482549827729414, -7.054498645410729 ], [ 110.483383838809416, -7.05477920181863 ], [ 110.484128987116335, -7.055744434799559 ], [ 110.48410425314151, -7.056926630176444 ], [ 110.487100986851473, -7.058626249819529 ], [ 110.487443095963172, -7.059243876950841 ], [ 110.488349017979957, -7.062596703540435 ], [ 110.488059990879165, -7.063471183077017 ], [ 110.485882340404643, -7.066337483061568 ], [ 110.483890205109731, -7.069492011371818 ], [ 110.480292063889877, -7.08102895756634 ], [ 110.480290819143846, -7.081804569429506 ], [ 110.481391819923047, -7.082255785589411 ], [ 110.482041299928696, -7.083287715947909 ], [ 110.481960566292443, -7.084334930661801 ], [ 110.481311025669498, -7.085160850937433 ], [ 110.480133956117612, -7.085482158703702 ], [ 110.478473142930127, -7.085053347538302 ], [ 110.478672063113777, -7.086077739082762 ], [ 110.478274634903343, -7.087050130312022 ], [ 110.477403382147159, -7.087638075888136 ], [ 110.476524587322444, -7.08768566555239 ], [ 110.475727103214837, -7.087313810672541 ], [ 110.475276063142374, -7.086770434039654 ], [ 110.474281903413612, -7.084429269493183 ], [ 110.473765140725476, -7.083716666956894 ], [ 110.47365658833489, -7.082779583441401 ], [ 110.468827853798189, -7.081866985895271 ], [ 110.466325544971028, -7.081166743138136 ], [ 110.465317099388756, -7.081497275549569 ], [ 110.464160549763037, -7.081108697081238 ], [ 110.463513296325203, -7.080075377520537 ], [ 110.463553955650895, -7.078686986011025 ], [ 110.465468485265333, -7.074320226386787 ], [ 110.464388636024097, -7.073922380460878 ], [ 110.463752373006216, -7.072882277268719 ], [ 110.463746308588483, -7.072176424054649 ], [ 110.464297247449892, -7.071187609010092 ], [ 110.464431971892438, -7.069879439213556 ], [ 110.462978852047371, -7.069589644524799 ], [ 110.462873272745384, -7.071618132898856 ], [ 110.459512590950581, -7.079632179148931 ], [ 110.458985473160425, -7.080336193159358 ], [ 110.458188380478148, -7.080708853259098 ], [ 110.457356186902317, -7.080674022255081 ], [ 110.456625307927439, -7.081022615316008 ], [ 110.45515458570236, -7.08118751998559 ], [ 110.449345555363323, -7.079991946202527 ], [ 110.449999832993072, -7.082888356965752 ], [ 110.450416847250708, -7.083382979188977 ], [ 110.452958737304925, -7.084321092326864 ], [ 110.453655308619631, -7.085321899914036 ], [ 110.453671591351721, -7.086200902618893 ], [ 110.453381341487599, -7.086844482846159 ], [ 110.452866637469981, -7.087328116031676 ], [ 110.452121569381077, -7.087588039268685 ], [ 110.452710269858599, -7.089851035323305 ], [ 110.452429282399635, -7.090684175918097 ], [ 110.4519390254315, -7.091192527538146 ], [ 110.450761093668376, -7.091510700939525 ], [ 110.449782368163781, -7.091126925773517 ], [ 110.449245013892266, -7.090430669801688 ], [ 110.448566046533401, -7.088364440593833 ], [ 110.447750953218971, -7.088406328625112 ], [ 110.446948756742628, -7.088044737095023 ], [ 110.444484840072988, -7.085206434578671 ], [ 110.434977482781576, -7.090010563319704 ], [ 110.43338526905336, -7.08982526028341 ], [ 110.430389374160811, -7.088039827298726 ], [ 110.427962260862529, -7.089558653418082 ], [ 110.427170942213053, -7.08979546965963 ], [ 110.423481174828467, -7.088998304256688 ], [ 110.422703479989579, -7.088660437672984 ], [ 110.420318668111349, -7.090848473772876 ], [ 110.420584345845967, -7.091297698936497 ], [ 110.42115168731759, -7.091579271823885 ], [ 110.421308868141878, -7.090457079649367 ], [ 110.42198974739371, -7.089656750611455 ], [ 110.422823353344967, -7.089374838354983 ], [ 110.423525279579593, -7.089456082672661 ], [ 110.424142651871477, -7.089799472855454 ], [ 110.424581481422621, -7.090352731398482 ], [ 110.424767102555649, -7.091995810223302 ], [ 110.427668249125759, -7.090801909780692 ], [ 110.428374844397567, -7.09079543415005 ], [ 110.42903013469973, -7.091059565617955 ], [ 110.429534358802925, -7.091554093028577 ], [ 110.429810753086073, -7.092203729642149 ], [ 110.429817238143812, -7.092909574521552 ], [ 110.429448268549422, -7.093707732123355 ], [ 110.42874621376383, -7.094237897974364 ], [ 110.423487259196534, -7.096464607199636 ], [ 110.420770721618879, -7.096622905823067 ], [ 110.417885211379456, -7.099072873278502 ], [ 110.415415111323654, -7.103451844614299 ], [ 110.414457642893595, -7.104383215606644 ], [ 110.413820025538513, -7.107360143782119 ], [ 110.4142985748841, -7.108204207085669 ], [ 110.414347598501706, -7.109081988604658 ], [ 110.41408151710894, -7.109735909346608 ], [ 110.41358516791162, -7.110238340216146 ], [ 110.412758484160904, -7.110540005353125 ], [ 110.411887053061648, -7.110416783365578 ], [ 110.411296900341029, -7.110028525695668 ], [ 110.41056916953471, -7.109018029369878 ], [ 110.409914913801131, -7.10942067475761 ], [ 110.409190786419245, -7.109516152385446 ], [ 110.409021143107395, -7.110333256960031 ], [ 110.408464515787045, -7.111014247195682 ], [ 110.407826470526146, -7.111317650310376 ], [ 110.407120757321223, -7.111354058134317 ], [ 110.406454815790255, -7.111117927943751 ], [ 110.405930030345871, -7.110645208858309 ], [ 110.405513572985541, -7.109320089434041 ], [ 110.399928581866945, -7.111369658029795 ], [ 110.400349079646887, -7.112330238603677 ], [ 110.400237350512015, -7.113202269896737 ], [ 110.39972728305699, -7.113918722097388 ], [ 110.398764079216022, -7.114339949630776 ], [ 110.397574681912005, -7.114067440727112 ], [ 110.39564083457509, -7.112259575753552 ], [ 110.390949386211574, -7.110748313864461 ], [ 110.388628015962169, -7.112628459553866 ], [ 110.387751404710912, -7.112706875425673 ], [ 110.386941297510774, -7.11236325777991 ], [ 110.386272368552767, -7.111343798450294 ], [ 110.386333267943172, -7.110295264341199 ], [ 110.386701915978946, -7.109693060761949 ], [ 110.388814829566229, -7.107802265640546 ], [ 110.387831081129661, -7.106763888473561 ], [ 110.386214936094987, -7.106814194764623 ], [ 110.383849279188013, -7.111736856650166 ], [ 110.38328702553315, -7.112413215416507 ], [ 110.382117270588523, -7.112760316645711 ], [ 110.380992595940214, -7.112287365984423 ], [ 110.380457250649613, -7.111383395652354 ], [ 110.380462330475737, -7.110504269384796 ], [ 110.383304788027999, -7.10450919136635 ], [ 110.383513577948008, -7.103041076408906 ], [ 110.377072159720854, -7.092070615546439 ], [ 110.374043571614123, -7.090334077905876 ], [ 110.372236017951195, -7.089031730554748 ], [ 110.371894511603372, -7.096835056384318 ], [ 110.372125367377734, -7.1019249481757 ], [ 110.373773885642336, -7.106372717455366 ], [ 110.373703666628145, -7.107249054814652 ], [ 110.373351533985215, -7.107861037818626 ], [ 110.372459718111656, -7.108417394523927 ], [ 110.371408764273411, -7.108385064795423 ], [ 110.370552911293416, -7.107774946132158 ], [ 110.36999649154545, -7.106526835640888 ], [ 110.368955305889315, -7.106711805463223 ], [ 110.367864168899871, -7.10616610215946 ], [ 110.367484839440934, -7.105570559250708 ], [ 110.367362539494636, -7.104875345212191 ], [ 110.368500868176355, -7.101953727988018 ], [ 110.368330775109811, -7.098202879559323 ], [ 110.363547964587127, -7.09676965481326 ], [ 110.362958540650709, -7.096380331559013 ], [ 110.362563132835731, -7.09579532311208 ], [ 110.36242980253347, -7.094926331953777 ], [ 110.362631661712143, -7.094249880393005 ], [ 110.363077298489912, -7.093702085697777 ], [ 110.363871056062564, -7.093322376483399 ], [ 110.364750272714929, -7.093361276302586 ], [ 110.368373830660801, -7.09444023131171 ], [ 110.368571649161794, -7.089920912752812 ], [ 110.367444100228198, -7.09073927391645 ], [ 110.36622401573068, -7.090757094078038 ], [ 110.3652695633387, -7.089997675877147 ], [ 110.365003145352873, -7.088868764976015 ], [ 110.363174032495237, -7.089481082563875 ], [ 110.362051594302642, -7.091143361484134 ], [ 110.361306502671454, -7.097412664933993 ], [ 110.362254179494684, -7.102602186247523 ], [ 110.362146595793845, -7.103474731290084 ], [ 110.361768648876009, -7.104071148685609 ], [ 110.361025173819712, -7.104541611080705 ], [ 110.360147470014013, -7.104606431243067 ], [ 110.359488140578932, -7.104352503024473 ], [ 110.358881172449898, -7.103715889891545 ], [ 110.358606780228243, -7.102851506742341 ], [ 110.35771816852241, -7.102390387007761 ], [ 110.357247499207531, -7.101647531542971 ], [ 110.357221948946361, -7.100597549799355 ], [ 110.357866428139118, -7.099242062863708 ], [ 110.357769917600379, -7.098378629291775 ], [ 110.352244674850127, -7.094192821806981 ], [ 110.350110910975573, -7.095892263465426 ], [ 110.34945515893682, -7.096155239252459 ], [ 110.34825017163908, -7.095963212026161 ], [ 110.347440658598686, -7.095051156426206 ], [ 110.347321055110115, -7.094180176737656 ], [ 110.347734015191534, -7.093214289682059 ], [ 110.351298832047235, -7.090336883053919 ], [ 110.359234996597735, -7.088844415239098 ], [ 110.359648409325786, -7.088232176338034 ], [ 110.3531841616946, -7.086126549753224 ], [ 110.350775164524393, -7.084675517139901 ], [ 110.34387367888317, -7.086362631140145 ], [ 110.34124833108848, -7.086295801417041 ], [ 110.337512234793664, -7.093120376877069 ], [ 110.338186597910749, -7.092260427462869 ], [ 110.339000313530207, -7.091925533461231 ], [ 110.339875982967342, -7.092013356082043 ], [ 110.340529060043778, -7.092425192653181 ], [ 110.341374346271706, -7.092183284572993 ], [ 110.342071642682825, -7.092297546776375 ], [ 110.343179484983651, -7.093067963621675 ], [ 110.344830125006979, -7.09507322108747 ], [ 110.346291542056065, -7.095930725385873 ], [ 110.34673357517633, -7.096883686705701 ], [ 110.346693340300703, -7.097588405161115 ], [ 110.346389868094732, -7.098218697283805 ], [ 110.346902433745257, -7.100118051377306 ], [ 110.346610280457369, -7.100947334652854 ], [ 110.345801013908741, -7.101617869243869 ], [ 110.344931135534395, -7.101751410822139 ], [ 110.342489490245825, -7.101288373423866 ], [ 110.342259821156134, -7.102109284240736 ], [ 110.341655333239089, -7.10274824175002 ], [ 110.340820690845831, -7.103027106878006 ], [ 110.339953002874068, -7.102880023059693 ], [ 110.339373766700461, -7.102475724675302 ], [ 110.338993510117561, -7.101880778513756 ], [ 110.338274208992246, -7.099336150457563 ], [ 110.337885974111359, -7.096772422032484 ], [ 110.335019236741545, -7.096521899494496 ], [ 110.333540229877059, -7.100312941122557 ], [ 110.332467466748483, -7.100893815225725 ], [ 110.331426535168362, -7.100745788845239 ], [ 110.330643362686246, -7.1000450244673 ], [ 110.330382965641803, -7.099205253997244 ], [ 110.331815932035511, -7.094714102280622 ], [ 110.331243978788962, -7.094405035649017 ], [ 110.327048597515756, -7.09493760758896 ], [ 110.328707049128596, -7.102289817810759 ], [ 110.328532519223089, -7.102973809915339 ], [ 110.327971386266086, -7.103651075871682 ], [ 110.32733135443317, -7.1039502276798 ], [ 110.326451269714454, -7.103946588990613 ], [ 110.325676822637888, -7.103528962272978 ], [ 110.325258237851131, -7.102960273129986 ], [ 110.322185516749329, -7.095340968458401 ], [ 110.319409278242233, -7.093686982870393 ], [ 110.319356570023103, -7.106173628152923 ], [ 110.319139124873701, -7.10702550357589 ], [ 110.318688539363848, -7.107569246116664 ], [ 110.317715446321444, -7.107967073073627 ], [ 110.316608017441894, -7.107711239696058 ], [ 110.316391437732278, -7.108600906813873 ], [ 110.315797039004508, -7.109249241419168 ], [ 110.314966864921786, -7.109541131263974 ], [ 110.314096969126467, -7.109407643874391 ], [ 110.313392786027009, -7.10888030381427 ], [ 110.313062906458171, -7.108256080094857 ], [ 110.311818175756869, -7.101877629043188 ], [ 110.30960817361408, -7.102457208459745 ], [ 110.308792502083605, -7.102939460897149 ] ], [ [ 110.427182638476552, -7.038360630202245 ], [ 110.426901024276631, -7.038883924160732 ], [ 110.426695973926201, -7.039388964774473 ], [ 110.427178553091792, -7.039106602732157 ], [ 110.427182638476552, -7.038360630202245 ] ], [ [ 110.425701299601712, -7.041812029061047 ], [ 110.424877728691783, -7.042619462436442 ], [ 110.425281117867996, -7.04317731784583 ], [ 110.425880306771703, -7.04306283657714 ], [ 110.425701299601712, -7.041812029061047 ] ], [ [ 110.424162585159863, -7.060102945607174 ], [ 110.423669841103944, -7.061575785331306 ], [ 110.425097500522895, -7.06208493573054 ], [ 110.425564792322945, -7.060387463567057 ], [ 110.425451261569137, -7.060112160843784 ], [ 110.424162585159863, -7.060102945607174 ] ], [ [ 110.42321255323742, -7.06525454061751 ], [ 110.420258879513014, -7.064181769647706 ], [ 110.418650508381972, -7.065456171504615 ], [ 110.419529257364943, -7.066422291749176 ], [ 110.4216521322098, -7.066321062172163 ], [ 110.422315592953183, -7.065670705873172 ], [ 110.423291153638019, -7.065438441409196 ], [ 110.42321255323742, -7.06525454061751 ] ], [ [ 110.424143615570657, -7.075807662113326 ], [ 110.423248859659722, -7.075942208217628 ], [ 110.422202806803483, -7.075586342748459 ], [ 110.421662273409666, -7.076408260349988 ], [ 110.419978477160839, -7.083563807645868 ], [ 110.420701150805712, -7.083796073907121 ], [ 110.428462859955886, -7.080412323827466 ], [ 110.428850109284426, -7.07951169180321 ], [ 110.426047981457486, -7.077092973392515 ], [ 110.424701650668254, -7.076360955429968 ], [ 110.424143615570657, -7.075807662113326 ] ], [ [ 110.393030730516116, -7.0352480830226 ], [ 110.3934746514729, -7.039435742870378 ], [ 110.397254808768068, -7.036145192954689 ], [ 110.397094823067192, -7.034938727267122 ], [ 110.398237469062366, -7.032020998196984 ], [ 110.397189299152259, -7.031639252655928 ], [ 110.396531281687658, -7.03056542542023 ], [ 110.395044311559445, -7.032205655216473 ], [ 110.393030730516116, -7.0352480830226 ] ], [ [ 110.39673423270365, -7.042414283527421 ], [ 110.398751983096986, -7.040208028296149 ], [ 110.400445458815213, -7.03953634002264 ], [ 110.402243875514472, -7.038039519506904 ], [ 110.403953265934121, -7.035956538252982 ], [ 110.40186076548234, -7.036934685835885 ], [ 110.39593924218002, -7.042089307287052 ], [ 110.39673423270365, -7.042414283527421 ] ], [ [ 110.398562824779603, -7.045871029901141 ], [ 110.396663731764548, -7.047289016582846 ], [ 110.3967302282323, -7.047506123710848 ], [ 110.399004522028477, -7.048383797639644 ], [ 110.401329475549275, -7.046320877105731 ], [ 110.402048099694852, -7.044100310304938 ], [ 110.402449082634902, -7.04351912427988 ], [ 110.403210330657942, -7.043078090304344 ], [ 110.404256717208028, -7.043091978600476 ], [ 110.40531214463239, -7.04261734814395 ], [ 110.406182303728258, -7.042748389400457 ], [ 110.410427061889493, -7.045017994764645 ], [ 110.411617245482702, -7.045095419097192 ], [ 110.410662923712707, -7.042263533604196 ], [ 110.41084373677559, -7.041403143640395 ], [ 110.411409170847421, -7.040729500133071 ], [ 110.412051045983716, -7.040434477096609 ], [ 110.412930982975396, -7.040443789297631 ], [ 110.413826944524814, -7.0409932646656 ], [ 110.414309048201474, -7.041853775286239 ], [ 110.416543882729584, -7.042025737548851 ], [ 110.417600989631694, -7.040884286256457 ], [ 110.416030320910522, -7.038151211634661 ], [ 110.414575476843766, -7.037580356459358 ], [ 110.408948861398073, -7.036552676648884 ], [ 110.407524600818078, -7.037111306059636 ], [ 110.4060868174154, -7.039292095443944 ], [ 110.402026106237145, -7.043830199563929 ], [ 110.40106471043525, -7.044255203357491 ], [ 110.400050586397313, -7.044084547950966 ], [ 110.398562824779603, -7.045871029901141 ] ], [ [ 110.393788152312226, -7.059087785251209 ], [ 110.390115482700566, -7.061806653185186 ], [ 110.389769112175543, -7.062294635098152 ], [ 110.390491818407824, -7.07079988556624 ], [ 110.395561092412564, -7.066853434414885 ], [ 110.394801808861757, -7.062831325654049 ], [ 110.394757051146954, -7.058835971303597 ], [ 110.393788152312226, -7.059087785251209 ] ], [ [ 110.389117688838965, -7.081695715252048 ], [ 110.394469134105734, -7.08408480486959 ], [ 110.396434411368119, -7.085904906265359 ], [ 110.398493176956251, -7.088410355255894 ], [ 110.399294540881812, -7.090121255031286 ], [ 110.399645023471365, -7.094255073189636 ], [ 110.39942114196576, -7.094958323866903 ], [ 110.39881563787813, -7.095596325087556 ], [ 110.398156898379696, -7.095851758671718 ], [ 110.397450447168026, -7.095835929281724 ], [ 110.393524714732365, -7.094222717926833 ], [ 110.391057258781714, -7.095203894845707 ], [ 110.391100062363535, -7.100263590862607 ], [ 110.39639367857724, -7.100410921291087 ], [ 110.397198172193612, -7.100767412705697 ], [ 110.397757291643956, -7.101502288477997 ], [ 110.397850776154129, -7.102588893922861 ], [ 110.396299679516815, -7.108192451371106 ], [ 110.396889209402815, -7.10863040360881 ], [ 110.405094115640651, -7.105619391887759 ], [ 110.405074622437297, -7.104286971343048 ], [ 110.405649381036156, -7.102280685800659 ], [ 110.401435060398526, -7.10228993735553 ], [ 110.40044011061299, -7.101584241918377 ], [ 110.40011413639472, -7.100585691917333 ], [ 110.400398465101716, -7.099574522743718 ], [ 110.401197257821167, -7.09889155871128 ], [ 110.404522590597651, -7.098685043277044 ], [ 110.404641837611223, -7.098414455337959 ], [ 110.403534062022203, -7.097755149403707 ], [ 110.40307355066075, -7.096810947069662 ], [ 110.403215785307651, -7.095770300528853 ], [ 110.403912820923864, -7.094983970164839 ], [ 110.404575343402868, -7.09473849483295 ], [ 110.405281474390875, -7.094764968956819 ], [ 110.408115807556698, -7.096025932579618 ], [ 110.407963538809781, -7.094617744276027 ], [ 110.406925645967689, -7.094226670549306 ], [ 110.405829756262932, -7.093261333589661 ], [ 110.405452814771138, -7.092560546400681 ], [ 110.405479768576683, -7.089560845504617 ], [ 110.404742754027481, -7.08328121639611 ], [ 110.402401921092249, -7.080614367101304 ], [ 110.398526864637958, -7.080946184555156 ], [ 110.397530491590686, -7.080242560969523 ], [ 110.39720712566222, -7.079067217139202 ], [ 110.397587245080231, -7.07808796226032 ], [ 110.398447909287029, -7.07748470461084 ], [ 110.403043214872511, -7.076895113770416 ], [ 110.404348460208425, -7.077283011924293 ], [ 110.405429568869607, -7.078586149273641 ], [ 110.405951502365156, -7.076434948632249 ], [ 110.405659305095242, -7.072303278730843 ], [ 110.406171653685519, -7.067870164851043 ], [ 110.406778736568668, -7.066812817611583 ], [ 110.407953207885484, -7.066381222461009 ], [ 110.407260776340209, -7.065347006676173 ], [ 110.407421552513398, -7.064077100745873 ], [ 110.406574738120383, -7.063972161851575 ], [ 110.405975697372412, -7.063597828190486 ], [ 110.405122274553065, -7.062558859096953 ], [ 110.404928143554727, -7.061526616456326 ], [ 110.405340785089507, -7.060560592192398 ], [ 110.406157562687866, -7.060008350760016 ], [ 110.406912267171464, -7.059036431240374 ], [ 110.407921246637315, -7.058741274727681 ], [ 110.409204091885627, -7.059061954328025 ], [ 110.40954974432276, -7.058505643691542 ], [ 110.410157443890711, -7.058071646135917 ], [ 110.409826978419531, -7.056461936613333 ], [ 110.408176000178941, -7.055718983093351 ], [ 110.407460305178034, -7.054731775484161 ], [ 110.40753396075506, -7.053515068493314 ], [ 110.408373336694027, -7.052616719305699 ], [ 110.408505765632512, -7.052163616036143 ], [ 110.407765066351914, -7.052350037294281 ], [ 110.406905082725729, -7.052163559782237 ], [ 110.40623463733175, -7.051594103202278 ], [ 110.40591164030414, -7.050770958578893 ], [ 110.404884606831445, -7.050691437753956 ], [ 110.40308811135894, -7.049599655158675 ], [ 110.402012164787223, -7.050554340768143 ], [ 110.402422853109115, -7.051508677845062 ], [ 110.402307766206548, -7.052380273925881 ], [ 110.401653983275878, -7.053202794679668 ], [ 110.400700180676679, -7.053520747637759 ], [ 110.402354642151593, -7.054006439186597 ], [ 110.402947482097446, -7.054390478923024 ], [ 110.40345580500734, -7.05530985488797 ], [ 110.403367179447216, -7.056356419443913 ], [ 110.402982760568193, -7.056948677496098 ], [ 110.402337677741968, -7.057372408732703 ], [ 110.402385985728358, -7.058596132769278 ], [ 110.402045694826953, -7.059214750042705 ], [ 110.4014943362629, -7.059656182780647 ], [ 110.40028540291641, -7.05982101790501 ], [ 110.398380853556333, -7.059044691868944 ], [ 110.39840781671144, -7.062031424459087 ], [ 110.400114308948758, -7.064323022316413 ], [ 110.401461143626889, -7.064619281854764 ], [ 110.402633423174009, -7.065287692292071 ], [ 110.403132412200492, -7.06578745866855 ], [ 110.403401973718061, -7.066439945014658 ], [ 110.403386501213774, -7.067212022611311 ], [ 110.402979697111959, -7.067991601359155 ], [ 110.40231626085891, -7.068462873298523 ], [ 110.401316445544097, -7.068677076870343 ], [ 110.401525974828559, -7.071856400831428 ], [ 110.401367607086016, -7.072544314853424 ], [ 110.400521700460246, -7.073422773672973 ], [ 110.3993099452465, -7.073565740249056 ], [ 110.39828245810628, -7.072908310578865 ], [ 110.39789218421879, -7.071679405850708 ], [ 110.389368576240187, -7.079502491494456 ], [ 110.389117688838965, -7.081695715252048 ] ], [ [ 110.369681289151615, -6.977166086430301 ], [ 110.368756018221703, -6.979426655232353 ], [ 110.367849341868578, -6.979958082221041 ], [ 110.36675367058028, -6.979879584685054 ], [ 110.365788673040882, -6.981684082125053 ], [ 110.367608451924951, -6.981096636082713 ], [ 110.368451090756778, -6.981110111187051 ], [ 110.373465951353097, -6.983795031685307 ], [ 110.374743702235875, -6.983902698578975 ], [ 110.375297082914628, -6.983125499114977 ], [ 110.374952060765608, -6.979528645605606 ], [ 110.370390165967763, -6.974029212318921 ], [ 110.369681289151615, -6.977166086430301 ] ], [ [ 110.379982955024843, -7.031453372549299 ], [ 110.379222695138395, -7.031868369865458 ], [ 110.377765514551044, -7.032141737572947 ], [ 110.374584471569975, -7.030841146121669 ], [ 110.374618034668174, -7.031559056550736 ], [ 110.379517145158502, -7.036231640412637 ], [ 110.379737942342572, -7.037430438984707 ], [ 110.379490377470859, -7.038091559122405 ], [ 110.379008417011633, -7.038607704664475 ], [ 110.378013585254152, -7.038947283508334 ], [ 110.376997574605269, -7.038677456068237 ], [ 110.373247671057598, -7.03523001365713 ], [ 110.372665884640583, -7.035774051089848 ], [ 110.3719977825005, -7.036003683561057 ], [ 110.371123172179466, -7.035906789004936 ], [ 110.370459174333561, -7.035472525005562 ], [ 110.367416549262614, -7.039719886228062 ], [ 110.372346175576865, -7.045132084762963 ], [ 110.374345554561202, -7.045581450581839 ], [ 110.374963613377929, -7.046207254576052 ], [ 110.375213407106557, -7.047050234369872 ], [ 110.375035943175902, -7.047911314402961 ], [ 110.374473129109219, -7.048587143599375 ], [ 110.373657877447499, -7.04891811876984 ], [ 110.372532890875959, -7.048822517676021 ], [ 110.372547493694526, -7.050126828368904 ], [ 110.373112381841992, -7.050781927400732 ], [ 110.373302649630133, -7.051461720949286 ], [ 110.373218034325546, -7.052162509600691 ], [ 110.372871416733346, -7.052777604399717 ], [ 110.365916592013832, -7.05827389214508 ], [ 110.368962601067437, -7.063913915120678 ], [ 110.369932733145077, -7.063554262151775 ], [ 110.370798443799657, -7.063712173657488 ], [ 110.371487420258759, -7.064259122163581 ], [ 110.371836955886636, -7.065065942770087 ], [ 110.371837139726154, -7.067235716420453 ], [ 110.371336217249137, -7.070606401265638 ], [ 110.367483311670497, -7.075893964501534 ], [ 110.36603030522221, -7.07864890650597 ], [ 110.37062050676478, -7.080295694848362 ], [ 110.373895767446371, -7.078247880038461 ], [ 110.374963542325062, -7.077996197707961 ], [ 110.374998770165391, -7.076877334987079 ], [ 110.375776950808756, -7.075938477984378 ], [ 110.376974709810682, -7.075705892781532 ], [ 110.377961784830688, -7.076197990733737 ], [ 110.37928204764826, -7.075314573225049 ], [ 110.381273539401946, -7.073467597341545 ], [ 110.378492845751452, -7.067788358025763 ], [ 110.374031622081731, -7.062304885523861 ], [ 110.373826345776209, -7.061274803211705 ], [ 110.374228518627106, -7.060304389328287 ], [ 110.375274960187653, -7.059677564735581 ], [ 110.376481919793974, -7.059856215051495 ], [ 110.379556784296611, -7.06338086740902 ], [ 110.379539408778115, -7.061850765841539 ], [ 110.380482341617451, -7.05903890193016 ], [ 110.381064579414655, -7.058316605267088 ], [ 110.381829858464485, -7.057991599565985 ], [ 110.385299526198978, -7.057494458422125 ], [ 110.385190728438445, -7.056713899393545 ], [ 110.38538625891519, -7.056035595772262 ], [ 110.385826736465916, -7.055483676983388 ], [ 110.386616859067004, -7.055096599741798 ], [ 110.38749633158362, -7.055127321077301 ], [ 110.390113143334673, -7.056157741051568 ], [ 110.388828031351636, -7.053635558616504 ], [ 110.387999517070483, -7.052760483629377 ], [ 110.387867483179008, -7.050499875720669 ], [ 110.380148416087209, -7.048637023940333 ], [ 110.379298077932901, -7.048019404842984 ], [ 110.378934513047426, -7.04703390826928 ], [ 110.379031541820268, -7.046334726329935 ], [ 110.379389007801819, -7.045725861637947 ], [ 110.379952489557368, -7.045300007775827 ], [ 110.380636202512619, -7.045121996612682 ], [ 110.388165755059575, -7.046850257286354 ], [ 110.38870785892918, -7.045377070831334 ], [ 110.38776702996087, -7.040841651622761 ], [ 110.382590695503964, -7.040516445678568 ], [ 110.38174546232392, -7.03989189073243 ], [ 110.381389992968195, -7.038903452319559 ], [ 110.381492747350592, -7.038205086985628 ], [ 110.381855185542321, -7.037599166409817 ], [ 110.382940314936405, -7.037022172884909 ], [ 110.383396283998806, -7.036136449207686 ], [ 110.384308406845079, -7.035614214690261 ], [ 110.385188211315764, -7.035631412203929 ], [ 110.38960634295853, -7.037299511040882 ], [ 110.389374998725984, -7.035116992223124 ], [ 110.387681128882079, -7.02860709751604 ], [ 110.384353000783548, -7.030145258842201 ], [ 110.383348999021806, -7.030216211893406 ], [ 110.381745152542138, -7.031683550385993 ], [ 110.380870192100076, -7.031777178235311 ], [ 110.379982955024843, -7.031453372549299 ] ], [ [ 110.380766037143928, -7.083901214529603 ], [ 110.376592719444375, -7.081400235723763 ], [ 110.37675268022376, -7.084693782045683 ], [ 110.378421682655059, -7.085054060391787 ], [ 110.378952429236875, -7.085520053370201 ], [ 110.379299969374571, -7.086319509765315 ], [ 110.380175908806265, -7.086558887727314 ], [ 110.380809391659227, -7.087169162210476 ], [ 110.381069102079707, -7.088360155289363 ], [ 110.380370529061807, -7.090536620712419 ], [ 110.386728072688186, -7.101364090274605 ], [ 110.387280278370568, -7.101701713493991 ], [ 110.387485623437669, -7.10118408517114 ], [ 110.387425676537688, -7.094091378158168 ], [ 110.386889005346504, -7.089386648099355 ], [ 110.385539203682114, -7.085448400912983 ], [ 110.385435194753185, -7.084446088001978 ], [ 110.380766037143928, -7.083901214529603 ] ], [ [ 110.335174099516635, -6.994860988914016 ], [ 110.338003202241495, -6.995368305739164 ], [ 110.338402055229651, -6.994311405240262 ], [ 110.331708090995463, -6.993549123264248 ], [ 110.335174099516635, -6.994860988914016 ] ], [ [ 110.351025019432385, -7.00411006943548 ], [ 110.349766935973051, -7.003981877593874 ], [ 110.348661674963864, -7.006112995610417 ], [ 110.347237522697839, -7.008075532803828 ], [ 110.349021477917816, -7.009883385092953 ], [ 110.351891601634634, -7.006175259652046 ], [ 110.352882603888929, -7.00582489390089 ], [ 110.354048814058814, -7.006182810972382 ], [ 110.354672064733151, -7.00702860130888 ], [ 110.354667794486971, -7.008247514224605 ], [ 110.351816432148112, -7.012190881690572 ], [ 110.353448696730965, -7.013255199781959 ], [ 110.354788868747946, -7.013644258462652 ], [ 110.363169579563518, -7.007404205007515 ], [ 110.363544170127966, -7.006301738309024 ], [ 110.364520090356265, -7.005657756353215 ], [ 110.362280664903551, -7.001825451297469 ], [ 110.361241831639845, -7.001984607704864 ], [ 110.360390718637149, -7.001761552127953 ], [ 110.359745344562342, -7.001163970132185 ], [ 110.359461570816947, -7.0003581542681 ], [ 110.35844442878961, -6.999659347215885 ], [ 110.358219462838619, -7.000403428138319 ], [ 110.357716584665653, -7.000972027875525 ], [ 110.357852085334429, -7.001672725921131 ], [ 110.357692696231837, -7.002847379153607 ], [ 110.356860437017005, -7.004396599132967 ], [ 110.356355878515771, -7.004890678929454 ], [ 110.355169530501101, -7.005174945984828 ], [ 110.354495563056176, -7.004963259112569 ], [ 110.35389340267065, -7.004426648323361 ], [ 110.352738450912923, -7.004458393866562 ], [ 110.351899430845165, -7.003906874536314 ], [ 110.351025019432385, -7.00411006943548 ] ], [ [ 110.348161590908376, -7.014124610366228 ], [ 110.346071627220056, -7.012047563673126 ], [ 110.345195121002178, -7.017811316575283 ], [ 110.353532528541507, -7.019207686849904 ], [ 110.354184126706514, -7.018084604470165 ], [ 110.348161590908376, -7.014124610366228 ] ], [ [ 110.355249045331306, -7.022722559474779 ], [ 110.352367809793947, -7.024135834231592 ], [ 110.353053000281662, -7.024695614521409 ], [ 110.353389994588497, -7.025507728856891 ], [ 110.353304016972501, -7.026382661864769 ], [ 110.352936158220501, -7.026993039199559 ], [ 110.356778923391531, -7.030257307855756 ], [ 110.357259891943585, -7.03119123464143 ], [ 110.357202938857967, -7.032068531347345 ], [ 110.356860154914301, -7.032685756476395 ], [ 110.35630704007248, -7.033124942334319 ], [ 110.355477025900839, -7.033324259877282 ], [ 110.355864670712819, -7.034140866556201 ], [ 110.355815159636492, -7.035018613536038 ], [ 110.354434791655805, -7.037189387477279 ], [ 110.359083892594683, -7.033688739997811 ], [ 110.359780429949765, -7.033570447207913 ], [ 110.360469258059084, -7.033727461452706 ], [ 110.361045510089284, -7.034135879078277 ], [ 110.361462665966883, -7.034859593249078 ], [ 110.362184322978976, -7.032948600245698 ], [ 110.362697750597917, -7.032463693989528 ], [ 110.363534274666549, -7.03219088784097 ], [ 110.364559185824589, -7.032424642497701 ], [ 110.365281381989533, -7.033187879421693 ], [ 110.36545743865274, -7.034223343074069 ], [ 110.364747060738438, -7.036456004560932 ], [ 110.365396021466026, -7.036399222384824 ], [ 110.370480002802921, -7.029094377469798 ], [ 110.36971899096153, -7.029256997364898 ], [ 110.368867286083272, -7.029036012372606 ], [ 110.368130386152473, -7.028286940543282 ], [ 110.367942384233515, -7.027179077724905 ], [ 110.366985313209511, -7.027242035797298 ], [ 110.366062320871137, -7.026739263144707 ], [ 110.365549851782689, -7.025633085106247 ], [ 110.365918333025022, -7.024042897367793 ], [ 110.366880939138838, -7.022495320290554 ], [ 110.367399893645768, -7.022016333887746 ], [ 110.368651320637838, -7.021776016826444 ], [ 110.369739084653204, -7.022404815447989 ], [ 110.370211675995705, -7.022200273646202 ], [ 110.370596742111701, -7.021472263339811 ], [ 110.371216929855464, -7.021011510263879 ], [ 110.372015133468977, -7.020851837824966 ], [ 110.372765733646077, -7.021029451556529 ], [ 110.373454729203942, -7.019520409041706 ], [ 110.372918416897122, -7.018415263264287 ], [ 110.372172114384199, -7.018313163771245 ], [ 110.371442603070236, -7.017821567941866 ], [ 110.370976443784258, -7.016600190268771 ], [ 110.369559364820631, -7.016368812235526 ], [ 110.359158645206918, -7.01873618137814 ], [ 110.357890860773026, -7.018810487140563 ], [ 110.357550860316792, -7.019460126449282 ], [ 110.3577119230211, -7.019630684234113 ], [ 110.359497292325415, -7.020367946432263 ], [ 110.364848038358119, -7.024754824815964 ], [ 110.365432118654482, -7.025628094697403 ], [ 110.365432155260777, -7.026678391598654 ], [ 110.364705406736988, -7.027657463369914 ], [ 110.364052674972115, -7.02792760844876 ], [ 110.363346153648905, -7.027927630175468 ], [ 110.361895285987117, -7.027014436639642 ], [ 110.3619089119927, -7.027747305180895 ], [ 110.361644628885159, -7.028401929430871 ], [ 110.361149716304141, -7.028905679652569 ], [ 110.36049952028695, -7.029181863870335 ], [ 110.359452398048106, -7.02908865171665 ], [ 110.358540813710846, -7.02827851623098 ], [ 110.356905153711523, -7.023182706648281 ], [ 110.355249045331306, -7.022722559474779 ] ], [ [ 110.350118980727771, -7.031914746272328 ], [ 110.346698647391207, -7.033823896325227 ], [ 110.345824287021031, -7.033922944388388 ], [ 110.344578873045108, -7.033601411930045 ], [ 110.343930172987001, -7.034206915219193 ], [ 110.347237910902791, -7.035832852774917 ], [ 110.350520920991087, -7.036507857314859 ], [ 110.352694761830321, -7.033323278414882 ], [ 110.353244133832291, -7.032879428800602 ], [ 110.354045385729833, -7.032674225326253 ], [ 110.352837922641768, -7.031652123596981 ], [ 110.350118980727771, -7.031914746272328 ] ], [ [ 110.347249795219241, -7.039529272156932 ], [ 110.347907506695634, -7.040359361281906 ], [ 110.348031133862918, -7.041054337203273 ], [ 110.347533971935249, -7.042259691060051 ], [ 110.351223407117743, -7.04401621230159 ], [ 110.352234256142651, -7.040661162132808 ], [ 110.347249795219241, -7.039529272156932 ] ], [ [ 110.343786421049217, -7.044397174686376 ], [ 110.343367203829501, -7.043828985226765 ], [ 110.343197769806523, -7.043066984042631 ], [ 110.339124427821332, -7.04340875764036 ], [ 110.339595980339979, -7.044052974555333 ], [ 110.339736852814809, -7.044920772913799 ], [ 110.339347699591457, -7.04589645823319 ], [ 110.338341936826055, -7.04652866155336 ], [ 110.33864835614915, -7.049223856155495 ], [ 110.340160688925152, -7.048616695882051 ], [ 110.341040032694039, -7.048650378997728 ], [ 110.341920403419905, -7.049224454009388 ], [ 110.342333158042322, -7.050190412626375 ], [ 110.342213416045325, -7.051061372502998 ], [ 110.341827223593057, -7.051652465379648 ], [ 110.339961312160526, -7.052597939294728 ], [ 110.34115935839867, -7.052379885275772 ], [ 110.342137199732903, -7.052765640823559 ], [ 110.346005243012485, -7.057264125380238 ], [ 110.346957424126401, -7.057930591173842 ], [ 110.353092897022051, -7.05657167333986 ], [ 110.355380409339205, -7.053981755229387 ], [ 110.355863599979529, -7.053074514933242 ], [ 110.351251421435265, -7.048037532768712 ], [ 110.343786421049217, -7.044397174686376 ] ], [ [ 110.351398237252269, -7.068296849901747 ], [ 110.353593336244373, -7.060162074447731 ], [ 110.349516417926097, -7.060987802572599 ], [ 110.348321743206427, -7.068873242254574 ], [ 110.349530882264517, -7.069460220456236 ], [ 110.351398237252269, -7.068296849901747 ] ], [ [ 110.351555324706098, -7.074724114885355 ], [ 110.346225086698453, -7.071878137834248 ], [ 110.344173014729151, -7.072611643317487 ], [ 110.343459427497919, -7.073667126578046 ], [ 110.342284061597169, -7.073994383522259 ], [ 110.336255142750218, -7.071156758236934 ], [ 110.336222485351769, -7.072297495166127 ], [ 110.338132495638334, -7.072435478075157 ], [ 110.339094800781297, -7.073201059364796 ], [ 110.339340644543896, -7.073862820336575 ], [ 110.339337211770697, -7.074885885098704 ], [ 110.34219734051382, -7.081177003626355 ], [ 110.350691235696502, -7.080904925447287 ], [ 110.352901479143199, -7.07497205582523 ], [ 110.351555324706098, -7.074724114885355 ] ], [ [ 110.315957995776927, -6.977012319048185 ], [ 110.315674834240724, -6.97642316117264 ], [ 110.314818530025832, -6.975887114350818 ], [ 110.314385529726295, -6.976679581502112 ], [ 110.315957995776927, -6.977012319048185 ] ], [ [ 110.314574901019498, -6.980545848841285 ], [ 110.313471603244849, -6.982283732326308 ], [ 110.312952271428856, -6.982762252356888 ], [ 110.31193485607227, -6.983026224686314 ], [ 110.310942130613398, -6.982680929320521 ], [ 110.3102556656102, -6.981673314812325 ], [ 110.310248084540106, -6.980794213904765 ], [ 110.31067682903128, -6.979972174043866 ], [ 110.309937054423955, -6.97859647989507 ], [ 110.309591216458756, -6.976888394221688 ], [ 110.30889051461368, -6.976753819471043 ], [ 110.308217840111141, -6.976272401738338 ], [ 110.308312895954359, -6.978035987584136 ], [ 110.307966688205994, -6.978651273406048 ], [ 110.307414387350093, -6.979085514218032 ], [ 110.307623660064237, -6.982241150888044 ], [ 110.309885169793247, -6.997317053922457 ], [ 110.315463803380837, -6.998288802616962 ], [ 110.314868349437319, -6.988797650680213 ], [ 110.315018626624777, -6.986248951611935 ], [ 110.315692503523991, -6.985232884509235 ], [ 110.31685853873573, -6.984874598352545 ], [ 110.317987381151738, -6.985336746572822 ], [ 110.318531232766759, -6.986235537259519 ], [ 110.318540025009312, -6.987763219622332 ], [ 110.325029882670023, -6.990975716008962 ], [ 110.325651539122958, -6.990180459483837 ], [ 110.323868327408618, -6.984314171926496 ], [ 110.322926329423893, -6.984795882432931 ], [ 110.320858192677719, -6.985011544358034 ], [ 110.319934691922455, -6.984509876371676 ], [ 110.319481475580247, -6.983726935327854 ], [ 110.318678026611806, -6.983435600091783 ], [ 110.318305820738587, -6.984167076780945 ], [ 110.31776761269721, -6.984624302423014 ], [ 110.317095254565075, -6.984840930569675 ], [ 110.316222796801824, -6.984727090496702 ], [ 110.315398755702546, -6.98407502542999 ], [ 110.314777777793694, -6.982790703440791 ], [ 110.314630208085134, -6.981924022259941 ], [ 110.314991783194415, -6.980506244117347 ], [ 110.314574901019498, -6.980545848841285 ] ], [ [ 110.307715382101463, -7.005739747772202 ], [ 110.306920255726752, -7.009230999333484 ], [ 110.313309546825153, -7.008497441530832 ], [ 110.313945447973921, -7.006104474631663 ], [ 110.307715382101463, -7.005739747772202 ] ], [ [ 110.310278296519314, -7.017868757997856 ], [ 110.312048986051792, -7.017482350926984 ], [ 110.312567991618579, -7.01222452237602 ], [ 110.308297894160035, -7.012714770300594 ], [ 110.307914450752151, -7.014925657082546 ], [ 110.310278296519314, -7.017868757997856 ] ], [ [ 110.315552200503831, -7.019229390534997 ], [ 110.319479554112036, -7.018501517177814 ], [ 110.326940083103651, -7.017960786216773 ], [ 110.329365486128282, -7.013440967175554 ], [ 110.324116429956291, -7.010606378589022 ], [ 110.324170594795504, -7.012497211554907 ], [ 110.323677733972829, -7.013225496795093 ], [ 110.323069771462556, -7.013585057362438 ], [ 110.322370366086801, -7.013684797583847 ], [ 110.321685997118152, -7.013509532862655 ], [ 110.321008883553105, -7.0129480948495 ], [ 110.320650555165571, -7.011951589718217 ], [ 110.319856400055642, -7.011936646289536 ], [ 110.319343885502235, -7.012600973617613 ], [ 110.315838280328606, -7.015110055937918 ], [ 110.315552200503831, -7.019229390534997 ] ], [ [ 110.31395617470865, -7.025077304794981 ], [ 110.315137332079871, -7.028231972931385 ], [ 110.317742470331908, -7.023112004965811 ], [ 110.317766014141384, -7.022541398937298 ], [ 110.312972133739891, -7.023531972524976 ], [ 110.31395617470865, -7.025077304794981 ] ], [ [ 110.314240134178377, -7.038660885824426 ], [ 110.313695224421053, -7.039220556583325 ], [ 110.313040513119887, -7.039485897796689 ], [ 110.307145970655426, -7.040031125881045 ], [ 110.313816936118798, -7.045326129802788 ], [ 110.314164011650718, -7.044653128072115 ], [ 110.314869928972385, -7.044128237013417 ], [ 110.315740161600218, -7.043997770363978 ], [ 110.316569199723034, -7.044292538686731 ], [ 110.317069644994888, -7.044790810976887 ], [ 110.317367505707836, -7.045618049464256 ], [ 110.316970544473435, -7.047410468193714 ], [ 110.31829773487091, -7.048094615290291 ], [ 110.319440841826847, -7.048051246827736 ], [ 110.317463111660288, -7.043101838617821 ], [ 110.316175229953913, -7.042925085425585 ], [ 110.315369152259379, -7.042010088015574 ], [ 110.315009357606655, -7.037956360509368 ], [ 110.314787753979942, -7.037564888918155 ], [ 110.314240134178377, -7.038660885824426 ] ], [ [ 110.322360705570844, -7.045599561773863 ], [ 110.324093417373206, -7.044085643193853 ], [ 110.324265405343908, -7.036123734293143 ], [ 110.321387143272617, -7.035996007081945 ], [ 110.320691395750629, -7.037419285829001 ], [ 110.31944825807048, -7.038456553380927 ], [ 110.322360705570844, -7.045599561773863 ] ], [ [ 110.330788303153625, -7.043962283196097 ], [ 110.33142920515742, -7.044614474866692 ], [ 110.331653455375573, -7.045283841123616 ], [ 110.331564568062831, -7.046929346151845 ], [ 110.33131286387696, -7.047588899024341 ], [ 110.330827674276904, -7.048102016036676 ], [ 110.330182865024426, -7.048390579199177 ], [ 110.327614950880758, -7.048383777012042 ], [ 110.327587758279506, -7.049159076295843 ], [ 110.328027528202895, -7.049971647026013 ], [ 110.32921189676226, -7.050716140590463 ], [ 110.332613012978953, -7.051646210167365 ], [ 110.334328475854818, -7.049610004159423 ], [ 110.334998702306919, -7.049182384534141 ], [ 110.334455358902673, -7.043816565913924 ], [ 110.331789709705205, -7.042915618891514 ], [ 110.330788303153625, -7.043962283196097 ] ], [ [ 110.337671780895931, -7.066143118718854 ], [ 110.338585455843301, -7.066950974912484 ], [ 110.33879853079722, -7.067623978576058 ], [ 110.3387377754689, -7.068326383553148 ], [ 110.341536082164183, -7.0697270921338 ], [ 110.344703206331872, -7.068579349859006 ], [ 110.345186935323468, -7.065386708250786 ], [ 110.344349609764436, -7.065504452118881 ], [ 110.343520826801807, -7.065208848492295 ], [ 110.342929394062367, -7.06455785619498 ], [ 110.342723823794785, -7.063882526817276 ], [ 110.342792598604149, -7.063180014455988 ], [ 110.343744569476442, -7.060856786358412 ], [ 110.343210611962832, -7.059566113104971 ], [ 110.340362784403069, -7.056214563790056 ], [ 110.338478819885808, -7.057152987193686 ], [ 110.338183971983355, -7.057968517228508 ], [ 110.339988863714353, -7.057894803268455 ], [ 110.340830105473643, -7.058152860571645 ], [ 110.341533487262893, -7.05893346592934 ], [ 110.341648956080732, -7.060146909852586 ], [ 110.341231487240037, -7.060920826594511 ], [ 110.340498125535674, -7.061406761683085 ], [ 110.337233740279544, -7.06163382906049 ], [ 110.336728278267344, -7.065983313927186 ], [ 110.337671780895931, -7.066143118718854 ] ], [ [ 110.332975051327566, -7.079842429017923 ], [ 110.332471381200818, -7.080756710328766 ], [ 110.331879736424114, -7.081142619419163 ], [ 110.328275569582345, -7.08180932763991 ], [ 110.327002117587469, -7.084041870397328 ], [ 110.328285878450856, -7.084351774192648 ], [ 110.328138169077874, -7.083511250974913 ], [ 110.328321186806505, -7.082829477636292 ], [ 110.328890674971774, -7.082159227673785 ], [ 110.329534347483914, -7.081868040378377 ], [ 110.330414277738953, -7.081882596346814 ], [ 110.332268656284313, -7.082570905781507 ], [ 110.333330958666323, -7.082463186771105 ], [ 110.333456172480084, -7.079955531221331 ], [ 110.332975051327566, -7.079842429017923 ] ], [ [ 110.337205301094585, -7.086140288920729 ], [ 110.336537996349676, -7.086073023951209 ], [ 110.336079346977058, -7.088197008764417 ], [ 110.337205301094585, -7.086140288920729 ] ], [ [ 110.296184098905655, -7.020316849986068 ], [ 110.301728995330592, -7.017501540452829 ], [ 110.304275944337135, -7.017585985074361 ], [ 110.304192070100513, -7.015727001020482 ], [ 110.303579358761255, -7.01368930740301 ], [ 110.302799669132696, -7.014038143561339 ], [ 110.30192154599149, -7.013982023061133 ], [ 110.301173590543002, -7.01351895385092 ], [ 110.300734351536605, -7.012763895029594 ], [ 110.29585862217975, -7.012793377183569 ], [ 110.295962918098638, -7.014332253880896 ], [ 110.295175423485858, -7.018832758378537 ], [ 110.295543175447492, -7.020853718286296 ], [ 110.296184098905655, -7.020316849986068 ] ], [ [ 110.307476110034415, -7.020779986943874 ], [ 110.307402426185902, -7.02047200159484 ], [ 110.307434188765143, -7.020777551002998 ], [ 110.307476110034415, -7.020779986943874 ] ], [ [ 110.316780928437453, -7.060092835542483 ], [ 110.316196337190192, -7.059381413878289 ], [ 110.315757603667876, -7.05780776722358 ], [ 110.314915709980411, -7.059180851113553 ], [ 110.316780928437453, -7.060092835542483 ] ], [ [ 110.316796412112168, -7.064322636062153 ], [ 110.317401349504038, -7.06496111733616 ], [ 110.317621022637084, -7.065631997154904 ], [ 110.317510741999129, -7.066504198549948 ], [ 110.317005754751705, -7.067217845848336 ], [ 110.31875025960521, -7.067677139411654 ], [ 110.319762079441844, -7.065640273503148 ], [ 110.313346914069527, -7.062442365565035 ], [ 110.31330635107652, -7.063567285070457 ], [ 110.316796412112168, -7.064322636062153 ] ], [ [ 110.312839328442351, -7.070657595829897 ], [ 110.312424629329897, -7.072434287617573 ], [ 110.315750669552102, -7.071651133914985 ], [ 110.312839328442351, -7.070657595829897 ] ], [ [ 110.315125274012971, -7.084242916077772 ], [ 110.315420351986248, -7.080257342242877 ], [ 110.310954985559647, -7.080900327841098 ], [ 110.311789897876622, -7.083261823789693 ], [ 110.312374820794375, -7.084258512029705 ], [ 110.314658327959634, -7.084487997569577 ], [ 110.315125274012971, -7.084242916077772 ] ], [ [ 110.312452454211211, -7.09036099026613 ], [ 110.310503102166365, -7.087968458001129 ], [ 110.310215454361227, -7.088451572409271 ], [ 110.309518830194506, -7.093822629377274 ], [ 110.31072368414803, -7.093889752430182 ], [ 110.311654367003584, -7.094773465943307 ], [ 110.311792959285498, -7.09220044544453 ], [ 110.312452454211211, -7.09036099026613 ] ], [ [ 110.315561292873014, -7.097643644189746 ], [ 110.315109574019587, -7.098259493634816 ], [ 110.315048284872191, -7.099507903292389 ], [ 110.315747386935541, -7.103115995178392 ], [ 110.315793009805887, -7.09232660153136 ], [ 110.315611360583645, -7.092245159749413 ], [ 110.315414828500067, -7.092764061429711 ], [ 110.315711653477365, -7.09677743968081 ], [ 110.315561292873014, -7.097643644189746 ] ], [ [ 110.300139969617462, -7.048084685744869 ], [ 110.299427723363195, -7.047996492492249 ], [ 110.299453185569206, -7.049197957748446 ], [ 110.300490743895352, -7.049036177877091 ], [ 110.300139969617462, -7.048084685744869 ] ], [ [ 110.307059435812107, -7.049456316947846 ], [ 110.306907238731114, -7.049194322185294 ], [ 110.306739048212307, -7.049137493988511 ], [ 110.307059435812107, -7.049456316947846 ] ], [ [ 110.310529389051297, -7.059187514970771 ], [ 110.311360116841939, -7.058019957452157 ], [ 110.311148774260147, -7.057628783174764 ], [ 110.309334214232649, -7.058310378567102 ], [ 110.310529389051297, -7.059187514970771 ] ], [ [ 110.311527770843398, -7.096568769823111 ], [ 110.310244791932391, -7.097891108339689 ], [ 110.310240067790502, -7.0985507699845 ], [ 110.311484929043715, -7.09822429734816 ], [ 110.311527770843398, -7.096568769823111 ] ], [ [ 110.302047934198043, -7.061724180282827 ], [ 110.301575379693304, -7.061835857761498 ], [ 110.301111282744913, -7.061944980137753 ], [ 110.301269208165124, -7.062083877176635 ], [ 110.302047934198043, -7.061724180282827 ] ], [ [ 110.300908272964151, -7.057677421621993 ], [ 110.300811543370997, -7.057549393917408 ], [ 110.300727770432047, -7.057535249219719 ], [ 110.300908272964151, -7.057677421621993 ] ], [ [ 110.308357153903941, -7.054811970580918 ], [ 110.306684019323512, -7.054130141537295 ], [ 110.306775683874619, -7.055388959884402 ], [ 110.308357153903941, -7.054811970580918 ] ], [ [ 110.294599372435826, -7.041383083265259 ], [ 110.295387154528768, -7.042768999351959 ], [ 110.295080460961813, -7.040276884749415 ], [ 110.294404781394178, -7.040289728760599 ], [ 110.294599372435826, -7.041383083265259 ] ], [ [ 110.294518125537266, -7.024329804513082 ], [ 110.2934613211401, -7.02407912890548 ], [ 110.291690793715588, -7.023556921318246 ], [ 110.293121903390258, -7.025434476831927 ], [ 110.294721523828386, -7.02558973289062 ], [ 110.294518125537266, -7.024329804513082 ] ], [ [ 110.2985565573223, -7.026622828772008 ], [ 110.300489088518319, -7.02509387350741 ], [ 110.298274529912277, -7.024875932148099 ], [ 110.2985565573223, -7.026622828772008 ] ], [ [ 110.281405846392857, -7.029916959809203 ], [ 110.284257955926961, -7.034239289294777 ], [ 110.287502116338928, -7.036464553825204 ], [ 110.285801346914056, -7.032599875749074 ], [ 110.285653524892183, -7.031733242105584 ], [ 110.285844014327054, -7.031053525178899 ], [ 110.286280361735635, -7.030498377416937 ], [ 110.2868961370189, -7.030152314453368 ], [ 110.287773889085884, -7.030090283143309 ], [ 110.288577266891934, -7.030448959952754 ], [ 110.289037131155979, -7.03098482627292 ], [ 110.291285525348115, -7.036072139662965 ], [ 110.292359895001638, -7.035220683936374 ], [ 110.293683872253879, -7.035347961197024 ], [ 110.293702395188618, -7.031196393719173 ], [ 110.29469975461717, -7.029222762393818 ], [ 110.291742529726292, -7.028918978764849 ], [ 110.287016136714257, -7.02740606327299 ], [ 110.281405846392857, -7.029916959809203 ] ], [ [ 110.299827052978102, -7.031381050381021 ], [ 110.29943808009493, -7.033852423750659 ], [ 110.30013764651612, -7.033881001562655 ], [ 110.300779196650922, -7.034176673459926 ], [ 110.301258657778519, -7.034695118528066 ], [ 110.301509389159264, -7.035416087001654 ], [ 110.303168245460157, -7.035598068247936 ], [ 110.30517013892495, -7.03533743457084 ], [ 110.305966201320032, -7.035712064706672 ], [ 110.306593732086256, -7.036448285524993 ], [ 110.311522467554241, -7.035999709638161 ], [ 110.311861540309735, -7.03530884978771 ], [ 110.307311356089627, -7.027817120486453 ], [ 110.303977595459401, -7.026949059165652 ], [ 110.299602567185502, -7.030410446868363 ], [ 110.299827052978102, -7.031381050381021 ] ], [ [ 110.297123755284829, -7.005245781205239 ], [ 110.296776569965601, -7.005137258701081 ], [ 110.296490538781171, -7.005846689744885 ], [ 110.297123755284829, -7.005245781205239 ] ], [ [ 110.301909476202056, -7.00568900792676 ], [ 110.299562675454453, -7.007921340041178 ], [ 110.301069566749533, -7.008877721060621 ], [ 110.301454775738421, -7.008133286568624 ], [ 110.30201218746447, -7.007699607472054 ], [ 110.3028709163668, -7.007507893775109 ], [ 110.303563076718078, -7.007664790532347 ], [ 110.304256757378425, -7.004619057472553 ], [ 110.303222600975616, -7.003586307476539 ], [ 110.301909476202056, -7.00568900792676 ] ], [ [ 110.30497720988059, -7.000222992187234 ], [ 110.305921814217982, -7.001166310670672 ], [ 110.305846052491745, -7.000382891726439 ], [ 110.30497720988059, -7.000222992187234 ] ], [ [ 110.323989417111207, -7.09179172229901 ], [ 110.330132603956699, -7.090898895197286 ], [ 110.330565294609698, -7.085796294056466 ], [ 110.328903600326186, -7.085107197770149 ], [ 110.329018371367297, -7.086206104403692 ], [ 110.328511801964552, -7.087126446513011 ], [ 110.325286921627253, -7.089706984286718 ], [ 110.322263922433834, -7.091174951250226 ], [ 110.323637645264185, -7.091993362684012 ], [ 110.323989417111207, -7.09179172229901 ] ], [ [ 110.325079489640572, -7.055140991952695 ], [ 110.321242608153639, -7.053330906863017 ], [ 110.32135728072582, -7.054152233955574 ], [ 110.321154409429411, -7.054828373181742 ], [ 110.320565591370624, -7.055481710512995 ], [ 110.319905577882679, -7.055755212336852 ], [ 110.31940369121368, -7.056672945589807 ], [ 110.320583389951381, -7.057186395809888 ], [ 110.321200161147004, -7.057813468145048 ], [ 110.321449682565301, -7.0587324929549 ], [ 110.321183821225006, -7.05967348448603 ], [ 110.32064268975418, -7.060235500775501 ], [ 110.319888798913539, -7.060521599418787 ], [ 110.317211119578275, -7.060325105422496 ], [ 110.321404299619573, -7.062415350119594 ], [ 110.325079489640572, -7.055140991952695 ] ], [ [ 110.324705743998294, -7.069490598906256 ], [ 110.327729931638146, -7.068135464932066 ], [ 110.327677064305448, -7.065493498068971 ], [ 110.326944184824541, -7.059627638689903 ], [ 110.321964196930523, -7.069346568353568 ], [ 110.324705743998294, -7.069490598906256 ] ], [ [ 110.332571913866616, -7.063351216455348 ], [ 110.332937972641801, -7.061000187907736 ], [ 110.332046805422479, -7.055943862054888 ], [ 110.330325963292907, -7.057482278946225 ], [ 110.331071358870588, -7.063447969157016 ], [ 110.332571913866616, -7.063351216455348 ] ], [ [ 110.319108498551827, -7.079495819377157 ], [ 110.318836702268499, -7.083167345221466 ], [ 110.323317364480232, -7.083193545674104 ], [ 110.324457959126903, -7.081193954396742 ], [ 110.319108498551827, -7.079495819377157 ] ], [ [ 110.318100877534278, -7.088200294217127 ], [ 110.317982139012287, -7.087751366010036 ], [ 110.317391659291744, -7.088242045973232 ], [ 110.317398478185808, -7.088997484244788 ], [ 110.318100877534278, -7.088200294217127 ] ], [ [ 110.316891275206132, -7.075275546531885 ], [ 110.319378111932011, -7.075784997822871 ], [ 110.326869420330809, -7.078163030071281 ], [ 110.332551485788898, -7.073962696536307 ], [ 110.332658699909189, -7.0702186970657 ], [ 110.330209352712103, -7.070989878118404 ], [ 110.325623243638347, -7.073035361481681 ], [ 110.312109522738268, -7.076225737797289 ], [ 110.316891275206132, -7.075275546531885 ] ], [ [ 110.333518392603622, -6.999550383242028 ], [ 110.333018570013436, -6.998867605700643 ], [ 110.329975426220017, -7.002841172607482 ], [ 110.328014070255108, -7.008702002309713 ], [ 110.331587138918579, -7.010509320058485 ], [ 110.332953209740822, -7.01006212238239 ], [ 110.334177631226027, -7.010669348641134 ], [ 110.334615050297316, -7.01025752949193 ], [ 110.334804844695043, -7.008945707324769 ], [ 110.335268879562008, -7.008413451239486 ], [ 110.335892640457288, -7.008101994422886 ], [ 110.336250486449487, -7.007185380699441 ], [ 110.335631416119838, -7.006577747444893 ], [ 110.334898382575432, -7.004993476267821 ], [ 110.334852117592149, -7.003748471070382 ], [ 110.335515043648158, -7.002645922433179 ], [ 110.336441032377834, -7.002202659450424 ], [ 110.337310680400051, -7.001325300547028 ], [ 110.336824058914587, -7.000380145730079 ], [ 110.336103511937466, -7.000687641273335 ], [ 110.335296532304923, -7.000655684699476 ], [ 110.333518392603622, -6.999550383242028 ] ], [ [ 110.33231559732063, -7.024908501543397 ], [ 110.331633475821675, -7.024724633066858 ], [ 110.330977003694414, -7.024171796482882 ], [ 110.329791333378211, -7.024439974550155 ], [ 110.328794586265317, -7.0239844598101 ], [ 110.328065971630323, -7.024014124916498 ], [ 110.327404692339144, -7.023765623205736 ], [ 110.326711389849706, -7.022976118466157 ], [ 110.326449495057716, -7.021587688001138 ], [ 110.326105676414372, -7.021593472071704 ], [ 110.323689308005285, -7.023251028972697 ], [ 110.327174480466198, -7.027511329503599 ], [ 110.333059952395317, -7.026885225247741 ], [ 110.333499422074638, -7.024609401215938 ], [ 110.33231559732063, -7.024908501543397 ] ], [ [ 110.337289896454962, -7.031623431154797 ], [ 110.338797598017791, -7.031189598273027 ], [ 110.33840342051775, -7.030082745564464 ], [ 110.338534583789951, -7.029389151430727 ], [ 110.339051947324975, -7.02867801663745 ], [ 110.339782437641816, -7.028310481526209 ], [ 110.337225737046055, -7.024412218227265 ], [ 110.335805119849368, -7.030966965966519 ], [ 110.337289896454962, -7.031623431154797 ] ], [ [ 110.336622809189208, -7.037941400716581 ], [ 110.333373540785672, -7.038273304765621 ], [ 110.333602321186831, -7.039708675236835 ], [ 110.33591422463094, -7.040490056694498 ], [ 110.33748673201579, -7.038384909907847 ], [ 110.336622809189208, -7.037941400716581 ] ], [ [ 110.323224783362321, -7.000343740341444 ], [ 110.323879198017522, -7.000609681910759 ], [ 110.324381939824676, -7.001105596383607 ], [ 110.32465647080484, -7.00175598584493 ], [ 110.324660995217656, -7.002461834723432 ], [ 110.324040516031474, -7.003511322696006 ], [ 110.322317465706718, -7.004485275620684 ], [ 110.324000461528442, -7.00538821808664 ], [ 110.324957914328635, -7.006424359231345 ], [ 110.326098443789533, -7.003016357288685 ], [ 110.325687066116458, -7.002108151858044 ], [ 110.32584480310436, -7.001069753689523 ], [ 110.326553358394577, -7.000293914248395 ], [ 110.327559302827893, -7.000042087878106 ], [ 110.330053262734012, -6.996785632595145 ], [ 110.326235235446774, -6.995212822080846 ], [ 110.322120326448996, -7.000481718919856 ], [ 110.323224783362321, -7.000343740341444 ] ], [ [ 110.328105090261275, -7.031050921071419 ], [ 110.327888228999896, -7.03586333951924 ], [ 110.330369196052402, -7.035939221004754 ], [ 110.331293267701142, -7.033925237792518 ], [ 110.332147669628128, -7.03062087249369 ], [ 110.328105090261275, -7.031050921071419 ] ], [ [ 110.316805346247236, -7.033268896527528 ], [ 110.317098662856935, -7.034297377580689 ], [ 110.317521634367864, -7.035044568454577 ], [ 110.317556455080947, -7.033151375126162 ], [ 110.316805346247236, -7.033268896527528 ] ], [ [ 110.324435141424502, -7.031723641155047 ], [ 110.321585240181278, -7.032383101610615 ], [ 110.324386727114373, -7.032507419757481 ], [ 110.324435141424502, -7.031723641155047 ] ], [ [ 110.323149042728218, -7.02830733286654 ], [ 110.322232320834829, -7.027186215893793 ], [ 110.321261005686665, -7.028252779595438 ], [ 110.321252115232795, -7.028746278798692 ], [ 110.323149042728218, -7.02830733286654 ] ], [ [ 110.33331718920715, -7.019018846683698 ], [ 110.332580251022847, -7.018176863612547 ], [ 110.332434828615774, -7.017747261131216 ], [ 110.332300487083458, -7.018820213632564 ], [ 110.33331718920715, -7.019018846683698 ] ], [ [ 110.331114659651973, -6.983623824205616 ], [ 110.331590118363678, -6.982363530667038 ], [ 110.332839639268158, -6.981521810282062 ], [ 110.3322428899004, -6.980802385264295 ], [ 110.330939423093866, -6.981633438844058 ], [ 110.330328391924851, -6.982653952531987 ], [ 110.330229116495403, -6.983265600296573 ], [ 110.330723737020065, -6.983680511345514 ], [ 110.331114659651973, -6.983623824205616 ] ], [ [ 110.319103472402816, -6.998463217879014 ], [ 110.322698805525164, -6.99385965313441 ], [ 110.318683850547387, -6.991872239872293 ], [ 110.319103472402816, -6.998463217879014 ] ], [ [ 110.329160584558082, -6.99253922434013 ], [ 110.32898447416656, -6.992138364009219 ], [ 110.328923447498155, -6.991830561844981 ], [ 110.328769921458843, -6.992044369260843 ], [ 110.329160584558082, -6.99253922434013 ] ], [ [ 110.330401439920621, -6.989773864234621 ], [ 110.330037552855401, -6.988990813905458 ], [ 110.330088668145493, -6.987821980200152 ], [ 110.329924262308296, -6.987728841985308 ], [ 110.329514469866893, -6.990279560190736 ], [ 110.330401439920621, -6.989773864234621 ] ], [ [ 110.319755138757074, -6.977447452135383 ], [ 110.319816482379593, -6.977795221774287 ], [ 110.321255057538096, -6.977631262513103 ], [ 110.319755138757074, -6.977447452135383 ] ], [ [ 110.340635329766585, -7.032584451312002 ], [ 110.340743669846887, -7.032470365477954 ], [ 110.340581464175713, -7.032401288656515 ], [ 110.340586413813739, -7.032413776253851 ], [ 110.340635329766585, -7.032584451312002 ] ], [ [ 110.342128385272375, -7.037353847143685 ], [ 110.340941434061804, -7.039613382644194 ], [ 110.34584187366012, -7.039232227861737 ], [ 110.342128385272375, -7.037353847143685 ] ], [ [ 110.346549299778985, -7.023176959587484 ], [ 110.348421517384381, -7.022020337021416 ], [ 110.343184721974069, -7.021143226918621 ], [ 110.342881420332304, -7.021373199185122 ], [ 110.346549299778985, -7.023176959587484 ] ], [ [ 110.34322915880378, -7.004529240846932 ], [ 110.342777389059634, -7.005071926286609 ], [ 110.342152148851781, -7.005400567811795 ], [ 110.340806660208571, -7.005271522802656 ], [ 110.340282738612856, -7.007553776322666 ], [ 110.339525172014078, -7.008802095025154 ], [ 110.340058205726791, -7.012816909575164 ], [ 110.341200077388592, -7.012674647861986 ], [ 110.342221043170866, -7.013281469508859 ], [ 110.3431563739951, -7.007502526961542 ], [ 110.345593035702251, -7.004182080392586 ], [ 110.346773235072362, -7.001886132818888 ], [ 110.345685907861906, -7.000140356570221 ], [ 110.345324629717268, -6.999958074899783 ], [ 110.344833353890394, -7.000161853829892 ], [ 110.343392202637716, -7.003200429521537 ], [ 110.34322915880378, -7.004529240846932 ] ], [ [ 110.34164923605816, -7.097440730110937 ], [ 110.342145376522467, -7.097536624337255 ], [ 110.341550019496779, -7.096781314294551 ], [ 110.34164923605816, -7.097440730110937 ] ], [ [ 110.336956598243646, -7.082478713456672 ], [ 110.338851570098058, -7.082669724348425 ], [ 110.337138307804423, -7.078839030638312 ], [ 110.336956598243646, -7.082478713456672 ] ], [ [ 110.361026852322425, -6.997042550246238 ], [ 110.361572956912539, -6.995732716743398 ], [ 110.360925285336933, -6.996972770958956 ], [ 110.361026852322425, -6.997042550246238 ] ], [ [ 110.337932233334229, -6.988075990037598 ], [ 110.338382372659083, -6.988471418398348 ], [ 110.338505611168799, -6.987799224200892 ], [ 110.337932233334229, -6.988075990037598 ] ], [ [ 110.344318416116522, -6.991430645524029 ], [ 110.343446260027093, -6.991744279050359 ], [ 110.343224059680978, -6.992216905134002 ], [ 110.344801689275585, -6.993042891132169 ], [ 110.345824438537846, -6.992251421000641 ], [ 110.345973562399763, -6.991437216090186 ], [ 110.34637850970536, -6.990858819644802 ], [ 110.347780570617218, -6.990175665514879 ], [ 110.347023912706661, -6.990029918382541 ], [ 110.346442420491428, -6.989629064408248 ], [ 110.345691293060639, -6.988111348570961 ], [ 110.34497118252024, -6.990607399937818 ], [ 110.344318416116522, -6.991430645524029 ] ], [ [ 110.34986261657825, -6.989260850878078 ], [ 110.349378411310894, -6.989137986786667 ], [ 110.349170221201518, -6.989477007652508 ], [ 110.34986261657825, -6.989260850878078 ] ], [ [ 110.357716796977044, -6.991146345176533 ], [ 110.357657567112042, -6.991038686399351 ], [ 110.357636280626295, -6.991058509439614 ], [ 110.357716796977044, -6.991146345176533 ] ], [ [ 110.3708871769864, -7.085027376061684 ], [ 110.372654159858172, -7.08533775937812 ], [ 110.373147394957329, -7.08512484082893 ], [ 110.37304643421021, -7.083045753858909 ], [ 110.372036899053057, -7.083680118958562 ], [ 110.3708871769864, -7.085027376061684 ] ], [ [ 110.36481570405283, -7.04549546717905 ], [ 110.367792469629535, -7.045508592848122 ], [ 110.364505894383157, -7.041900237750716 ], [ 110.362433439873087, -7.042637974124949 ], [ 110.361965593325465, -7.046013742598421 ], [ 110.36481570405283, -7.04549546717905 ] ], [ [ 110.361679236266895, -7.053921156178457 ], [ 110.362439768578611, -7.053652625999929 ], [ 110.363311997833165, -7.053769224707763 ], [ 110.363905013052843, -7.054152984365122 ], [ 110.36436469376936, -7.05489134930692 ], [ 110.369506040499502, -7.050860904759114 ], [ 110.368161094914768, -7.050701412610421 ], [ 110.364836186393205, -7.049169809494948 ], [ 110.361393654019238, -7.049698738660059 ], [ 110.360994941664487, -7.05200877150558 ], [ 110.361679236266895, -7.053921156178457 ] ], [ [ 110.365133369419098, -7.072981949377799 ], [ 110.366569858023425, -7.071038096000357 ], [ 110.362072760401475, -7.072532608309007 ], [ 110.365133369419098, -7.072981949377799 ] ], [ [ 110.366475194139568, -7.084620204224986 ], [ 110.367760527323597, -7.083114063142646 ], [ 110.365174222282363, -7.082186189085276 ], [ 110.36506722899648, -7.085058807741711 ], [ 110.366475194139568, -7.084620204224986 ] ], [ [ 110.357093886971356, -7.066100619395876 ], [ 110.357221813115231, -7.062612056246381 ], [ 110.356694049376628, -7.062572190861277 ], [ 110.354815713589545, -7.069533235746539 ], [ 110.357280509764379, -7.069700971217493 ], [ 110.357093886971356, -7.066100619395876 ] ], [ [ 110.364544650440351, -7.067404221080084 ], [ 110.364018786397551, -7.066972391654 ], [ 110.361370296615647, -7.063609747977138 ], [ 110.360725884367298, -7.066329851089867 ], [ 110.360876135057524, -7.069117468707097 ], [ 110.364571236500055, -7.067786377996198 ], [ 110.364544650440351, -7.067404221080084 ] ], [ [ 110.355480371285068, -7.083105568209209 ], [ 110.355437425598865, -7.082603340841957 ], [ 110.354945980307903, -7.082634620332551 ], [ 110.355115865244585, -7.082974989822963 ], [ 110.355480371285068, -7.083105568209209 ] ], [ [ 110.359035355481453, -7.081865991592592 ], [ 110.359222420717728, -7.084355880186822 ], [ 110.359481462642364, -7.084428306508958 ], [ 110.359035355481453, -7.081865991592592 ] ], [ [ 110.35805798936596, -7.094055916479963 ], [ 110.358220008282387, -7.092692751144017 ], [ 110.356624013311588, -7.092969572375066 ], [ 110.35805798936596, -7.094055916479963 ] ], [ [ 110.358439414540328, -7.078212549118565 ], [ 110.35808557686866, -7.075660876127412 ], [ 110.356562781415505, -7.075500146275927 ], [ 110.355295380057299, -7.078986898888483 ], [ 110.356692796334798, -7.078897952050005 ], [ 110.358439414540328, -7.078212549118565 ] ], [ [ 110.362025185299103, -7.077702629145663 ], [ 110.362416942860861, -7.077737857254852 ], [ 110.363150100274041, -7.076347797675673 ], [ 110.361810017324643, -7.076151051666398 ], [ 110.362025185299103, -7.077702629145663 ] ], [ [ 110.358540707793466, -7.055898769553099 ], [ 110.358468652252384, -7.056229484820184 ], [ 110.358755261737585, -7.056498387089067 ], [ 110.358540707793466, -7.055898769553099 ] ], [ [ 110.361213430362668, -7.039221640134437 ], [ 110.360914843932974, -7.036743845447394 ], [ 110.358683137275818, -7.038477778072984 ], [ 110.360783258725462, -7.039410222607933 ], [ 110.361213430362668, -7.039221640134437 ] ], [ [ 110.354379692481047, -7.046093454188729 ], [ 110.357712567893614, -7.049733281613467 ], [ 110.358798031745366, -7.042488165269202 ], [ 110.355859059410676, -7.041183262870982 ], [ 110.354379692481047, -7.046093454188729 ] ], [ [ 110.367267807497257, -7.010857498138718 ], [ 110.365412539424625, -7.010246570915694 ], [ 110.362131115311158, -7.012688137611952 ], [ 110.367267807497257, -7.010857498138718 ] ], [ [ 110.374727705285096, -7.024628640010816 ], [ 110.373982591862344, -7.025313846268389 ], [ 110.37323932559309, -7.025611682345583 ], [ 110.373999232065557, -7.026639140526094 ], [ 110.376749535179314, -7.027837108102026 ], [ 110.377397121703268, -7.026440262182604 ], [ 110.376610677196751, -7.026170639585469 ], [ 110.374727705285096, -7.024628640010816 ] ], [ [ 110.372817209926936, -7.00374479430945 ], [ 110.37420166596381, -7.007052220102143 ], [ 110.375732111224664, -7.006790958804404 ], [ 110.372817209926936, -7.00374479430945 ] ], [ [ 110.377005643229552, -7.014872641851099 ], [ 110.377249307410239, -7.015896844803347 ], [ 110.377764078048941, -7.016334813848387 ], [ 110.378172132564345, -7.014321506045867 ], [ 110.377637790275458, -7.013773579452553 ], [ 110.377153106113354, -7.014113484658565 ], [ 110.377005643229552, -7.014872641851099 ] ], [ [ 110.390665518287548, -7.024888189656961 ], [ 110.390707708782699, -7.025858012869635 ], [ 110.391646725194775, -7.029466786272372 ], [ 110.391276785861692, -7.025320398900107 ], [ 110.390665518287548, -7.024888189656961 ] ], [ [ 110.37900930995697, -6.983884528139775 ], [ 110.380670047822193, -6.983548673071653 ], [ 110.378746671080094, -6.981188495332947 ], [ 110.37900930995697, -6.983884528139775 ] ], [ [ 110.383849205381651, -6.980247260483924 ], [ 110.383067530097037, -6.980760336989515 ], [ 110.383991153557773, -6.981893699704562 ], [ 110.384290105577605, -6.981573071848112 ], [ 110.383849205381651, -6.980247260483924 ] ], [ [ 110.387111679980265, -7.004057019727701 ], [ 110.386939762875116, -7.003746748610484 ], [ 110.386790602957959, -7.003316950817384 ], [ 110.386895900266936, -7.004058553248048 ], [ 110.387111679980265, -7.004057019727701 ] ], [ [ 110.390766983551629, -7.091425022135402 ], [ 110.39482359466929, -7.089771984417839 ], [ 110.392463948295813, -7.087226915769199 ], [ 110.390375219219365, -7.087095909392627 ], [ 110.390766983551629, -7.091425022135402 ] ], [ [ 110.384442176279506, -7.068051365274075 ], [ 110.384360216716829, -7.068056606522458 ], [ 110.384441897398744, -7.068267188535855 ], [ 110.384442176279506, -7.068051365274075 ] ], [ [ 110.385850683495121, -7.078397494523886 ], [ 110.386372933309303, -7.076382867731034 ], [ 110.383975404540195, -7.075898837958422 ], [ 110.381698541748406, -7.078010485853187 ], [ 110.382472997157507, -7.080460847652507 ], [ 110.385572400977694, -7.080819596550875 ], [ 110.385850683495121, -7.078397494523886 ] ], [ [ 110.391901770883891, -7.047227429802603 ], [ 110.391835478119091, -7.047420857765821 ], [ 110.39207388674815, -7.047291937137319 ], [ 110.391901770883891, -7.047227429802603 ] ], [ [ 110.392486582604292, -6.996268017615226 ], [ 110.392206776620299, -6.996623066478094 ], [ 110.392422214345117, -6.997058801952259 ], [ 110.392486582604292, -6.996268017615226 ] ], [ [ 110.394916020178343, -7.025358118672212 ], [ 110.394979020658084, -7.025321855769184 ], [ 110.394908683380862, -7.025275892550044 ], [ 110.394916020178343, -7.025358118672212 ] ], [ [ 110.393522976645073, -7.104385355075952 ], [ 110.393657255183271, -7.103944437752554 ], [ 110.391954788146762, -7.103903411154372 ], [ 110.393522976645073, -7.104385355075952 ] ], [ [ 110.411621494272211, -7.084765674300431 ], [ 110.410432895779039, -7.087045456008138 ], [ 110.410571973725325, -7.090688973841016 ], [ 110.411936138242822, -7.089636680731239 ], [ 110.414606190452474, -7.085618304933258 ], [ 110.411621494272211, -7.084765674300431 ] ], [ [ 110.413051532858447, -7.094270160307818 ], [ 110.41382114054791, -7.094696622835344 ], [ 110.414233181617092, -7.09527007018863 ], [ 110.414391404256236, -7.096134893038342 ], [ 110.414063017057757, -7.097058576746186 ], [ 110.41451139300905, -7.097137812027764 ], [ 110.417762450111283, -7.0944285227743 ], [ 110.416957966687022, -7.093885260002049 ], [ 110.416536809490154, -7.092860921717408 ], [ 110.413856974408418, -7.092726365040474 ], [ 110.41207488940924, -7.094101033851296 ], [ 110.413051532858447, -7.094270160307818 ] ], [ [ 110.411489996743413, -7.097671731388639 ], [ 110.411196535884883, -7.099148457039727 ], [ 110.411747350008213, -7.098877167151689 ], [ 110.412075268538032, -7.097767793822332 ], [ 110.411489996743413, -7.097671731388639 ] ], [ [ 110.400425227143572, -7.014331097583159 ], [ 110.400300177650479, -7.015453754519449 ], [ 110.401091152408313, -7.014887453988142 ], [ 110.402140928437362, -7.014831918423773 ], [ 110.405883726019056, -7.016963274497873 ], [ 110.407104653330165, -7.016751612493739 ], [ 110.407378108876898, -7.015799570756944 ], [ 110.40478127107373, -7.0153722384575 ], [ 110.402784297483663, -7.013847358789984 ], [ 110.400425227143572, -7.014331097583159 ] ], [ [ 110.402798534769488, -7.019340450121229 ], [ 110.403500330876383, -7.020016205496799 ], [ 110.403540411951994, -7.019780875902063 ], [ 110.402798534769488, -7.019340450121229 ] ], [ [ 110.404120406038714, -7.027883920520583 ], [ 110.403567722202482, -7.028650061064505 ], [ 110.403675659172137, -7.032151356086971 ], [ 110.405952712326041, -7.032381547884094 ], [ 110.40681818626166, -7.029956801565216 ], [ 110.404120406038714, -7.027883920520583 ] ], [ [ 110.39958756272155, -7.016248587483086 ], [ 110.399898952972649, -7.016548429482471 ], [ 110.400063409460543, -7.015832035898677 ], [ 110.399885573872879, -7.016025749954729 ], [ 110.39958756272155, -7.016248587483086 ] ], [ [ 110.399660115000728, -7.001406267359507 ], [ 110.399713342188406, -7.001378110611661 ], [ 110.400416465124749, -7.00052831376666 ], [ 110.399660115000728, -7.001406267359507 ] ], [ [ 110.399162540275356, -7.02595640878611 ], [ 110.398657530512267, -7.02733642563901 ], [ 110.3991156048817, -7.027626450870673 ], [ 110.399598241769496, -7.027578239281901 ], [ 110.400329466579976, -7.026925937491553 ], [ 110.399752215555537, -7.026253537529624 ], [ 110.399162540275356, -7.02595640878611 ] ], [ [ 110.406780637787833, -7.047690595708057 ], [ 110.407182722797259, -7.048256057360895 ], [ 110.407657898274294, -7.047638704218828 ], [ 110.405141824821854, -7.046287531141204 ], [ 110.405054468863412, -7.046560951692798 ], [ 110.406780637787833, -7.047690595708057 ] ], [ [ 110.407845814544345, -7.022659164528965 ], [ 110.407834076752039, -7.020297414911612 ], [ 110.407104425156518, -7.020423908659938 ], [ 110.406772572403199, -7.022372405156308 ], [ 110.407845814544345, -7.022659164528965 ] ], [ [ 110.409925706700932, -7.032870403361692 ], [ 110.409611120893828, -7.032904172703647 ], [ 110.40958052581334, -7.03298989054232 ], [ 110.41015619957993, -7.033095038059725 ], [ 110.409925706700932, -7.032870403361692 ] ], [ [ 110.409672357711003, -7.069678740294694 ], [ 110.409661732485731, -7.069566131239712 ], [ 110.409636963974549, -7.069878802402668 ], [ 110.409672357711003, -7.069678740294694 ] ], [ [ 110.417722610727523, -6.999300254209029 ], [ 110.418117509014579, -6.999228388138935 ], [ 110.417646626797477, -6.998990007842744 ], [ 110.417722610727523, -6.999300254209029 ] ], [ [ 110.420344134727884, -7.052646216695485 ], [ 110.419374243694676, -7.052169600342772 ], [ 110.418649920050399, -7.05316452163401 ], [ 110.419097807536502, -7.053335893086238 ], [ 110.420344134727884, -7.052646216695485 ] ], [ [ 110.41722954453536, -7.076993456628808 ], [ 110.415983284280003, -7.076903140291458 ], [ 110.413957096082527, -7.076213803660062 ], [ 110.415210210580653, -7.077370014489946 ], [ 110.417117862145147, -7.077546956392037 ], [ 110.41722954453536, -7.076993456628808 ] ], [ [ 110.416547855304188, -7.089238723341674 ], [ 110.419077056715821, -7.087074937818242 ], [ 110.418177651322083, -7.086785868073417 ], [ 110.416547855304188, -7.089238723341674 ] ], [ [ 110.421352505575825, -7.018110794340978 ], [ 110.421928904103908, -7.017513020814979 ], [ 110.420639598931871, -7.017430167379507 ], [ 110.420798743801811, -7.018033174149998 ], [ 110.421352505575825, -7.018110794340978 ] ], [ [ 110.456396836269633, -6.972458396275945 ], [ 110.45531140809571, -6.97208706478873 ], [ 110.45421629840547, -6.970840136041136 ], [ 110.454069177039614, -6.971550338150632 ], [ 110.455031666936691, -6.971942927271163 ], [ 110.455566975960039, -6.972640654288247 ], [ 110.455794091755777, -6.974578909392305 ], [ 110.456187845602742, -6.975779506242831 ], [ 110.456560406691011, -6.975892515668566 ], [ 110.457637005024679, -6.972371507674408 ], [ 110.456396836269633, -6.972458396275945 ] ], [ [ 110.455861973157013, -7.015667838016565 ], [ 110.456085954232023, -7.014534559099952 ], [ 110.455430282903947, -7.015071546152067 ], [ 110.455861973157013, -7.015667838016565 ] ], [ [ 110.455348378036192, -7.027738334216257 ], [ 110.455357790072014, -7.02808351618132 ], [ 110.457035314185305, -7.027604736445021 ], [ 110.457413256753725, -7.027315145815645 ], [ 110.457233000409801, -7.027071416350299 ], [ 110.455348378036192, -7.027738334216257 ] ], [ [ 110.45404668713806, -7.029700153599796 ], [ 110.453070926715171, -7.029706461447661 ], [ 110.452475085691205, -7.029414981713561 ], [ 110.452698168585599, -7.030175117131161 ], [ 110.453322039575667, -7.02988294077212 ], [ 110.454042333185441, -7.029850968460138 ], [ 110.45404668713806, -7.029700153599796 ] ], [ [ 110.455561246308619, -7.031930974229005 ], [ 110.455614261933334, -7.031764501095878 ], [ 110.455674966398632, -7.031623504418251 ], [ 110.455571223637918, -7.031609456428725 ], [ 110.455561246308619, -7.031930974229005 ] ], [ [ 110.455672653209476, -7.033165834028664 ], [ 110.455597773668245, -7.032983330998605 ], [ 110.455524513720917, -7.032683196910423 ], [ 110.455500747709195, -7.033169883223932 ], [ 110.455672653209476, -7.033165834028664 ] ], [ [ 110.455446097842938, -7.044293931871644 ], [ 110.456013061886466, -7.047883096040846 ], [ 110.456673801150671, -7.047008360462214 ], [ 110.457849267963297, -7.046681615358538 ], [ 110.461339325455668, -7.048276488060181 ], [ 110.461868442693657, -7.048293554764022 ], [ 110.461798474118865, -7.048034904196403 ], [ 110.459764942008476, -7.047425784813203 ], [ 110.45917459512053, -7.047037931868202 ], [ 110.458702422585276, -7.046239167491069 ], [ 110.458701536081406, -7.045267449884289 ], [ 110.458411959678841, -7.044991142095177 ], [ 110.455446097842938, -7.044293931871644 ] ], [ [ 110.450886869630509, -7.057465852218093 ], [ 110.453703391268917, -7.056102699182555 ], [ 110.456499684888186, -7.056597324766114 ], [ 110.461003318108112, -7.05583489714904 ], [ 110.454355199700927, -7.051530547495396 ], [ 110.450975291811247, -7.054958911900132 ], [ 110.450886869630509, -7.057465852218093 ] ], [ [ 110.452620908667427, -7.063303928586701 ], [ 110.451814398424844, -7.063977723187871 ], [ 110.450769092789699, -7.064090336925726 ], [ 110.449716767829202, -7.063473373864888 ], [ 110.449297168944625, -7.062277741828236 ], [ 110.448034548753796, -7.062352922387449 ], [ 110.447803273739424, -7.062564501949734 ], [ 110.448551249963003, -7.06319425202356 ], [ 110.448968933404714, -7.064226590792127 ], [ 110.449676014385005, -7.064824906204203 ], [ 110.449999594107425, -7.06582423598865 ], [ 110.449801439200883, -7.066680813146657 ], [ 110.449222485387324, -7.06734293074936 ], [ 110.447354767373156, -7.067781963256781 ], [ 110.448603467720076, -7.06828325780811 ], [ 110.44930099544834, -7.069283383292575 ], [ 110.449205075177105, -7.070498549050395 ], [ 110.448359247664456, -7.071377094441285 ], [ 110.447677299683562, -7.071561912978598 ], [ 110.446976462854579, -7.071471957942538 ], [ 110.441802816519115, -7.069733911100672 ], [ 110.440432195382044, -7.069061477415171 ], [ 110.444149900398926, -7.072033134956479 ], [ 110.447973349937214, -7.074713280998312 ], [ 110.448482682075024, -7.075430235201161 ], [ 110.448605118121932, -7.076137718710789 ], [ 110.454416133654988, -7.077363648461583 ], [ 110.459092343339265, -7.070778787809745 ], [ 110.458126887136928, -7.071515798306226 ], [ 110.457274588304969, -7.071734842302235 ], [ 110.456266553460495, -7.071436358090012 ], [ 110.455671408932076, -7.070788719035467 ], [ 110.455452145671529, -7.069937288933982 ], [ 110.455907682066965, -7.0646784228538 ], [ 110.456865694426952, -7.063151074249101 ], [ 110.459188804013394, -7.06224367414087 ], [ 110.459893780664643, -7.062160421058176 ], [ 110.460057748458041, -7.061696093553308 ], [ 110.454833171863115, -7.059929134413614 ], [ 110.452620908667427, -7.063303928586701 ] ], [ [ 110.436918588197173, -7.028905588889776 ], [ 110.439452513461674, -7.030443796433815 ], [ 110.439816972145621, -7.030091845957975 ], [ 110.440363727984263, -7.028849313927971 ], [ 110.440331979418772, -7.027666519506297 ], [ 110.439506416088634, -7.022862888247702 ], [ 110.435453248655236, -7.027475396906972 ], [ 110.436918588197173, -7.028905588889776 ] ], [ [ 110.438137426708337, -7.036164090991791 ], [ 110.437965442023426, -7.036057602972464 ], [ 110.437812084520743, -7.036041975767795 ], [ 110.438137426708337, -7.036164090991791 ] ], [ [ 110.438071768289632, -7.039848394658474 ], [ 110.437547808679312, -7.040589460261834 ], [ 110.436929326967416, -7.040930739089924 ], [ 110.435117907761253, -7.040813798672408 ], [ 110.434815757577326, -7.043193594350314 ], [ 110.435596551470994, -7.044771782313737 ], [ 110.435552597826245, -7.046761092855768 ], [ 110.436244741637793, -7.04652339323298 ], [ 110.436969018706407, -7.046578372411842 ], [ 110.438242484673935, -7.047564937398762 ], [ 110.438717576400663, -7.046284460624625 ], [ 110.437353344070488, -7.045102666644917 ], [ 110.437152707681406, -7.044425847128296 ], [ 110.437226600584964, -7.043723841009164 ], [ 110.437683979081356, -7.042972765400576 ], [ 110.43827403338129, -7.042584481394064 ], [ 110.439145335712951, -7.04246122113862 ], [ 110.439841792751579, -7.04268376183779 ], [ 110.439898588228786, -7.04206171210295 ], [ 110.439444424056859, -7.040138292991812 ], [ 110.438071768289632, -7.039848394658474 ] ], [ [ 110.441669760124284, -7.05718441561806 ], [ 110.440311551518008, -7.057475637455509 ], [ 110.440509373193279, -7.058083815031736 ], [ 110.441097458776909, -7.058176852280074 ], [ 110.441669760124284, -7.05718441561806 ] ], [ [ 110.436808633702796, -7.07099490087109 ], [ 110.436117233894137, -7.071731679908661 ], [ 110.437422642250226, -7.07227977861046 ], [ 110.437996917148013, -7.073355272105337 ], [ 110.43790991220088, -7.07423011649034 ], [ 110.437420357440075, -7.07496068811125 ], [ 110.436469530057181, -7.07540894302941 ], [ 110.434429883377106, -7.075344476573919 ], [ 110.432516067984949, -7.076091555162185 ], [ 110.430609233008568, -7.076248339253451 ], [ 110.431573620665318, -7.07708076105759 ], [ 110.439144956304645, -7.07581357475492 ], [ 110.440142863483004, -7.076144300266093 ], [ 110.440788664623994, -7.076973124172296 ], [ 110.440908587117761, -7.077668760401941 ], [ 110.440752897086369, -7.078357289393244 ], [ 110.440345295908514, -7.078933888519604 ], [ 110.439747836863702, -7.079310775220103 ], [ 110.432313370404785, -7.080624959129668 ], [ 110.431992905750789, -7.08137028235761 ], [ 110.432973376983071, -7.082240990378319 ], [ 110.434119424449733, -7.084144045376733 ], [ 110.434101515759053, -7.085023013680077 ], [ 110.433672410681183, -7.0857880465511 ], [ 110.434490914823428, -7.086278614970734 ], [ 110.44417782406147, -7.081260273767425 ], [ 110.445301578583823, -7.078215884667328 ], [ 110.441872238289349, -7.074846796724453 ], [ 110.436808633702796, -7.07099490087109 ] ], [ [ 110.432912316641051, -7.059818962523039 ], [ 110.42954501426857, -7.05978582620809 ], [ 110.428563004329973, -7.063141221483762 ], [ 110.430677816795907, -7.0642964975197 ], [ 110.431568441355211, -7.065384817602036 ], [ 110.432551062271784, -7.06591939558676 ], [ 110.433614390803015, -7.059562239271282 ], [ 110.432912316641051, -7.059818962523039 ] ], [ [ 110.43400909601533, -6.947780525776156 ], [ 110.433928514966837, -6.948296306334806 ], [ 110.435188716971467, -6.949812232911655 ], [ 110.434848154673745, -6.948691823522869 ], [ 110.43400909601533, -6.947780525776156 ] ], [ [ 110.436336424682167, -6.955786845246296 ], [ 110.434466922995242, -6.955535682108669 ], [ 110.432452442987042, -6.956170593661485 ], [ 110.432614352840801, -6.961339801878474 ], [ 110.434310661274267, -6.960373319719997 ], [ 110.43464013003495, -6.95751732455544 ], [ 110.435218676060899, -6.956685762606524 ], [ 110.436336424682167, -6.955786845246296 ] ], [ [ 110.443641598899902, -6.984093360132581 ], [ 110.444256255213034, -6.984679276690272 ], [ 110.447119320880091, -6.97862373603783 ], [ 110.445240977615882, -6.977111957073801 ], [ 110.444643642872862, -6.977128038533159 ], [ 110.443641598899902, -6.984093360132581 ] ], [ [ 110.446631385132875, -7.034266632113672 ], [ 110.443985710757232, -7.034637808343021 ], [ 110.443191063074423, -7.037363995792431 ], [ 110.446454475790773, -7.038291968081658 ], [ 110.44971367446108, -7.033124360556352 ], [ 110.446631385132875, -7.034266632113672 ] ], [ [ 110.444312176168452, -7.041444711940017 ], [ 110.443474653752617, -7.042725906333873 ], [ 110.44327796597608, -7.044880285978153 ], [ 110.444979162966902, -7.045714793072395 ], [ 110.448671080815046, -7.042977148344551 ], [ 110.446612564274417, -7.042098834629603 ], [ 110.444312176168452, -7.041444711940017 ] ], [ [ 110.447684133300456, -7.049120891312927 ], [ 110.447591388662303, -7.049995148887618 ], [ 110.447154432119888, -7.050666035671115 ], [ 110.447269307651425, -7.051966759085454 ], [ 110.448612587440223, -7.052199191487158 ], [ 110.452419254456274, -7.048337956288794 ], [ 110.451938094450881, -7.045060535198245 ], [ 110.447435141891347, -7.048399603988229 ], [ 110.447684133300456, -7.049120891312927 ] ], [ [ 110.444584284887867, -7.027038959906787 ], [ 110.444163695077648, -7.026852870873409 ], [ 110.444002591855096, -7.027497736988576 ], [ 110.444584284887867, -7.027038959906787 ] ], [ [ 110.44384720161635, -7.052909712852069 ], [ 110.444293669610943, -7.052781039974247 ], [ 110.444111013378262, -7.052582313132911 ], [ 110.44384720161635, -7.052909712852069 ] ], [ [ 110.452065482830946, -7.023283932355602 ], [ 110.451341088892164, -7.022732800854928 ], [ 110.451327480327961, -7.022832568465343 ], [ 110.452065482830946, -7.023283932355602 ] ], [ [ 110.452684200143409, -7.037613783217435 ], [ 110.451505906810638, -7.038428991022811 ], [ 110.450637517460564, -7.038575400473974 ], [ 110.449950100347351, -7.039588494774937 ], [ 110.452239278276963, -7.040565209672965 ], [ 110.453149324263649, -7.03896979182648 ], [ 110.453992427875022, -7.037967944880469 ], [ 110.452684200143409, -7.037613783217435 ] ], [ [ 110.453675102547024, -6.991953897995662 ], [ 110.453262734119136, -6.992034712677309 ], [ 110.453444486716663, -6.992672370225193 ], [ 110.453675102547024, -6.991953897995662 ] ], [ [ 110.467308250549621, -6.95363501134448 ], [ 110.464957107799904, -6.952800929361159 ], [ 110.464791717398953, -6.954069847050015 ], [ 110.467274901981511, -6.953840821558049 ], [ 110.467308250549621, -6.95363501134448 ] ], [ [ 110.467691546388949, -6.961306513805783 ], [ 110.467697666813066, -6.961830554254491 ], [ 110.467708266527623, -6.961833038383788 ], [ 110.467691546388949, -6.961306513805783 ] ], [ [ 110.467619985141752, -6.993105835792568 ], [ 110.467840069795088, -6.993192501243754 ], [ 110.467632364204789, -6.993020254318366 ], [ 110.467619985141752, -6.993105835792568 ] ], [ [ 110.468641235036102, -6.998493175256651 ], [ 110.469266939634153, -6.997418527521525 ], [ 110.46790210622207, -6.997130635638416 ], [ 110.468641235036102, -6.998493175256651 ] ], [ [ 110.470078966130714, -7.032749237913889 ], [ 110.469333707237084, -7.033224938190986 ], [ 110.469329688494824, -7.033352573956587 ], [ 110.470151386662124, -7.033581137165466 ], [ 110.470078966130714, -7.032749237913889 ] ], [ [ 110.472442203090395, -7.038735433126211 ], [ 110.469175732214111, -7.043352456014163 ], [ 110.472753876597253, -7.048766151093261 ], [ 110.474692768411302, -7.04883475457131 ], [ 110.475549706807527, -7.043343952409952 ], [ 110.475137604670351, -7.040894651862705 ], [ 110.472816522617038, -7.038520787572859 ], [ 110.472442203090395, -7.038735433126211 ] ], [ [ 110.470672159371816, -7.059561796833627 ], [ 110.4645467940191, -7.058697470378191 ], [ 110.464136027684106, -7.06071532754245 ], [ 110.46664701492422, -7.065835268610501 ], [ 110.468750159789394, -7.064389949420361 ], [ 110.470107173599956, -7.064353444802428 ], [ 110.470755650194789, -7.062332646885929 ], [ 110.472803909246181, -7.060469200387778 ], [ 110.470672159371816, -7.059561796833627 ] ], [ [ 110.472292729312457, -7.07273764338469 ], [ 110.472150217288927, -7.072306920215329 ], [ 110.47102957356762, -7.072262127758414 ], [ 110.472292729312457, -7.07273764338469 ] ], [ [ 110.467852103333584, -7.077838047831777 ], [ 110.471865880758898, -7.078758754104507 ], [ 110.471336918034282, -7.076244429034882 ], [ 110.468974811065081, -7.075355208955475 ], [ 110.467852103333584, -7.077838047831777 ] ], [ [ 110.463186923457073, -6.961940925428227 ], [ 110.46408054646551, -6.962189638391005 ], [ 110.463925582670996, -6.957770169407926 ], [ 110.462889136321223, -6.957858474250219 ], [ 110.463186923457073, -6.961940925428227 ] ], [ [ 110.463893148967912, -6.993575263738244 ], [ 110.462730313504437, -6.994016422663295 ], [ 110.463633997037121, -6.99498167170961 ], [ 110.463897578846669, -6.994406008153812 ], [ 110.463893148967912, -6.993575263738244 ] ], [ [ 110.4618008669121, -7.013777222374719 ], [ 110.461724300725649, -7.013711636711237 ], [ 110.461687091000314, -7.013891314031305 ], [ 110.4618008669121, -7.013777222374719 ] ], [ [ 110.46161827658598, -7.019365181005167 ], [ 110.461590029911875, -7.020583797325196 ], [ 110.461212871281248, -7.021180686941145 ], [ 110.460635793460327, -7.021587939249022 ], [ 110.459419170759517, -7.021679294935444 ], [ 110.458195312823676, -7.020999493038383 ], [ 110.458212504726177, -7.021365853866405 ], [ 110.460679170806657, -7.023206053606594 ], [ 110.462926854328927, -7.022049477788169 ], [ 110.463126957497181, -7.021668037540401 ], [ 110.462854127436387, -7.020137397931122 ], [ 110.463272943792063, -7.019009274092244 ], [ 110.461413350895441, -7.018945798551176 ], [ 110.46161827658598, -7.019365181005167 ] ], [ [ 110.462740457147063, -7.041174874689439 ], [ 110.462773915845176, -7.041394333908881 ], [ 110.463327396800608, -7.040847478042371 ], [ 110.463954350826995, -7.040603274611332 ], [ 110.463790866148329, -7.040344043463431 ], [ 110.462740457147063, -7.041174874689439 ] ], [ [ 110.462739463705262, -7.044163449630109 ], [ 110.464545475417097, -7.04543948015715 ], [ 110.466628446584934, -7.046064850103126 ], [ 110.465514898250191, -7.044380022126796 ], [ 110.46376796166696, -7.044427577378185 ], [ 110.462746724151344, -7.043731874827266 ], [ 110.462739463705262, -7.044163449630109 ] ], [ [ 110.458516517651006, -7.04089006685947 ], [ 110.457688491334892, -7.041098832129332 ], [ 110.458780059003843, -7.041359079917512 ], [ 110.458516517651006, -7.04089006685947 ] ], [ [ 110.466755305305696, -7.052062482937506 ], [ 110.467172667632482, -7.051939826763956 ], [ 110.466368597965015, -7.051060377813025 ], [ 110.466755305305696, -7.052062482937506 ] ], [ [ 110.468851643686989, -7.054891489580916 ], [ 110.468318598344851, -7.055328838277292 ], [ 110.469440831621057, -7.055713508151637 ], [ 110.469551250420935, -7.054541368779419 ], [ 110.469219348067242, -7.054178357529135 ], [ 110.468851643686989, -7.054891489580916 ] ], [ [ 110.465711114522989, -7.033199049666242 ], [ 110.464976887799153, -7.033151400379768 ], [ 110.464935116099838, -7.034414412759302 ], [ 110.465651877728277, -7.035079939156203 ], [ 110.465711114522989, -7.033199049666242 ] ], [ [ 110.478807874317582, -6.995728360548567 ], [ 110.478813771012668, -6.995734111199963 ], [ 110.478815654594314, -6.995729922746618 ], [ 110.478807874317582, -6.995728360548567 ] ], [ [ 110.474345622867361, -6.999819330900186 ], [ 110.475533649203328, -7.000430264297279 ], [ 110.476505090820396, -6.999745441941369 ], [ 110.477431067046709, -6.999579661893764 ], [ 110.477567577968514, -6.999204130468985 ], [ 110.475653515917969, -6.998671537832512 ], [ 110.474454190830372, -6.998564421791125 ], [ 110.474345622867361, -6.999819330900186 ] ], [ [ 110.48163797076738, -7.001443208718708 ], [ 110.481371532901832, -7.000983581995978 ], [ 110.480861466170083, -7.000741724358786 ], [ 110.480158975970127, -7.002840514318158 ], [ 110.481199807342023, -7.002281299256264 ], [ 110.48163797076738, -7.001443208718708 ] ], [ [ 110.475514715049442, -7.029619652589078 ], [ 110.475738050568054, -7.030758859145816 ], [ 110.476184836824686, -7.031318954341082 ], [ 110.476383297163963, -7.032175462648996 ], [ 110.475891826159994, -7.033379268083237 ], [ 110.475844556064459, -7.034460346985826 ], [ 110.475184048344673, -7.035764192026506 ], [ 110.47779940740358, -7.038439009512715 ], [ 110.479674874517059, -7.039005973288819 ], [ 110.481258699931004, -7.039085978757313 ], [ 110.480291821988473, -7.034693583761872 ], [ 110.477469811597601, -7.028242184098745 ], [ 110.475215382023435, -7.029234572816021 ], [ 110.475514715049442, -7.029619652589078 ] ], [ [ 110.471658385538134, -6.95746636705598 ], [ 110.471590634499719, -6.956943028896539 ], [ 110.47155970513036, -6.957227199897876 ], [ 110.471658385538134, -6.95746636705598 ] ], [ [ 110.475446841336279, -6.978767130241549 ], [ 110.476460964718555, -6.978517200520646 ], [ 110.47652704712371, -6.978268478620478 ], [ 110.475615230419706, -6.978134022036745 ], [ 110.475446841336279, -6.978767130241549 ] ], [ [ 110.471040748001229, -6.975769018675187 ], [ 110.470979003425313, -6.977533167100403 ], [ 110.47222310438211, -6.976315987038752 ], [ 110.471040748001229, -6.975769018675187 ] ], [ [ 110.473161262712338, -7.053766177224949 ], [ 110.476857095297149, -7.054886177878375 ], [ 110.477226764862081, -7.054300050751967 ], [ 110.473264811647923, -7.052703119991618 ], [ 110.473161262712338, -7.053766177224949 ] ], [ [ 110.479398772765478, -7.064647553900018 ], [ 110.475151195243924, -7.067035404967487 ], [ 110.475485065034533, -7.067898221744458 ], [ 110.475310366156037, -7.068887358038019 ], [ 110.480081286841553, -7.067801342147265 ], [ 110.479398772765478, -7.064647553900018 ] ], [ [ 110.475840770478413, -7.074755219671021 ], [ 110.477686107572097, -7.077234895740466 ], [ 110.47943403255988, -7.071659654773399 ], [ 110.475955843354797, -7.07245139456542 ], [ 110.475840770478413, -7.074755219671021 ] ], [ [ 110.484109377395569, -6.956082477158557 ], [ 110.483587680168455, -6.957211346549365 ], [ 110.484402329677962, -6.958476002117639 ], [ 110.484594404393249, -6.959248429938864 ], [ 110.484148055604962, -6.96113190589233 ], [ 110.484188906053262, -6.962163304341118 ], [ 110.483929141933856, -6.962768693992228 ], [ 110.48420636222798, -6.963578373259687 ], [ 110.484272491988506, -6.964807970068147 ], [ 110.485432749526666, -6.966487885111343 ], [ 110.485186945164287, -6.967955378224908 ], [ 110.485405024857073, -6.968410211115545 ], [ 110.491647500475722, -6.971340999824839 ], [ 110.493545357549237, -6.971829119088794 ], [ 110.493212063555234, -6.970194789068798 ], [ 110.49263859734863, -6.969811126727314 ], [ 110.49097707044973, -6.967812341432855 ], [ 110.489299302478699, -6.967023954201048 ], [ 110.488679441910151, -6.966272187691639 ], [ 110.488629018018599, -6.964870715029041 ], [ 110.487428494930612, -6.96229552789258 ], [ 110.487219017736706, -6.95696575511402 ], [ 110.484109377395569, -6.956082477158557 ] ], [ [ 110.494590889877813, -7.023776821351073 ], [ 110.495390780900706, -7.021847520551084 ], [ 110.493409731724398, -7.021181647740697 ], [ 110.492422124989616, -7.02284444756836 ], [ 110.494590889877813, -7.023776821351073 ] ], [ [ 110.48257165863204, -6.993871145422183 ], [ 110.483222493642884, -6.994358878903324 ], [ 110.483627530519016, -6.993715541613686 ], [ 110.483167688438627, -6.993285998531212 ], [ 110.482489786236869, -6.993541806935608 ], [ 110.48257165863204, -6.993871145422183 ] ], [ [ 110.482474455648628, -7.025451852706398 ], [ 110.482383026125461, -7.025755366332769 ], [ 110.482502828222138, -7.025929503530618 ], [ 110.482474455648628, -7.025451852706398 ] ], [ [ 110.486148899359847, -7.026234666588886 ], [ 110.486219990054252, -7.025598157582138 ], [ 110.486109045867181, -7.025563823179414 ], [ 110.486148899359847, -7.026234666588886 ] ], [ [ 110.491247004313095, -7.027663696653298 ], [ 110.491659153683898, -7.026455444096661 ], [ 110.489854919029213, -7.025679776735081 ], [ 110.489653943090445, -7.027479330670385 ], [ 110.491247004313095, -7.027663696653298 ] ], [ [ 110.489551795470376, -6.980306308301103 ], [ 110.488579168501474, -6.980362514134118 ], [ 110.488468866765444, -6.98076199643997 ], [ 110.488584292454803, -6.980843570609407 ], [ 110.489551795470376, -6.980306308301103 ] ], [ [ 110.488821632733604, -6.974594909758367 ], [ 110.488800004079692, -6.975219051222485 ], [ 110.488940551735993, -6.974451199883542 ], [ 110.488821632733604, -6.974594909758367 ] ], [ [ 110.490997399336251, -6.96070042285996 ], [ 110.491707646280389, -6.95837410193033 ], [ 110.490885743235154, -6.958110317805066 ], [ 110.490997399336251, -6.96070042285996 ] ], [ [ 110.497128232740977, -6.988633040290008 ], [ 110.497913146921022, -6.988947366314161 ], [ 110.496984794274994, -6.988071062052385 ], [ 110.497128232740977, -6.988633040290008 ] ] ] } },
{ "type": "Feature", "properties": { "jenis": "puskesmas", "nama": "Puskesmas", "waktu_menit": 15, "warna": "#10b981" }, "geometry": { "type": "Polygon", "coordinates": [ [ [ 110.308087656151145, -7.102989551675734 ], [ 110.307420723598895, -7.102768135126149 ], [ 110.306163026359911, -7.10293597121629 ], [ 110.305135874589709, -7.102277959409368 ], [ 110.302106115264152, -7.094922237938161 ], [ 110.302221418963072, -7.094225841480342 ], [ 110.302594729765232, -7.093626532332111 ], [ 110.303680280944093, -7.093069918495727 ], [ 110.304385366712495, -7.093116282313794 ], [ 110.305019020175607, -7.093428652726289 ], [ 110.3057699506072, -7.094567545797219 ], [ 110.306269342773035, -7.090717444325106 ], [ 110.305158253376391, -7.091028682415388 ], [ 110.304151993198175, -7.090724246383544 ], [ 110.303484636198434, -7.089912661779985 ], [ 110.303381121223168, -7.088867483566364 ], [ 110.303651239694645, -7.088215237240835 ], [ 110.304150663596602, -7.087715900262527 ], [ 110.307218476996113, -7.086407279308672 ], [ 110.308153704990772, -7.084836541352757 ], [ 110.308272641269866, -7.084177964720389 ], [ 110.307556577792013, -7.082152580454133 ], [ 110.304961963223491, -7.082807214392481 ], [ 110.301900633237096, -7.082889408780178 ], [ 110.300832517094122, -7.08230014271273 ], [ 110.300381071888623, -7.081167735193797 ], [ 110.30049432125189, -7.080471002825283 ], [ 110.300865854713322, -7.079870599329668 ], [ 110.301604214423179, -7.07939224569255 ], [ 110.302932075850691, -7.079267343482426 ], [ 110.303154672474037, -7.078515128373986 ], [ 110.303730134745848, -7.077891612732627 ], [ 110.306156343370745, -7.076672576597115 ], [ 110.3076742177509, -7.076699999792501 ], [ 110.307791606898519, -7.076253485315132 ], [ 110.301092838064562, -7.075375303369885 ], [ 110.30013290512062, -7.074622875828965 ], [ 110.299855155939767, -7.073609908137652 ], [ 110.300011778454717, -7.072921609843307 ], [ 110.300420148106781, -7.072345580268657 ], [ 110.30153691417982, -7.071854555092569 ], [ 110.308640455755111, -7.072713605075796 ], [ 110.309615712337759, -7.068535451992233 ], [ 110.307441995345712, -7.067143475126895 ], [ 110.304834236391059, -7.067315768893583 ], [ 110.303413717960055, -7.067017424731934 ], [ 110.300333331641625, -7.065918533746387 ], [ 110.297916888356795, -7.063944362479933 ], [ 110.297292595051346, -7.062626280766476 ], [ 110.297526857598257, -7.060635281858727 ], [ 110.296768936204472, -7.058557628450455 ], [ 110.296243150858103, -7.055944054325671 ], [ 110.295780764100982, -7.046838508254552 ], [ 110.294767756821216, -7.047040721730694 ], [ 110.292657281294183, -7.046957274855916 ], [ 110.289518712629175, -7.047422577020235 ], [ 110.288350179437018, -7.047072018858457 ], [ 110.28766950100507, -7.046060439732482 ], [ 110.287785688688189, -7.044847077556502 ], [ 110.288645990750879, -7.043982772405964 ], [ 110.290124403594575, -7.04368066352565 ], [ 110.288298068582662, -7.04207608314707 ], [ 110.287107335996254, -7.041896120778105 ], [ 110.286492081089889, -7.041549108752839 ], [ 110.285928343634893, -7.040662603056187 ], [ 110.28591139296033, -7.039762218113845 ], [ 110.281869362082219, -7.036989660025418 ], [ 110.280858268460733, -7.03653905998097 ], [ 110.279255872563638, -7.038181839310264 ], [ 110.27959788367734, -7.038948118718591 ], [ 110.279588823713965, -7.039653916222097 ], [ 110.279202421146735, -7.040443750834194 ], [ 110.278650563934619, -7.040884506193533 ], [ 110.27761693867231, -7.0410761755251 ], [ 110.276591760717778, -7.040612045648257 ], [ 110.272904846922259, -7.043330846657708 ], [ 110.272025219565492, -7.043355282772586 ], [ 110.271108830878475, -7.042840580042791 ], [ 110.270610785280439, -7.041727864693014 ], [ 110.270694990763687, -7.041027041631589 ], [ 110.271041235107418, -7.040411758596197 ], [ 110.275418509416824, -7.03693174627937 ], [ 110.277776783384851, -7.034514064723586 ], [ 110.274517050601006, -7.031812562003784 ], [ 110.272132534385378, -7.031620429025924 ], [ 110.271474180516364, -7.031364286980502 ], [ 110.270869469084161, -7.030725644224248 ], [ 110.270637497007755, -7.029877617997207 ], [ 110.271023909245088, -7.028721471408206 ], [ 110.271885329848928, -7.028119467720129 ], [ 110.275068303086741, -7.028226159672429 ], [ 110.276240122021903, -7.02792315053083 ], [ 110.272152541203226, -7.017109361617242 ], [ 110.27150414245564, -7.015929506871132 ], [ 110.271614489020052, -7.015057322126657 ], [ 110.273281795038386, -7.010971668334035 ], [ 110.274084031608595, -7.010053368781682 ], [ 110.274756136987463, -7.009835868927244 ], [ 110.275628781567363, -7.009948570652581 ], [ 110.276345212502221, -7.010458961202729 ], [ 110.276689846888445, -7.011075135202893 ], [ 110.276709517872803, -7.012125229736219 ], [ 110.275404435630108, -7.015471513567447 ], [ 110.27966138526034, -7.026733153085846 ], [ 110.285330669673257, -7.024195856141466 ], [ 110.285492352214916, -7.023439436768705 ], [ 110.283698961023262, -7.022749141925353 ], [ 110.28293068710235, -7.021802277023857 ], [ 110.282885432129504, -7.020752971261827 ], [ 110.283569331387383, -7.019743589089455 ], [ 110.284209804868112, -7.019445644644744 ], [ 110.284915646873316, -7.019415255235153 ], [ 110.287784414654553, -7.020423282971277 ], [ 110.290705055604789, -7.012669772892868 ], [ 110.287357990655963, -7.01038779411524 ], [ 110.286849386265246, -7.01103920884107 ], [ 110.286222509862355, -7.011364721533554 ], [ 110.285518672244478, -7.011425772887335 ], [ 110.284693685551161, -7.011120042101079 ], [ 110.284199942564314, -7.010615181043635 ], [ 110.283663227118623, -7.009370418954034 ], [ 110.281079975241838, -7.008008072097891 ], [ 110.280657576548435, -7.006864562158515 ], [ 110.28098260457584, -7.005450706465018 ], [ 110.279468606407562, -7.004866999751133 ], [ 110.27901429111779, -7.004326452213198 ], [ 110.278801598721316, -7.003653344318433 ], [ 110.278862908691494, -7.00295015087072 ], [ 110.27918888602143, -7.002323926483399 ], [ 110.280228137738646, -7.001685528263966 ], [ 110.280934562478635, -7.001677561969167 ], [ 110.284454162604618, -7.002547699538948 ], [ 110.284725862041967, -6.99741555565582 ], [ 110.285303771227049, -6.996342094433069 ], [ 110.286080845248989, -6.995929716533904 ], [ 110.28678654490561, -6.995896934724319 ], [ 110.287598562062627, -6.996235494885955 ], [ 110.28807161778191, -6.996759743880187 ], [ 110.288324823663729, -6.997601684650341 ], [ 110.288152656684815, -7.001093688665699 ], [ 110.295552586515782, -6.996139692765151 ], [ 110.296924879125996, -6.990371646224133 ], [ 110.297616728673205, -6.989580920803639 ], [ 110.298631652859058, -6.989307501930593 ], [ 110.299319902367856, -6.98946671010112 ], [ 110.29989478534614, -6.989876958783944 ], [ 110.300381766569501, -6.990994538838031 ], [ 110.298963291242885, -6.997754843927303 ], [ 110.299667245707852, -6.997709399876247 ], [ 110.300177415699196, -6.996478154823366 ], [ 110.301272728999407, -6.995941426871844 ], [ 110.306139620231889, -6.996757930612618 ], [ 110.303995327130309, -6.982193823600067 ], [ 110.303325362517242, -6.981790073205623 ], [ 110.302920012771111, -6.981211971402675 ], [ 110.302587769507397, -6.97911400826752 ], [ 110.302402610479632, -6.980233522700765 ], [ 110.30154603529266, -6.981101407063724 ], [ 110.300332859416457, -6.98122932909207 ], [ 110.299427516366634, -6.980695661903698 ], [ 110.298952840544473, -6.979572813092261 ], [ 110.299053171872529, -6.976987500394046 ], [ 110.296929556153486, -6.978864834005204 ], [ 110.296705219062417, -6.980050883199888 ], [ 110.296208580481519, -6.980776573595892 ], [ 110.295253586941271, -6.981215417699339 ], [ 110.294378748064943, -6.981119782594614 ], [ 110.28589497481191, -6.988572868774861 ], [ 110.285049986519482, -6.988817940549716 ], [ 110.284033467722011, -6.988550519121983 ], [ 110.28333696168491, -6.987763891741383 ], [ 110.283175692791545, -6.986899656612655 ], [ 110.283355569175541, -6.986217063368279 ], [ 110.283783187682374, -6.985655207303663 ], [ 110.291085437267199, -6.979200188341133 ], [ 110.290335452037766, -6.978589837797941 ], [ 110.290018019877365, -6.977769916607391 ], [ 110.290398458701802, -6.975058903007741 ], [ 110.289603116672595, -6.975227722310462 ], [ 110.28891311776664, -6.975076363747561 ], [ 110.28833361221659, -6.974672688740308 ], [ 110.287896285208674, -6.973909849883355 ], [ 110.287870488178697, -6.973031098182863 ], [ 110.288515530788274, -6.971066982242253 ], [ 110.286673415405346, -6.970240807295406 ], [ 110.286023650024148, -6.969415233367856 ], [ 110.285584474215014, -6.96733998181572 ], [ 110.286281476440607, -6.965332166022325 ], [ 110.287228940970834, -6.964564405557914 ], [ 110.288535664641969, -6.96460619171246 ], [ 110.29005778497968, -6.965391375861812 ], [ 110.291484962536018, -6.967438168241165 ], [ 110.292048952143745, -6.966355125509709 ], [ 110.293170995766502, -6.965876855250468 ], [ 110.294193239793969, -6.966121324907208 ], [ 110.29489225171217, -6.966864676993016 ], [ 110.295720340614935, -6.966639201151867 ], [ 110.297380580558922, -6.966879664056701 ], [ 110.299829932306295, -6.962015181765513 ], [ 110.292130188897133, -6.959103999754873 ], [ 110.291361866993043, -6.958157252570667 ], [ 110.291262316448467, -6.957458437160379 ], [ 110.291437975199514, -6.956774748932538 ], [ 110.292148401566791, -6.956000689476806 ], [ 110.29299180757593, -6.955750427853629 ], [ 110.29592286267038, -6.956671201208795 ], [ 110.297974177899903, -6.952371069378036 ], [ 110.298815731725597, -6.951741812485219 ], [ 110.299865319885413, -6.951685789107789 ], [ 110.30088246941051, -6.952358634051071 ], [ 110.30124156579042, -6.953523532183917 ], [ 110.299342350475925, -6.957905864867885 ], [ 110.301324700848511, -6.958719579569418 ], [ 110.302667829696659, -6.955935956863398 ], [ 110.306199322299392, -6.946507816000272 ], [ 110.307073570200359, -6.945657769878697 ], [ 110.308150911887765, -6.945525455229405 ], [ 110.311157114587758, -6.93981745574161 ], [ 110.311743733763976, -6.939162275408045 ], [ 110.312747550805369, -6.938850932169862 ], [ 110.313755294779753, -6.939149340184457 ], [ 110.314427297427116, -6.939956919018809 ], [ 110.314494993582002, -6.941173954437543 ], [ 110.306183293615675, -6.957030141802495 ], [ 110.310682082992429, -6.957150902766966 ], [ 110.316796830815633, -6.952291305522298 ], [ 110.318813972290371, -6.949758885824153 ], [ 110.319560493689607, -6.949293668125775 ], [ 110.320438334108886, -6.949235023302955 ], [ 110.321240187113006, -6.949596800835112 ], [ 110.321776690377447, -6.950293565174182 ], [ 110.321921143902244, -6.951160771171031 ], [ 110.321639431825886, -6.95199362179285 ], [ 110.319575784546856, -6.954612838822577 ], [ 110.319614575871398, -6.95535651032346 ], [ 110.319369923186983, -6.956018689257234 ], [ 110.318741580675578, -6.956634053602739 ], [ 110.317956820637974, -6.956875514433482 ], [ 110.310306746454302, -6.969646240272833 ], [ 110.31197059225012, -6.969887889263553 ], [ 110.312690997002406, -6.969491418157101 ], [ 110.313570525231839, -6.969468148243366 ], [ 110.314357179125537, -6.969861900654856 ], [ 110.31480847840389, -6.970452525437746 ], [ 110.318201808892141, -6.971292964227525 ], [ 110.333363171852497, -6.947082074106014 ], [ 110.334390013433392, -6.94642409444591 ], [ 110.335601503365396, -6.946566399980141 ], [ 110.336160858601076, -6.946997489110433 ], [ 110.336512542088613, -6.947609658946186 ], [ 110.336603012531967, -6.948309712609806 ], [ 110.336418495487962, -6.948991073314447 ], [ 110.32353263744892, -6.969599048776439 ], [ 110.324577299193066, -6.969833654270205 ], [ 110.325301718974316, -6.970610102665385 ], [ 110.326361905683868, -6.970277155325298 ], [ 110.327506610317656, -6.970698465511536 ], [ 110.32794966120521, -6.971248252094395 ], [ 110.328155490169195, -6.972102994441793 ], [ 110.327550896850312, -6.97429006726736 ], [ 110.330040267250425, -6.974905668709137 ], [ 110.335552784786316, -6.966015666879984 ], [ 110.336635145985099, -6.965453434550963 ], [ 110.337340275128085, -6.965496148565461 ], [ 110.337975371404397, -6.965805238606664 ], [ 110.338591809796867, -6.966655957087776 ], [ 110.338577830831383, -6.967874795636263 ], [ 110.334062412189212, -6.975276569361865 ], [ 110.334744176218521, -6.976363273374058 ], [ 110.335099831072966, -6.976325809826132 ], [ 110.336687060019386, -6.973770468977404 ], [ 110.337216428756207, -6.973303064019456 ], [ 110.338415792360436, -6.973080340366418 ], [ 110.339484323362228, -6.973668425296377 ], [ 110.33992174547005, -6.974623458422758 ], [ 110.339824487371999, -6.975497209931906 ], [ 110.336738661035028, -6.980563713269133 ], [ 110.338244930496828, -6.98224733008387 ], [ 110.339612911060485, -6.981356317947517 ], [ 110.340319191648561, -6.981340955051317 ], [ 110.340977594421801, -6.981596819977756 ], [ 110.341725459598337, -6.98255982702162 ], [ 110.3416454702121, -6.983882701691203 ], [ 110.342472917634382, -6.9839448030977 ], [ 110.34183235597169, -6.980961899159026 ], [ 110.342292128201819, -6.97736573890991 ], [ 110.34203285088806, -6.974410700410384 ], [ 110.346279798772457, -6.961794223251684 ], [ 110.346824575155324, -6.961103882567883 ], [ 110.347630702258158, -6.960751660514201 ], [ 110.348336811744929, -6.960772527021011 ], [ 110.349120698641499, -6.961171736345027 ], [ 110.34955250942302, -6.961730377657808 ], [ 110.349740970264008, -6.962589113584746 ], [ 110.34563376564634, -6.975050097748194 ], [ 110.345738206599151, -6.975824834343088 ], [ 110.346561132622369, -6.97644580622264 ], [ 110.346894710755464, -6.977259313551128 ], [ 110.346652117874584, -6.978453889090026 ], [ 110.345691035494383, -6.97922804760793 ], [ 110.345474474995981, -6.98080178842544 ], [ 110.345790464041087, -6.982412723328929 ], [ 110.346734161339583, -6.983799711828499 ], [ 110.349514868206853, -6.981150392733173 ], [ 110.349882624626616, -6.979543249684697 ], [ 110.349613564887903, -6.978895416472939 ], [ 110.349612434045753, -6.978189549796545 ], [ 110.350141060247864, -6.976528884936892 ], [ 110.350813722484503, -6.975817186418644 ], [ 110.351695436033623, -6.972177524186965 ], [ 110.352312889805646, -6.971327532651034 ], [ 110.353476559197205, -6.970961727125869 ], [ 110.354469841805681, -6.971305375572038 ], [ 110.35515797723491, -6.972311855171205 ], [ 110.355167025238771, -6.973190950499032 ], [ 110.354276482980652, -6.976904927283976 ], [ 110.355082263519918, -6.978442742236814 ], [ 110.355210540882879, -6.979136876184625 ], [ 110.354738194322977, -6.980330735350689 ], [ 110.353336638684382, -6.98114029242183 ], [ 110.355420773128984, -6.9818098021617 ], [ 110.357583776470634, -6.982913283943825 ], [ 110.359158808652921, -6.984580558882148 ], [ 110.360827454908758, -6.984835053204134 ], [ 110.366648692177137, -6.968133726443273 ], [ 110.363891369977765, -6.961655376225961 ], [ 110.363946202193972, -6.960951635754881 ], [ 110.364266379889401, -6.960322431138363 ], [ 110.365299638633076, -6.95967450032611 ], [ 110.366347584227753, -6.959756019771689 ], [ 110.367173596189659, -6.960405554365458 ], [ 110.370994991625338, -6.969088483735247 ], [ 110.375769652873018, -6.974844441773303 ], [ 110.376897137923748, -6.974869483391868 ], [ 110.378290959061758, -6.975799845827618 ], [ 110.378850946003453, -6.976477946761142 ], [ 110.379025018148496, -6.977337091990627 ], [ 110.380754384046497, -6.977363425379796 ], [ 110.381590214222541, -6.958262342560836 ], [ 110.382260604708009, -6.957243981460019 ], [ 110.383425362245234, -6.956881737861175 ], [ 110.384111830151838, -6.957048304692114 ], [ 110.384682253208979, -6.957464689084438 ], [ 110.385049789930392, -6.958067500856046 ], [ 110.385156186633381, -6.958819802993665 ], [ 110.388217338539093, -6.958605137220719 ], [ 110.387546050661385, -6.956535762999697 ], [ 110.385281013285166, -6.956730484366045 ], [ 110.384590021168393, -6.956583781296926 ], [ 110.383786244238593, -6.9559069695112 ], [ 110.383505261795989, -6.954720816138088 ], [ 110.383920103620383, -6.953755773476345 ], [ 110.384660825728943, -6.953231938926736 ], [ 110.384577624018746, -6.952362778752275 ], [ 110.384816563488201, -6.951698511082368 ], [ 110.385760636606108, -6.950926585522684 ], [ 110.38663633748024, -6.950841670370822 ], [ 110.387448696721435, -6.951179270245946 ], [ 110.387922341960987, -6.951702966720746 ], [ 110.388343728469664, -6.952781504138143 ], [ 110.389685828510821, -6.952626874798444 ], [ 110.389305004897992, -6.951909971777313 ], [ 110.389249864442263, -6.951284396674619 ], [ 110.387965517044591, -6.949727660415832 ], [ 110.387621499174969, -6.948918505530983 ], [ 110.387848663189445, -6.947720896626466 ], [ 110.388318307253058, -6.947193617767945 ], [ 110.388954133320951, -6.94688606493618 ], [ 110.393401415242565, -6.945810608567193 ], [ 110.394411793115495, -6.946168421822835 ], [ 110.395158738676216, -6.947153006508161 ], [ 110.396119329005643, -6.946733484349953 ], [ 110.398203740059472, -6.945209183765126 ], [ 110.399416828593075, -6.945081087608942 ], [ 110.400435885006502, -6.945751067298922 ], [ 110.400798280600824, -6.946914968516547 ], [ 110.400451224114008, -6.947906370468609 ], [ 110.399342500847553, -6.948837813587065 ], [ 110.400160176936595, -6.949133518016326 ], [ 110.401203706362082, -6.949937176295697 ], [ 110.402751518145806, -6.950645335493536 ], [ 110.403930108233055, -6.950011978041148 ], [ 110.404826081580723, -6.949072640745159 ], [ 110.405728200344669, -6.948902881019526 ], [ 110.406594039962684, -6.94834885985741 ], [ 110.407473308135934, -6.948317922558854 ], [ 110.408122126494334, -6.948597080687563 ], [ 110.408703863902986, -6.949256624976604 ], [ 110.409235036111866, -6.951409605786813 ], [ 110.416046262792406, -6.953835877396083 ], [ 110.415344824183762, -6.951457553291784 ], [ 110.41539187785132, -6.950579659031294 ], [ 110.416122869125772, -6.949603817218907 ], [ 110.417170167799981, -6.949305516768694 ], [ 110.416835662353307, -6.94687078394226 ], [ 110.417098478307238, -6.945853836070989 ], [ 110.4178824084604, -6.945154177245664 ], [ 110.419097220086641, -6.945043535823588 ], [ 110.419994817068016, -6.94559004649318 ], [ 110.42040389926828, -6.946368386013005 ], [ 110.421351574353082, -6.953026407156549 ], [ 110.422302150784944, -6.953722023260383 ], [ 110.424226713960479, -6.95442641417113 ], [ 110.425240979101503, -6.954032259933904 ], [ 110.426708872026708, -6.951751517549288 ], [ 110.425061765130707, -6.949867111251111 ], [ 110.422638819004717, -6.947901294753255 ], [ 110.422241654731991, -6.947317547307695 ], [ 110.422172016057232, -6.94610059648545 ], [ 110.422712946805291, -6.945255759438756 ], [ 110.422849787721844, -6.944230779917084 ], [ 110.42336525653738, -6.943533093391067 ], [ 110.42433407909229, -6.94312574938963 ], [ 110.425366102115305, -6.943324902936329 ], [ 110.426021284501346, -6.943911661172379 ], [ 110.426304860217257, -6.944623120032681 ], [ 110.42771365672624, -6.944940793895551 ], [ 110.428437542733192, -6.945951868046954 ], [ 110.429597324168441, -6.943691207534777 ], [ 110.430230907151412, -6.943081222918404 ], [ 110.431077434576551, -6.942841710550527 ], [ 110.431936994570648, -6.943029232667683 ], [ 110.432496458798852, -6.943460195926304 ], [ 110.432890093812972, -6.944219812942617 ], [ 110.433617194497543, -6.944439138011466 ], [ 110.434144581620217, -6.944882723357242 ], [ 110.435102545388176, -6.942483363899752 ], [ 110.435782327879494, -6.941925247827639 ], [ 110.436645130355302, -6.941753242328984 ], [ 110.43754113667822, -6.942043937303679 ], [ 110.438487855483189, -6.942011703932167 ], [ 110.439130168539506, -6.942305490066743 ], [ 110.439696788357097, -6.942978047111065 ], [ 110.440091089621959, -6.944335127963265 ], [ 110.441982143914373, -6.938887527492063 ], [ 110.443349986587279, -6.937632026235772 ], [ 110.444362107001325, -6.937348710031305 ], [ 110.44505182276599, -6.93750120040476 ], [ 110.445630639869009, -6.937905832868777 ], [ 110.44601043896094, -6.938501006357315 ], [ 110.446120886785579, -6.939373208799916 ], [ 110.444696194337979, -6.943840517476872 ], [ 110.445215358195114, -6.944562164780689 ], [ 110.445299404997414, -6.94560911721989 ], [ 110.44306977455345, -6.952529606856082 ], [ 110.444563627570489, -6.953303579239036 ], [ 110.44511545835735, -6.954537782277588 ], [ 110.448428084734388, -6.954948369414335 ], [ 110.446688770928674, -6.953486053408981 ], [ 110.446424939974506, -6.952647354110362 ], [ 110.446521580398823, -6.951948109855477 ], [ 110.446878656598741, -6.95133904670303 ], [ 110.447441806477329, -6.950912888461695 ], [ 110.448125295969362, -6.950734513343723 ], [ 110.448824417740937, -6.950830886252639 ], [ 110.44885058531915, -6.949969082276762 ], [ 110.449169379045699, -6.94933916782964 ], [ 110.449705144993345, -6.948879107146373 ], [ 110.450553532481266, -6.948646210444853 ], [ 110.451249318806532, -6.948768189307009 ], [ 110.451967699550622, -6.949275757558278 ], [ 110.453769275742474, -6.952115405236061 ], [ 110.453605180599254, -6.953323271337091 ], [ 110.452061041716334, -6.954854377549865 ], [ 110.452038888635542, -6.95522737902913 ], [ 110.456031278297644, -6.954930407002995 ], [ 110.456607369662478, -6.954647591426359 ], [ 110.456743725103138, -6.953806288143531 ], [ 110.457140302343944, -6.953222134135737 ], [ 110.458070758423432, -6.952733526540642 ], [ 110.459145995779906, -6.952858203374324 ], [ 110.460648101967635, -6.951615213475499 ], [ 110.462468209527188, -6.948957879807817 ], [ 110.46207346079882, -6.946906009302582 ], [ 110.462560738371749, -6.94578853565242 ], [ 110.463135705121971, -6.945378441544477 ], [ 110.464001599464922, -6.945222663348691 ], [ 110.464838738935242, -6.945493153160704 ], [ 110.465435381128216, -6.946104174298182 ], [ 110.466008358160707, -6.944943967945232 ], [ 110.467192061136828, -6.944394281057529 ], [ 110.467214860722123, -6.943529442763001 ], [ 110.467531565465336, -6.942898476648347 ], [ 110.468561224168496, -6.942244866585946 ], [ 110.469772113876331, -6.942392341577272 ], [ 110.471911869224428, -6.944012014528401 ], [ 110.475490785666821, -6.947797789757383 ], [ 110.476367093963219, -6.9479666698616 ], [ 110.477427136239911, -6.947866741104753 ], [ 110.47747392848693, -6.947548162974599 ], [ 110.459265521136459, -6.934526943777239 ], [ 110.458798609062228, -6.933585946217997 ], [ 110.458933553495413, -6.932544320074487 ], [ 110.459624866698618, -6.931753155974716 ], [ 110.460855741565524, -6.931317440672836 ], [ 110.461561816709462, -6.931338469901688 ], [ 110.462206092468492, -6.931627907384967 ], [ 110.478732575838876, -6.943388464292286 ], [ 110.479945230084951, -6.943195718104959 ], [ 110.481872292404745, -6.943875858570768 ], [ 110.482522614343125, -6.944701016797771 ], [ 110.482633223625356, -6.94557865636177 ], [ 110.486185215215443, -6.947423484914537 ], [ 110.488114689947125, -6.946815278292876 ], [ 110.489282208978921, -6.947168528284581 ], [ 110.48990878632749, -6.948011836226493 ], [ 110.489995471585203, -6.948886722064898 ], [ 110.48954654658543, -6.94983643175298 ], [ 110.488670059837204, -6.950377232546868 ], [ 110.490170531283965, -6.953075976165248 ], [ 110.491166275017207, -6.953504000552935 ], [ 110.4917195013428, -6.954363231684803 ], [ 110.499396535139411, -6.957024922137959 ], [ 110.501942771280866, -6.955633486398229 ], [ 110.502820590720447, -6.955693042845713 ], [ 110.503683500264543, -6.956292804142765 ], [ 110.504044740271709, -6.95709445095217 ], [ 110.504005171457564, -6.958675303940963 ], [ 110.503415721903735, -6.959827344675373 ], [ 110.503233895414041, -6.96085601252947 ], [ 110.502198371835064, -6.96194028584153 ], [ 110.502624938997144, -6.962764983554178 ], [ 110.50254202264091, -6.963812035048046 ], [ 110.502160900077939, -6.964406383401243 ], [ 110.50104240213021, -6.965254510200017 ], [ 110.499733268048288, -6.965472008808551 ], [ 110.500407389736807, -6.966569875311632 ], [ 110.500437462711574, -6.967588439927193 ], [ 110.501687695235631, -6.968702361728594 ], [ 110.502108522652534, -6.969599804066778 ], [ 110.502944476867413, -6.96928265730442 ], [ 110.503816589697635, -6.969399113391247 ], [ 110.50463867551548, -6.970053662667859 ], [ 110.504947002704924, -6.970877080363867 ], [ 110.5048716406735, -6.972189458487028 ], [ 110.505079190080224, -6.973439613703868 ], [ 110.504801037664834, -6.977150356085606 ], [ 110.503138993168321, -6.98403593673497 ], [ 110.50427569548647, -6.984729319844543 ], [ 110.504693374856103, -6.985874606080761 ], [ 110.504353108708983, -6.987406937538358 ], [ 110.503376618703186, -6.989724028122459 ], [ 110.503400928766268, -6.992695174174306 ], [ 110.503086254033491, -6.9933271732235 ], [ 110.502553470423038, -6.993790745050505 ], [ 110.501883689649631, -6.994015314497418 ], [ 110.501088606237133, -6.993960707136607 ], [ 110.500068708232021, -6.99687696049701 ], [ 110.499140270153021, -6.997667734835423 ], [ 110.498266353765899, -6.997770247161711 ], [ 110.49737530559365, -6.997520578687707 ], [ 110.496054601071336, -6.995990497505681 ], [ 110.495017646398054, -6.996405589822873 ], [ 110.493678692076855, -6.996173737319656 ], [ 110.493179010230278, -6.997394695287897 ], [ 110.493820820236039, -6.998379997538152 ], [ 110.493707091199425, -6.999593639934949 ], [ 110.493004889509123, -7.000375265835359 ], [ 110.492031076018364, -7.000635161808219 ], [ 110.491704474326241, -7.00147182951696 ], [ 110.49030796117647, -7.003345985646828 ], [ 110.491396911028531, -7.00332696373771 ], [ 110.491925285004356, -7.002721375884761 ], [ 110.492567223783325, -7.002426581337209 ], [ 110.493616564303125, -7.002489607732093 ], [ 110.494342798564702, -7.002986021526482 ], [ 110.494756861762454, -7.003807374817133 ], [ 110.495774624517182, -7.004709643219604 ], [ 110.498136950763651, -7.005372788087699 ], [ 110.499178924478542, -7.006541463133237 ], [ 110.499316926486571, -7.007409746242755 ], [ 110.49902896668182, -7.008240499967356 ], [ 110.495527550146306, -7.011947176047713 ], [ 110.497173420011308, -7.012499834824373 ], [ 110.497983978768573, -7.013410881483983 ], [ 110.49810468204214, -7.014281733176863 ], [ 110.497800248033144, -7.015106603924329 ], [ 110.497142569570912, -7.015690693536562 ], [ 110.496337302953179, -7.015963170982141 ], [ 110.497187411017833, -7.016182100993683 ], [ 110.49773069339993, -7.016633374913567 ], [ 110.499205194235032, -7.019357559295729 ], [ 110.500159532505393, -7.020253868293231 ], [ 110.500316566180516, -7.021292405860213 ], [ 110.499629187863576, -7.023795345148794 ], [ 110.500257272486238, -7.024132969730441 ], [ 110.500702706891005, -7.024680897762407 ], [ 110.501005878746497, -7.025748658419912 ], [ 110.500956066957556, -7.026452786662587 ], [ 110.500640339591158, -7.027084271547559 ], [ 110.499898305658888, -7.027646720077148 ], [ 110.499442151232969, -7.028313462381437 ], [ 110.497523512809849, -7.029166899181506 ], [ 110.497014244348094, -7.030341767704451 ], [ 110.496202855100591, -7.031143605538665 ], [ 110.495515038660329, -7.03145056566244 ], [ 110.494512121818175, -7.031379553906691 ], [ 110.493240097559621, -7.031778538421825 ], [ 110.492052422819924, -7.031399339599518 ], [ 110.488724109374019, -7.031014152497438 ], [ 110.487454940909871, -7.031359198858808 ], [ 110.48635703691231, -7.030827518305145 ], [ 110.485841335850893, -7.029603902849588 ], [ 110.485256199618803, -7.030057449682149 ], [ 110.484572619646244, -7.030235935755989 ], [ 110.483275814999061, -7.029793051102573 ], [ 110.485898279118473, -7.039849191706335 ], [ 110.485088779216142, -7.041944757955091 ], [ 110.483187823179279, -7.044489208475394 ], [ 110.482156426248011, -7.051305824764508 ], [ 110.482832697725755, -7.051718883379224 ], [ 110.483295032599187, -7.052466936807645 ], [ 110.483608177089664, -7.054951682256248 ], [ 110.484175403412749, -7.055915810383987 ], [ 110.48410425314151, -7.056926630176444 ], [ 110.487049680946186, -7.058568183720513 ], [ 110.488012545446395, -7.061104296576132 ], [ 110.497073853902634, -7.06449821300001 ], [ 110.497331350313232, -7.064508203778508 ], [ 110.498295639371506, -7.063468546827311 ], [ 110.498979399192436, -7.063290557198367 ], [ 110.499679293057142, -7.063387516546103 ], [ 110.500629786196654, -7.064151851945289 ], [ 110.50087915320816, -7.06534507269955 ], [ 110.500192582715044, -7.066786540985827 ], [ 110.500152986761549, -7.068110420920227 ], [ 110.499682652593066, -7.06885349331558 ], [ 110.499085928531215, -7.069231532530766 ], [ 110.498389810651986, -7.069352669463376 ], [ 110.497135603571891, -7.068805018167917 ], [ 110.49699658186789, -7.069672573442577 ], [ 110.496597373572882, -7.070255005667335 ], [ 110.496005438237759, -7.07064048705461 ], [ 110.495310893198905, -7.070770331067172 ], [ 110.494166772381249, -7.070346677851996 ], [ 110.493724739910604, -7.069795974021595 ], [ 110.493442040148949, -7.068949862303557 ], [ 110.492406830319879, -7.068204425669162 ], [ 110.492114091402428, -7.067375330834708 ], [ 110.492231702090123, -7.066548794159023 ], [ 110.487166798606822, -7.064651706607798 ], [ 110.483890205109731, -7.069492011371818 ], [ 110.480292063889877, -7.08102895756634 ], [ 110.480290819143846, -7.081804569429506 ], [ 110.481391819923047, -7.082255785589411 ], [ 110.482041299928696, -7.083287715947909 ], [ 110.481960566292443, -7.084334930661801 ], [ 110.481311025669498, -7.085160850937433 ], [ 110.480133956117612, -7.085482158703702 ], [ 110.478473142930127, -7.085053347538302 ], [ 110.478672063113777, -7.086077739082762 ], [ 110.478274634903343, -7.087050130312022 ], [ 110.477403382147159, -7.087638075888136 ], [ 110.476524587322444, -7.08768566555239 ], [ 110.475727103214837, -7.087313810672541 ], [ 110.475276063142374, -7.086770434039654 ], [ 110.474281903413612, -7.084429269493183 ], [ 110.473765140725476, -7.083716666956894 ], [ 110.47365658833489, -7.082779583441401 ], [ 110.468827853798189, -7.081866985895271 ], [ 110.466325544971028, -7.081166743138136 ], [ 110.465317099388756, -7.081497275549569 ], [ 110.464160549763037, -7.081108697081238 ], [ 110.463513296325203, -7.080075377520537 ], [ 110.463553955650895, -7.078686986011025 ], [ 110.465468485265333, -7.074320226386787 ], [ 110.464388636024097, -7.073922380460878 ], [ 110.463752373006216, -7.072882277268719 ], [ 110.463746308588483, -7.072176424054649 ], [ 110.464297247449892, -7.071187609010092 ], [ 110.464431971892424, -7.069879439213556 ], [ 110.462978852047371, -7.069589644524799 ], [ 110.462873272745384, -7.071618132898856 ], [ 110.459512590950581, -7.079632179148931 ], [ 110.458985473160425, -7.080336193159358 ], [ 110.458188380478148, -7.080708853259098 ], [ 110.457356186902317, -7.080674022255081 ], [ 110.456625307927439, -7.081022615316008 ], [ 110.45515458570236, -7.08118751998559 ], [ 110.449345555363323, -7.079991946202527 ], [ 110.449999832993072, -7.082888356965752 ], [ 110.450416847250708, -7.083382979188977 ], [ 110.452958737304925, -7.084321092326864 ], [ 110.453655308619631, -7.085321899914036 ], [ 110.453671591351721, -7.086200902618893 ], [ 110.453381341487599, -7.086844482846159 ], [ 110.452866637469981, -7.087328116031676 ], [ 110.452121569381077, -7.087588039268685 ], [ 110.452710269858599, -7.089851035323305 ], [ 110.452429282399635, -7.090684175918097 ], [ 110.4519390254315, -7.091192527538146 ], [ 110.450761093668376, -7.091510700939525 ], [ 110.449782368163781, -7.091126925773517 ], [ 110.449245013892266, -7.090430669801688 ], [ 110.448566046533401, -7.088364440593833 ], [ 110.447750953218971, -7.088406328625112 ], [ 110.446948756742628, -7.088044737095023 ], [ 110.444484840072988, -7.085206434578671 ], [ 110.434977482781576, -7.090010563319704 ], [ 110.43338526905336, -7.08982526028341 ], [ 110.430389374160811, -7.088039827298726 ], [ 110.427962260862529, -7.089558653418082 ], [ 110.427170942213053, -7.08979546965963 ], [ 110.423481174828467, -7.088998304256688 ], [ 110.422703479989579, -7.088660437672984 ], [ 110.420318668111349, -7.090848473772876 ], [ 110.420584345845967, -7.091297698936497 ], [ 110.42115168731759, -7.091579271823885 ], [ 110.421308868141878, -7.090457079649367 ], [ 110.42198974739371, -7.089656750611455 ], [ 110.422823353344967, -7.089374838354983 ], [ 110.423525279579593, -7.089456082672661 ], [ 110.424142651871477, -7.089799472855454 ], [ 110.424581481422621, -7.090352731398482 ], [ 110.424767102555649, -7.091995810223302 ], [ 110.427668249125759, -7.090801909780692 ], [ 110.428374844397567, -7.09079543415005 ], [ 110.42903013469973, -7.091059565617955 ], [ 110.429534358802925, -7.091554093028577 ], [ 110.429810753086073, -7.092203729642149 ], [ 110.429817238143812, -7.092909574521552 ], [ 110.429448268549422, -7.093707732123355 ], [ 110.42874621376383, -7.094237897974364 ], [ 110.423487259196534, -7.096464607199636 ], [ 110.420770721618879, -7.096622905823067 ], [ 110.417885211379456, -7.099072873278502 ], [ 110.415415111323654, -7.103451844614299 ], [ 110.414457642893595, -7.104383215606644 ], [ 110.413820025538513, -7.107360143782119 ], [ 110.4142985748841, -7.108204207085669 ], [ 110.414347598501706, -7.109081988604658 ], [ 110.41408151710894, -7.109735909346608 ], [ 110.41358516791162, -7.110238340216146 ], [ 110.412758484160904, -7.110540005353125 ], [ 110.411887053061648, -7.110416783365578 ], [ 110.411296900341029, -7.110028525695668 ], [ 110.410569169534725, -7.109018029369878 ], [ 110.409914913801131, -7.10942067475761 ], [ 110.409190786419245, -7.109516152385446 ], [ 110.409021143107395, -7.110333256960031 ], [ 110.408464515787045, -7.111014247195682 ], [ 110.407826470526146, -7.111317650310376 ], [ 110.407120757321223, -7.111354058134317 ], [ 110.406454815790255, -7.111117927943751 ], [ 110.405930030345871, -7.110645208858309 ], [ 110.405513572985541, -7.109320089434041 ], [ 110.399928581866945, -7.111369658029795 ], [ 110.400349079646887, -7.112330238603677 ], [ 110.400237350512015, -7.113202269896737 ], [ 110.39972728305699, -7.113918722097388 ], [ 110.398764079216022, -7.114339949630776 ], [ 110.397574681912005, -7.114067440727112 ], [ 110.39564083457509, -7.112259575753552 ], [ 110.390949386211574, -7.110748313864461 ], [ 110.388628015962169, -7.112628459553866 ], [ 110.387751404710912, -7.112706875425673 ], [ 110.386941297510774, -7.11236325777991 ], [ 110.386272368552767, -7.111343798450294 ], [ 110.386333267943172, -7.110295264341199 ], [ 110.386701915978946, -7.109693060761949 ], [ 110.388814829566229, -7.107802265640546 ], [ 110.387831081129661, -7.106763888473561 ], [ 110.386214936094987, -7.106814194764623 ], [ 110.383849279188013, -7.111736856650166 ], [ 110.38328702553315, -7.112413215416507 ], [ 110.382117270588523, -7.112760316645711 ], [ 110.380992595940214, -7.112287365984423 ], [ 110.380457250649613, -7.111383395652354 ], [ 110.380462330475737, -7.110504269384796 ], [ 110.383304788027999, -7.10450919136635 ], [ 110.383513577948008, -7.103041076408906 ], [ 110.377072159720854, -7.092070615546439 ], [ 110.374043571614123, -7.090334077905876 ], [ 110.372236017951195, -7.089031730554748 ], [ 110.371894511603372, -7.096835056384318 ], [ 110.372125367377734, -7.1019249481757 ], [ 110.373773885642336, -7.106372717455366 ], [ 110.373703666628145, -7.107249054814652 ], [ 110.373351533985215, -7.107861037818626 ], [ 110.372459718111656, -7.108417394523927 ], [ 110.371408764273411, -7.108385064795423 ], [ 110.370552911293416, -7.107774946132158 ], [ 110.36999649154545, -7.106526835640888 ], [ 110.368955305889315, -7.106711805463223 ], [ 110.367864168899871, -7.10616610215946 ], [ 110.367484839440934, -7.105570559250708 ], [ 110.367362539494636, -7.104875345212191 ], [ 110.368500868176355, -7.101953727988018 ], [ 110.368330775109811, -7.098202879559323 ], [ 110.363547964587127, -7.09676965481326 ], [ 110.362958540650709, -7.096380331559013 ], [ 110.362563132835731, -7.09579532311208 ], [ 110.36242980253347, -7.094926331953777 ], [ 110.362631661712143, -7.094249880393005 ], [ 110.363077298489912, -7.093702085697777 ], [ 110.363871056062564, -7.093322376483399 ], [ 110.364750272714929, -7.093361276302586 ], [ 110.368373830660801, -7.09444023131171 ], [ 110.368571649161794, -7.089920912752812 ], [ 110.367444100228198, -7.09073927391645 ], [ 110.36622401573068, -7.090757094078038 ], [ 110.3652695633387, -7.089997675877147 ], [ 110.365003145352873, -7.088868764976015 ], [ 110.363174032495237, -7.089481082563875 ], [ 110.362051594302642, -7.091143361484134 ], [ 110.361306502671454, -7.097412664933993 ], [ 110.362254179494684, -7.102602186247523 ], [ 110.362146595793845, -7.103474731290084 ], [ 110.361768648876009, -7.104071148685609 ], [ 110.361025173819712, -7.104541611080705 ], [ 110.360147470014013, -7.104606431243067 ], [ 110.359488140578932, -7.104352503024473 ], [ 110.358881172449898, -7.103715889891545 ], [ 110.358606780228243, -7.102851506742341 ], [ 110.35771816852241, -7.102390387007761 ], [ 110.357247499207531, -7.101647531542971 ], [ 110.357221948946361, -7.100597549799355 ], [ 110.357866428139118, -7.099242062863708 ], [ 110.357769917600379, -7.098378629291775 ], [ 110.352244674850127, -7.094192821806981 ], [ 110.350110910975573, -7.095892263465426 ], [ 110.34945515893682, -7.096155239252459 ], [ 110.34825017163908, -7.095963212026161 ], [ 110.347440658598686, -7.095051156426206 ], [ 110.347321055110115, -7.094180176737656 ], [ 110.347734015191534, -7.093214289682059 ], [ 110.351298832047235, -7.090336883053919 ], [ 110.359234996597721, -7.088844415239098 ], [ 110.359648409325786, -7.088232176338034 ], [ 110.3531841616946, -7.086126549753224 ], [ 110.350775164524379, -7.084675517139901 ], [ 110.34387367888317, -7.086362631140145 ], [ 110.34124833108848, -7.086295801417041 ], [ 110.33751223479365, -7.093120376877086 ], [ 110.338186597910749, -7.092260427462869 ], [ 110.339000313530207, -7.091925533461231 ], [ 110.339875982967342, -7.092013356082043 ], [ 110.340529060043778, -7.092425192653181 ], [ 110.341374346271706, -7.092183284572993 ], [ 110.342071642682825, -7.092297546776375 ], [ 110.343179484983651, -7.093067963621675 ], [ 110.344830125006979, -7.09507322108747 ], [ 110.346291542056065, -7.095930725385873 ], [ 110.34673357517633, -7.096883686705701 ], [ 110.346693340300703, -7.097588405161115 ], [ 110.346389868094732, -7.098218697283805 ], [ 110.346902433745257, -7.100118051377306 ], [ 110.346610280457369, -7.100947334652854 ], [ 110.345801013908741, -7.101617869243869 ], [ 110.344931135534395, -7.101751410822139 ], [ 110.342489490245825, -7.101288373423866 ], [ 110.342259821156134, -7.102109284240736 ], [ 110.341655333239089, -7.10274824175002 ], [ 110.340820690845831, -7.103027106878006 ], [ 110.339953002874068, -7.102880023059693 ], [ 110.339373766700461, -7.102475724675302 ], [ 110.338993510117561, -7.101880778513756 ], [ 110.338274208992246, -7.099336150457563 ], [ 110.337885974111359, -7.096772422032484 ], [ 110.33501923674153, -7.096521899494496 ], [ 110.333540229877059, -7.100312941122557 ], [ 110.332467466748483, -7.100893815225725 ], [ 110.331426535168362, -7.100745788845239 ], [ 110.330643362686246, -7.1000450244673 ], [ 110.330382965641803, -7.099205253997244 ], [ 110.331815932035511, -7.094714102280637 ], [ 110.331243978788962, -7.094405035649017 ], [ 110.327048597515756, -7.09493760758896 ], [ 110.328707049128596, -7.102289817810759 ], [ 110.328532519223089, -7.102973809915339 ], [ 110.327971386266086, -7.103651075871682 ], [ 110.32733135443317, -7.1039502276798 ], [ 110.326451269714454, -7.103946588990613 ], [ 110.325676822637888, -7.103528962272978 ], [ 110.325258237851131, -7.102960273129986 ], [ 110.322185516749329, -7.095340968458401 ], [ 110.319409278242233, -7.093686982870393 ], [ 110.319356570023103, -7.106173628152923 ], [ 110.319139124873701, -7.10702550357589 ], [ 110.318688539363848, -7.107569246116664 ], [ 110.317715446321444, -7.107967073073627 ], [ 110.316608017441894, -7.107711239696058 ], [ 110.316391437732278, -7.108600906813873 ], [ 110.315797039004508, -7.109249241419168 ], [ 110.314966864921786, -7.109541131263974 ], [ 110.314096969126467, -7.109407643874391 ], [ 110.313392786027009, -7.10888030381427 ], [ 110.313062906458171, -7.108256080094857 ], [ 110.311818175756869, -7.101877629043188 ], [ 110.30960817361408, -7.102457208459745 ], [ 110.308792502083605, -7.102939460897149 ], [ 110.308087656151145, -7.102989551675734 ] ], [ [ 110.427182638476552, -7.038360630202245 ], [ 110.426901024276631, -7.038883924160732 ], [ 110.426695973926201, -7.039388964774473 ], [ 110.427178553091792, -7.039106602732157 ], [ 110.427182638476552, -7.038360630202245 ] ], [ [ 110.425701299601712, -7.041812029061047 ], [ 110.424877728691783, -7.042619462436442 ], [ 110.425281117867996, -7.04317731784583 ], [ 110.425880306771703, -7.04306283657714 ], [ 110.425701299601712, -7.041812029061047 ] ], [ [ 110.424162585159863, -7.060102945607174 ], [ 110.423669841103944, -7.061575785331306 ], [ 110.425097500522895, -7.06208493573054 ], [ 110.425564792322945, -7.060387463567057 ], [ 110.425451261569137, -7.060112160843784 ], [ 110.424162585159863, -7.060102945607174 ] ], [ [ 110.42321255323742, -7.06525454061751 ], [ 110.420258879513014, -7.064181769647706 ], [ 110.418650508381972, -7.065456171504615 ], [ 110.419529257364928, -7.066422291749176 ], [ 110.4216521322098, -7.066321062172163 ], [ 110.422315592953183, -7.065670705873172 ], [ 110.423291153638019, -7.065438441409196 ], [ 110.42321255323742, -7.06525454061751 ] ], [ [ 110.424143615570657, -7.075807662113326 ], [ 110.423248859659722, -7.075942208217628 ], [ 110.422202806803483, -7.075586342748459 ], [ 110.421662273409666, -7.076408260349988 ], [ 110.419978477160839, -7.083563807645868 ], [ 110.420701150805712, -7.083796073907121 ], [ 110.428462859955872, -7.080412323827466 ], [ 110.428850109284426, -7.07951169180321 ], [ 110.426047981457486, -7.077092973392515 ], [ 110.424701650668254, -7.076360955429968 ], [ 110.424143615570657, -7.075807662113326 ] ], [ [ 110.394979020658084, -7.0253218557692 ], [ 110.394908683380862, -7.025275892550062 ], [ 110.394916020178343, -7.025358118672229 ], [ 110.394979020658084, -7.0253218557692 ] ], [ [ 110.393030730516116, -7.0352480830226 ], [ 110.3934746514729, -7.039435742870378 ], [ 110.397254808768068, -7.036145192954689 ], [ 110.397094823067192, -7.034938727267122 ], [ 110.398237469062366, -7.032020998196984 ], [ 110.397189299152259, -7.031639252655928 ], [ 110.396531281687658, -7.03056542542023 ], [ 110.395044311559445, -7.032205655216473 ], [ 110.393030730516116, -7.0352480830226 ] ], [ [ 110.3967302282323, -7.047506123710848 ], [ 110.399004522028463, -7.048383797639644 ], [ 110.401329475549275, -7.046320877105731 ], [ 110.402126391466837, -7.043940932957529 ], [ 110.40258246419296, -7.043401810872573 ], [ 110.403210330657942, -7.043078090304344 ], [ 110.404256717208028, -7.043091978600476 ], [ 110.404963819795626, -7.042685717661509 ], [ 110.405842848336178, -7.042644644453063 ], [ 110.410427061889493, -7.045017994764645 ], [ 110.411617245482702, -7.045095419097192 ], [ 110.410662923712707, -7.042263533604196 ], [ 110.41084373677559, -7.041403143640395 ], [ 110.411409170847421, -7.040729500133071 ], [ 110.412051045983716, -7.040434477096609 ], [ 110.412930982975396, -7.040443789297631 ], [ 110.413826944524814, -7.0409932646656 ], [ 110.414309048201474, -7.041853775286239 ], [ 110.416543882729584, -7.042025737548851 ], [ 110.417600989631694, -7.040884286256457 ], [ 110.416030320910522, -7.038151211634661 ], [ 110.414575476843766, -7.037580356459358 ], [ 110.408948861398073, -7.036552676648884 ], [ 110.407524600818078, -7.037111306059636 ], [ 110.4060868174154, -7.039292095443944 ], [ 110.402026106237145, -7.043830199563929 ], [ 110.40106471043525, -7.044255203357491 ], [ 110.400050586397313, -7.044084547950966 ], [ 110.3985012434851, -7.045930224121151 ], [ 110.397010429150285, -7.046868547970573 ], [ 110.396663731764548, -7.047289016582846 ], [ 110.3967302282323, -7.047506123710848 ] ], [ [ 110.393788152312226, -7.059087785251209 ], [ 110.390115482700566, -7.061806653185186 ], [ 110.389769112175543, -7.062294635098152 ], [ 110.390491818407824, -7.07079988556624 ], [ 110.395561092412564, -7.066853434414885 ], [ 110.394801808861757, -7.062831325654049 ], [ 110.394757051146954, -7.058835971303597 ], [ 110.393788152312226, -7.059087785251209 ] ], [ [ 110.389117688838965, -7.081695715252048 ], [ 110.394469134105734, -7.08408480486959 ], [ 110.396434411368119, -7.085904906265359 ], [ 110.398493176956251, -7.088410355255894 ], [ 110.399294540881812, -7.090121255031286 ], [ 110.399645023471365, -7.094255073189636 ], [ 110.39942114196576, -7.094958323866903 ], [ 110.39881563787813, -7.095596325087556 ], [ 110.398156898379696, -7.095851758671718 ], [ 110.397450447168026, -7.095835929281724 ], [ 110.393524714732365, -7.094222717926833 ], [ 110.391057258781714, -7.095203894845707 ], [ 110.391100062363535, -7.100263590862607 ], [ 110.39639367857724, -7.100410921291087 ], [ 110.397198172193612, -7.100767412705697 ], [ 110.397757291643956, -7.101502288477997 ], [ 110.397850776154129, -7.102588893922861 ], [ 110.396299679516815, -7.108192451371106 ], [ 110.396889209402815, -7.10863040360881 ], [ 110.405094115640651, -7.105619391887759 ], [ 110.405074622437297, -7.104286971343048 ], [ 110.405649381036142, -7.102280685800659 ], [ 110.401435060398526, -7.10228993735553 ], [ 110.40044011061299, -7.101584241918377 ], [ 110.40011413639472, -7.100585691917333 ], [ 110.400398465101716, -7.099574522743718 ], [ 110.401197257821167, -7.09889155871128 ], [ 110.404522590597651, -7.098685043277044 ], [ 110.404641837611223, -7.098414455337959 ], [ 110.403534062022203, -7.097755149403707 ], [ 110.40307355066075, -7.096810947069662 ], [ 110.403215785307651, -7.095770300528853 ], [ 110.403912820923864, -7.094983970164839 ], [ 110.404575343402868, -7.09473849483295 ], [ 110.405281474390875, -7.094764968956819 ], [ 110.408115807556698, -7.096025932579618 ], [ 110.407963538809781, -7.094617744276027 ], [ 110.406925645967689, -7.094226670549306 ], [ 110.405829756262932, -7.093261333589661 ], [ 110.405452814771138, -7.092560546400681 ], [ 110.405479768576683, -7.089560845504617 ], [ 110.404742754027481, -7.08328121639611 ], [ 110.402401921092249, -7.080614367101304 ], [ 110.398526864637958, -7.080946184555156 ], [ 110.397530491590686, -7.080242560969523 ], [ 110.39720712566222, -7.079067217139202 ], [ 110.397587245080231, -7.07808796226032 ], [ 110.398447909287029, -7.07748470461084 ], [ 110.403043214872511, -7.076895113770416 ], [ 110.404348460208425, -7.077283011924293 ], [ 110.405429568869607, -7.078586149273641 ], [ 110.405951502365156, -7.076434948632249 ], [ 110.405659305095242, -7.072303278730843 ], [ 110.406171653685519, -7.067870164851043 ], [ 110.406778736568668, -7.066812817611583 ], [ 110.407953207885484, -7.066381222461009 ], [ 110.407260776340209, -7.065347006676173 ], [ 110.407421552513398, -7.064077100745873 ], [ 110.406574738120383, -7.063972161851575 ], [ 110.405975697372412, -7.063597828190486 ], [ 110.405122274553065, -7.062558859096953 ], [ 110.404928143554727, -7.061526616456326 ], [ 110.405340785089507, -7.060560592192398 ], [ 110.406157562687866, -7.060008350760016 ], [ 110.406912267171464, -7.059036431240374 ], [ 110.407921246637315, -7.058741274727681 ], [ 110.409204091885627, -7.059061954328025 ], [ 110.40954974432276, -7.058505643691542 ], [ 110.410157443890711, -7.058071646135917 ], [ 110.409826978419531, -7.056461936613333 ], [ 110.408176000178941, -7.055718983093351 ], [ 110.407460305178034, -7.054731775484161 ], [ 110.40753396075506, -7.053515068493314 ], [ 110.408373336694027, -7.052616719305699 ], [ 110.408505765632512, -7.052163616036143 ], [ 110.407765066351914, -7.052350037294281 ], [ 110.406905082725729, -7.052163559782237 ], [ 110.40623463733175, -7.051594103202278 ], [ 110.40591164030414, -7.050770958578893 ], [ 110.404884606831445, -7.050691437753956 ], [ 110.40308811135894, -7.049599655158675 ], [ 110.402012164787223, -7.050554340768143 ], [ 110.402422853109115, -7.051508677845062 ], [ 110.402307766206548, -7.052380273925881 ], [ 110.401653983275878, -7.053202794679668 ], [ 110.400700180676679, -7.053520747637759 ], [ 110.402354642151593, -7.054006439186597 ], [ 110.402947482097446, -7.054390478923024 ], [ 110.40345580500734, -7.05530985488797 ], [ 110.403367179447216, -7.056356419443913 ], [ 110.402982760568193, -7.056948677496098 ], [ 110.402337677741968, -7.057372408732703 ], [ 110.402385985728358, -7.058596132769278 ], [ 110.402045694826953, -7.059214750042705 ], [ 110.4014943362629, -7.059656182780647 ], [ 110.40028540291641, -7.05982101790501 ], [ 110.398380853556333, -7.059044691868944 ], [ 110.39840781671144, -7.062031424459087 ], [ 110.400114308948758, -7.064323022316413 ], [ 110.401461143626889, -7.064619281854764 ], [ 110.402633423174009, -7.065287692292071 ], [ 110.403132412200492, -7.06578745866855 ], [ 110.403401973718061, -7.066439945014658 ], [ 110.403386501213774, -7.067212022611311 ], [ 110.402979697111959, -7.067991601359155 ], [ 110.40231626085891, -7.068462873298523 ], [ 110.401316445544097, -7.068677076870343 ], [ 110.401525974828559, -7.071856400831428 ], [ 110.401367607086016, -7.072544314853424 ], [ 110.400521700460246, -7.073422773672973 ], [ 110.3993099452465, -7.073565740249056 ], [ 110.39828245810628, -7.072908310578865 ], [ 110.39789218421879, -7.071679405850708 ], [ 110.389368576240187, -7.079502491494456 ], [ 110.389117688838965, -7.081695715252048 ] ], [ [ 110.390375219219365, -7.087095909392627 ], [ 110.390766983551629, -7.091425022135402 ], [ 110.39482359466929, -7.089771984417839 ], [ 110.392463948295799, -7.087226915769199 ], [ 110.390375219219365, -7.087095909392627 ] ], [ [ 110.369661244107022, -6.977241848032788 ], [ 110.368756018221703, -6.979426655232353 ], [ 110.367849341868578, -6.979958082221041 ], [ 110.36675367058028, -6.979879584685054 ], [ 110.365788673040882, -6.981684082125053 ], [ 110.367608451924951, -6.981096636082713 ], [ 110.368451090756778, -6.981110111187051 ], [ 110.373465951353097, -6.983795031685307 ], [ 110.374743702235875, -6.983902698578975 ], [ 110.375297082914628, -6.983125499114977 ], [ 110.374952060765608, -6.979528645605606 ], [ 110.370390165967763, -6.974029212318921 ], [ 110.369661244107022, -6.977241848032788 ] ], [ [ 110.376949327589031, -7.014704258371187 ], [ 110.377249307410239, -7.015896844803347 ], [ 110.377764078048941, -7.016334813848387 ], [ 110.378172132564345, -7.014321506045867 ], [ 110.377637790275458, -7.013773579452553 ], [ 110.377153106113354, -7.014113484658565 ], [ 110.376949327589031, -7.014704258371187 ] ], [ [ 110.377397121703268, -7.026440262182604 ], [ 110.37648021573554, -7.02608139324377 ], [ 110.374727705285096, -7.024628640010816 ], [ 110.374043853160373, -7.025273732036337 ], [ 110.373239325593076, -7.025611682345583 ], [ 110.373999232065557, -7.026639140526094 ], [ 110.376749535179314, -7.027837108102042 ], [ 110.377397121703268, -7.026440262182604 ] ], [ [ 110.378733944314988, -7.031985679052401 ], [ 110.377418696615422, -7.032066151800469 ], [ 110.374584471569975, -7.030841146121686 ], [ 110.374618034668174, -7.031559056550736 ], [ 110.379517145158502, -7.036231640412637 ], [ 110.379737942342572, -7.037430438984707 ], [ 110.379490377470859, -7.038091559122405 ], [ 110.379008417011633, -7.038607704664475 ], [ 110.378013585254152, -7.038947283508334 ], [ 110.376997574605269, -7.038677456068237 ], [ 110.373247671057598, -7.03523001365713 ], [ 110.372665884640583, -7.035774051089848 ], [ 110.3719977825005, -7.036003683561057 ], [ 110.371123172179466, -7.035906789004936 ], [ 110.370459174333561, -7.035472525005562 ], [ 110.3674165492626, -7.039719886228062 ], [ 110.372346175576865, -7.045132084762963 ], [ 110.374345554561202, -7.045581450581839 ], [ 110.374963613377929, -7.046207254576052 ], [ 110.375213407106557, -7.047050234369872 ], [ 110.375035943175902, -7.047911314402961 ], [ 110.374473129109219, -7.048587143599375 ], [ 110.373657877447499, -7.04891811876984 ], [ 110.372532890875959, -7.048822517676021 ], [ 110.372547493694526, -7.050126828368904 ], [ 110.373112381841992, -7.050781927400732 ], [ 110.373302649630133, -7.051461720949286 ], [ 110.373218034325546, -7.052162509600691 ], [ 110.372871416733346, -7.052777604399717 ], [ 110.365916592013832, -7.05827389214508 ], [ 110.368962601067437, -7.063913915120678 ], [ 110.369932733145077, -7.063554262151775 ], [ 110.370798443799657, -7.063712173657488 ], [ 110.371487420258759, -7.064259122163581 ], [ 110.371836955886636, -7.065065942770087 ], [ 110.371837139726154, -7.067235716420453 ], [ 110.371336217249137, -7.070606401265638 ], [ 110.367483311670497, -7.075893964501534 ], [ 110.366030305222196, -7.07864890650597 ], [ 110.37062050676478, -7.080295694848362 ], [ 110.373895767446371, -7.078247880038461 ], [ 110.374963542325062, -7.077996197707961 ], [ 110.374998770165391, -7.076877334987079 ], [ 110.375776950808756, -7.075938477984378 ], [ 110.376974709810682, -7.075705892781532 ], [ 110.377961784830688, -7.076197990733737 ], [ 110.379282047648275, -7.075314573225049 ], [ 110.381273539401946, -7.073467597341545 ], [ 110.378492845751452, -7.067788358025763 ], [ 110.374031622081731, -7.062304885523861 ], [ 110.373826345776209, -7.061274803211705 ], [ 110.374228518627106, -7.060304389328287 ], [ 110.375274960187653, -7.059677564735581 ], [ 110.376481919793974, -7.059856215051495 ], [ 110.379556784296611, -7.06338086740902 ], [ 110.379539408778115, -7.061850765841539 ], [ 110.380482341617451, -7.05903890193016 ], [ 110.381064579414655, -7.058316605267088 ], [ 110.381829858464485, -7.057991599565985 ], [ 110.385299526198978, -7.057494458422108 ], [ 110.385190728438445, -7.056713899393545 ], [ 110.38538625891519, -7.056035595772262 ], [ 110.385826736465916, -7.055483676983388 ], [ 110.386616859067004, -7.055096599741798 ], [ 110.38749633158362, -7.055127321077301 ], [ 110.390113143334673, -7.056157741051568 ], [ 110.388828031351636, -7.053635558616504 ], [ 110.387999517070483, -7.052760483629377 ], [ 110.387867483179008, -7.050499875720669 ], [ 110.380148416087209, -7.048637023940333 ], [ 110.379298077932901, -7.048019404842984 ], [ 110.378934513047426, -7.04703390826928 ], [ 110.379031541820268, -7.046334726329935 ], [ 110.379389007801819, -7.045725861637947 ], [ 110.379952489557368, -7.045300007775827 ], [ 110.380636202512619, -7.045121996612682 ], [ 110.388165755059575, -7.046850257286354 ], [ 110.38870785892918, -7.045377070831317 ], [ 110.38776702996087, -7.040841651622761 ], [ 110.382590695503964, -7.040516445678568 ], [ 110.38174546232392, -7.03989189073243 ], [ 110.381389992968195, -7.038903452319559 ], [ 110.381492747350592, -7.038205086985628 ], [ 110.381855185542321, -7.037599166409817 ], [ 110.382940314936405, -7.037022172884909 ], [ 110.383396283998806, -7.036136449207686 ], [ 110.384308406845079, -7.035614214690261 ], [ 110.385188211315764, -7.035631412203929 ], [ 110.38960634295853, -7.037299511040882 ], [ 110.389374998725984, -7.035116992223124 ], [ 110.387681128882079, -7.028607097516022 ], [ 110.384894356891166, -7.029892672256404 ], [ 110.387389862435597, -7.030571463536879 ], [ 110.388319687109941, -7.031360651925379 ], [ 110.388546365291447, -7.032029207834803 ], [ 110.388445236588126, -7.032902528112601 ], [ 110.388071754866871, -7.03350171633647 ], [ 110.387331879486482, -7.033977642842277 ], [ 110.386454806462453, -7.034048923046798 ], [ 110.378733944314988, -7.031985679052401 ] ], [ [ 110.377752822358445, -7.084826432864155 ], [ 110.378710028083773, -7.085260947403635 ], [ 110.379299969374571, -7.086319509765315 ], [ 110.380175908806265, -7.086558887727314 ], [ 110.380809391659227, -7.087169162210476 ], [ 110.381069102079707, -7.088360155289363 ], [ 110.380370529061807, -7.090536620712419 ], [ 110.386728072688186, -7.101364090274605 ], [ 110.387280278370568, -7.101701713493991 ], [ 110.387485623437669, -7.10118408517114 ], [ 110.387425676537688, -7.094091378158168 ], [ 110.386889005346504, -7.089386648099355 ], [ 110.385539203682114, -7.085448400912983 ], [ 110.385435194753185, -7.084446088001978 ], [ 110.380543849946079, -7.083844922564815 ], [ 110.376592719444375, -7.081400235723763 ], [ 110.37675268022376, -7.084693782045683 ], [ 110.377752822358445, -7.084826432864155 ] ], [ [ 110.330229116495403, -6.983265600296573 ], [ 110.331114659651973, -6.983623824205616 ], [ 110.331590118363678, -6.982363530667038 ], [ 110.332839639268158, -6.981521810282062 ], [ 110.3322428899004, -6.980802385264295 ], [ 110.330939423093881, -6.981633438844041 ], [ 110.330328391924851, -6.982653952531987 ], [ 110.330229116495403, -6.983265600296573 ] ], [ [ 110.329514469866893, -6.990279560190736 ], [ 110.330457271264024, -6.989838027404947 ], [ 110.330071881642667, -6.989134752654791 ], [ 110.330088668145493, -6.987821980200152 ], [ 110.329924262308296, -6.987728841985308 ], [ 110.329514469866893, -6.990279560190736 ] ], [ [ 110.329117945763272, -6.992466974588378 ], [ 110.32898447416656, -6.992138364009219 ], [ 110.328923447498155, -6.991830561844981 ], [ 110.328769921458843, -6.992044369260843 ], [ 110.329117945763272, -6.992466974588378 ] ], [ [ 110.330053262734012, -6.996785632595145 ], [ 110.326235235446774, -6.995212822080846 ], [ 110.322120326448996, -7.000481718919856 ], [ 110.322871330886272, -7.000311239486429 ], [ 110.323565098404217, -7.000444511997707 ], [ 110.32415501160564, -7.000832902764378 ], [ 110.324551261907587, -7.001417283377411 ], [ 110.324685941293723, -7.002286059504576 ], [ 110.324394823103546, -7.003115683822262 ], [ 110.323898476002483, -7.003617990068165 ], [ 110.322317465706718, -7.004485275620684 ], [ 110.324000461528442, -7.00538821808664 ], [ 110.324957914328635, -7.006424359231345 ], [ 110.326098443789533, -7.003016357288685 ], [ 110.325687066116458, -7.002108151858044 ], [ 110.32584480310436, -7.001069753689523 ], [ 110.326553358394577, -7.000293914248395 ], [ 110.327559302827893, -7.000042087878106 ], [ 110.330053262734012, -6.996785632595145 ] ], [ [ 110.345685907861906, -7.000140356570221 ], [ 110.344833353890394, -7.000161853829892 ], [ 110.343392202637716, -7.003200429521537 ], [ 110.343411452926816, -7.004030568597882 ], [ 110.343030022378599, -7.004822811899746 ], [ 110.341979504002495, -7.005442571403742 ], [ 110.340806660208571, -7.005271522802656 ], [ 110.340282738612856, -7.007553776322666 ], [ 110.339525172014078, -7.008802095025154 ], [ 110.340058205726791, -7.012816909575164 ], [ 110.341200077388592, -7.012674647861986 ], [ 110.342221043170866, -7.013281469508859 ], [ 110.3431563739951, -7.007502526961542 ], [ 110.345593035702251, -7.004182080392586 ], [ 110.346773235072362, -7.001886132818888 ], [ 110.345685907861906, -7.000140356570221 ] ], [ [ 110.34863221672623, -7.006154073407376 ], [ 110.347237522697839, -7.008075532803828 ], [ 110.349021477917816, -7.009883385092937 ], [ 110.352039690926063, -7.006077144882156 ], [ 110.353237065610912, -7.005843536134811 ], [ 110.354310980658653, -7.006421892077795 ], [ 110.354757105779669, -7.007372914056556 ], [ 110.35459922074935, -7.008411295932863 ], [ 110.351816432148112, -7.012190881690572 ], [ 110.353448696730965, -7.013255199781959 ], [ 110.354788868747946, -7.013644258462652 ], [ 110.363169579563518, -7.007404205007515 ], [ 110.363544170127966, -7.006301738309024 ], [ 110.364520090356265, -7.005657756353215 ], [ 110.362280664903551, -7.001825451297469 ], [ 110.361241831639845, -7.001984607704864 ], [ 110.360390718637149, -7.001761552127953 ], [ 110.359745344562342, -7.001163970132185 ], [ 110.359461570816947, -7.0003581542681 ], [ 110.35844442878961, -6.999659347215885 ], [ 110.358219462838619, -7.000403428138319 ], [ 110.357716584665653, -7.000972027875525 ], [ 110.357852085334429, -7.001672725921131 ], [ 110.357692696231837, -7.002847379153607 ], [ 110.356860437017005, -7.004396599132967 ], [ 110.356355878515771, -7.004890678929454 ], [ 110.355169530501101, -7.005174945984828 ], [ 110.354495563056176, -7.004963259112569 ], [ 110.35389340267065, -7.004426648323361 ], [ 110.352738450912923, -7.004458393866562 ], [ 110.351867188828436, -7.003899714680588 ], [ 110.350674510866725, -7.004166002538647 ], [ 110.349766935973051, -7.003981877593874 ], [ 110.34863221672623, -7.006154073407376 ] ], [ [ 110.34810314190247, -7.014081576756687 ], [ 110.346071627220056, -7.012047563673126 ], [ 110.345195121002178, -7.017811316575283 ], [ 110.353532528541521, -7.019207686849904 ], [ 110.354184126706514, -7.018084604470165 ], [ 110.34810314190247, -7.014081576756687 ] ], [ [ 110.34662197861708, -7.023102053691665 ], [ 110.347172858296005, -7.022584920923967 ], [ 110.348421517384381, -7.022020337021433 ], [ 110.343184721974055, -7.021143226918621 ], [ 110.342881420332304, -7.021373199185122 ], [ 110.34662197861708, -7.023102053691665 ] ], [ [ 110.346912193431862, -7.033725677471129 ], [ 110.345941934224484, -7.033934723066041 ], [ 110.344578873045108, -7.033601411930028 ], [ 110.343930172987001, -7.034206915219193 ], [ 110.347237910902791, -7.035832852774917 ], [ 110.350520920991087, -7.036507857314859 ], [ 110.352694761830321, -7.033323278414882 ], [ 110.353244133832291, -7.032879428800602 ], [ 110.354045385729833, -7.032674225326253 ], [ 110.352837922641768, -7.031652123596981 ], [ 110.350118980727771, -7.031914746272328 ], [ 110.346912193431862, -7.033725677471129 ] ], [ [ 110.347643699628009, -7.039898508853955 ], [ 110.348031133862918, -7.041054337203273 ], [ 110.347533971935249, -7.042259691060051 ], [ 110.351223407117743, -7.04401621230159 ], [ 110.352234256142651, -7.040661162132808 ], [ 110.347249795219241, -7.039529272156932 ], [ 110.347643699628009, -7.039898508853955 ] ], [ [ 110.339124427821332, -7.04340875764036 ], [ 110.339703607308962, -7.044390921385107 ], [ 110.339672311043955, -7.045269501684035 ], [ 110.33923015045265, -7.046029601201444 ], [ 110.338341936826055, -7.04652866155336 ], [ 110.33864835614915, -7.049223856155495 ], [ 110.340160688925152, -7.048616695882051 ], [ 110.341040032694039, -7.048650378997728 ], [ 110.341920403419905, -7.049224454009388 ], [ 110.342333158042322, -7.050190412626375 ], [ 110.342213416045325, -7.051061372502998 ], [ 110.341827223593057, -7.051652465379648 ], [ 110.339961312160526, -7.052597939294728 ], [ 110.34115935839867, -7.052379885275772 ], [ 110.342137199732903, -7.052765640823559 ], [ 110.34600524301247, -7.057264125380238 ], [ 110.346957424126401, -7.057930591173842 ], [ 110.353092897022051, -7.05657167333986 ], [ 110.355380409339205, -7.053981755229387 ], [ 110.355863599979529, -7.053074514933226 ], [ 110.351251421435265, -7.048037532768712 ], [ 110.344070921918643, -7.044609269748954 ], [ 110.343450512009809, -7.043985801485114 ], [ 110.343197769806523, -7.043066984042631 ], [ 110.339124427821332, -7.04340875764036 ] ], [ [ 110.353593336244373, -7.060162074447731 ], [ 110.349516417926097, -7.060987802572599 ], [ 110.348321743206427, -7.068873242254574 ], [ 110.349530882264517, -7.069460220456236 ], [ 110.351398237252269, -7.068296849901747 ], [ 110.353593336244373, -7.060162074447731 ] ], [ [ 110.344033017719624, -7.073000382315182 ], [ 110.343150865696572, -7.073842494509959 ], [ 110.341934173817378, -7.073934394933583 ], [ 110.336255142750218, -7.071156758236934 ], [ 110.336222485351769, -7.072297495166127 ], [ 110.338132495638334, -7.072435478075157 ], [ 110.339094800781297, -7.073201059364796 ], [ 110.339340644543896, -7.073862820336575 ], [ 110.339337211770697, -7.074885885098704 ], [ 110.342139487709986, -7.081151440280418 ], [ 110.350691235696516, -7.080904925447287 ], [ 110.352901479143199, -7.07497205582523 ], [ 110.351325620113684, -7.074636658182681 ], [ 110.346225086698453, -7.071878137834248 ], [ 110.344173014729151, -7.072611643317487 ], [ 110.344033017719624, -7.073000382315182 ] ], [ [ 110.308359729447048, -6.977864732779789 ], [ 110.308020513299297, -6.978581896774407 ], [ 110.308858091506721, -6.979453411559516 ], [ 110.308994013831906, -6.980494880877773 ], [ 110.30770950695117, -6.98281344411074 ], [ 110.309885169793247, -6.997317053922457 ], [ 110.315463803380837, -6.998288802616962 ], [ 110.314868125628095, -6.988916193351772 ], [ 110.314984628333278, -6.986423204630432 ], [ 110.315220082998863, -6.985757700836501 ], [ 110.315692503523991, -6.985232884509235 ], [ 110.316329968156168, -6.98492865360295 ], [ 110.317035429496798, -6.984891324146145 ], [ 110.317701488611661, -6.985126579262063 ], [ 110.318479004401254, -6.986065846771029 ], [ 110.318540025009312, -6.987763219622315 ], [ 110.325029882670037, -6.990975716008946 ], [ 110.325651539122958, -6.990180459483854 ], [ 110.323868327408618, -6.984314171926496 ], [ 110.322926329423893, -6.984795882432931 ], [ 110.320858192677719, -6.985011544358034 ], [ 110.319934691922455, -6.984509876371676 ], [ 110.319481475580247, -6.983726935327854 ], [ 110.318678026611806, -6.983435600091783 ], [ 110.318305820738587, -6.984167076780945 ], [ 110.31776761269721, -6.984624302423014 ], [ 110.317095254565075, -6.984840930569675 ], [ 110.316222796801824, -6.984727090496702 ], [ 110.315398755702546, -6.98407502542999 ], [ 110.314714377331384, -6.982624856826689 ], [ 110.314652538053878, -6.981747896532072 ], [ 110.314991783194415, -6.980506244117347 ], [ 110.31460041822541, -6.980423430378533 ], [ 110.314336521701208, -6.981092888582577 ], [ 110.313099150446362, -6.982662351137768 ], [ 110.312289197558385, -6.983005770795438 ], [ 110.311248127168398, -6.982860621890523 ], [ 110.310677099244984, -6.982445041735238 ], [ 110.3102556656102, -6.981673314812325 ], [ 110.310248084540106, -6.980794213904765 ], [ 110.31067682903128, -6.979972174043866 ], [ 110.309937054423955, -6.97859647989507 ], [ 110.309591216458756, -6.976888394221688 ], [ 110.30889051461368, -6.976753819471043 ], [ 110.308217840111141, -6.976272401738338 ], [ 110.308359729447048, -6.977864732779789 ] ], [ [ 110.306920255726752, -7.009230999333484 ], [ 110.313309546825153, -7.008497441530832 ], [ 110.313945447973936, -7.006104474631663 ], [ 110.307715382101463, -7.005739747772202 ], [ 110.306920255726752, -7.009230999333484 ] ], [ [ 110.310279920466911, -7.017871140323313 ], [ 110.312048986051792, -7.017482350926967 ], [ 110.312567991618579, -7.01222452237602 ], [ 110.308297894160035, -7.012714770300594 ], [ 110.307914450752151, -7.014925657082546 ], [ 110.310279920466911, -7.017871140323313 ] ], [ [ 110.307522872719829, -7.020501422180616 ], [ 110.307434188765143, -7.020777551002998 ], [ 110.307476110034415, -7.020779986943857 ], [ 110.307522872719829, -7.020501422180616 ] ], [ [ 110.307311356089627, -7.027817120486453 ], [ 110.303977595459401, -7.026949059165652 ], [ 110.299602567185502, -7.030410446868363 ], [ 110.299833225310081, -7.031597438554008 ], [ 110.29943808009493, -7.033852423750659 ], [ 110.30013764651612, -7.033881001562655 ], [ 110.300779196650922, -7.034176673459926 ], [ 110.301258657778519, -7.034695118528066 ], [ 110.301509389159264, -7.035416087001654 ], [ 110.303168245460157, -7.035598068247936 ], [ 110.30517013892495, -7.03533743457084 ], [ 110.305966201320032, -7.035712064706672 ], [ 110.306593732086256, -7.036448285524993 ], [ 110.311522467554241, -7.035999709638161 ], [ 110.311861540309735, -7.03530884978771 ], [ 110.31167626825146, -7.034803953235911 ], [ 110.307311356089627, -7.027817120486453 ] ], [ [ 110.307145970655426, -7.040031125881045 ], [ 110.313816936118798, -7.045326129802788 ], [ 110.314164011650718, -7.044653128072115 ], [ 110.314869928972385, -7.044128237013417 ], [ 110.315740161600218, -7.043997770363978 ], [ 110.316416623719704, -7.044201526684282 ], [ 110.317069644994888, -7.044790810976887 ], [ 110.317341133010572, -7.045442482487494 ], [ 110.316970544473435, -7.047410468193714 ], [ 110.31829773487091, -7.048094615290291 ], [ 110.319440841826847, -7.048051246827736 ], [ 110.317463111660288, -7.043101838617821 ], [ 110.316175229953913, -7.042925085425585 ], [ 110.315369152259379, -7.042010088015574 ], [ 110.315009357606655, -7.037956360509368 ], [ 110.314787753979942, -7.037564888918155 ], [ 110.31409156148726, -7.038866921392104 ], [ 110.313286193467007, -7.039420794866417 ], [ 110.307145970655426, -7.040031125881045 ] ], [ [ 110.334228477250321, -7.049719772015086 ], [ 110.334998702306919, -7.049182384534141 ], [ 110.334455358902673, -7.043816565913924 ], [ 110.331789709705205, -7.042915618891514 ], [ 110.330788303153625, -7.043962283196097 ], [ 110.331393661627686, -7.044555029571147 ], [ 110.331653455375573, -7.045283841123616 ], [ 110.331564568062831, -7.046929346151845 ], [ 110.33125982192783, -7.047668550721466 ], [ 110.330748158858611, -7.048155325875728 ], [ 110.330088981713644, -7.048409431173227 ], [ 110.327614950880758, -7.048383777012042 ], [ 110.327587758279506, -7.049159076295843 ], [ 110.328027528202895, -7.049971647026013 ], [ 110.32921189676226, -7.050716140590463 ], [ 110.332425002225733, -7.051638719521296 ], [ 110.332613012978953, -7.051646210167365 ], [ 110.334228477250321, -7.049719772015086 ] ], [ [ 110.332046805422465, -7.055943862054888 ], [ 110.330325963292907, -7.057482278946225 ], [ 110.331071358870588, -7.063447969157016 ], [ 110.332571913866616, -7.063351216455348 ], [ 110.332937972641801, -7.061000187907736 ], [ 110.332046805422465, -7.055943862054888 ] ], [ [ 110.327729931638146, -7.068135464932066 ], [ 110.327677064305448, -7.065493498068971 ], [ 110.326944184824541, -7.059627638689903 ], [ 110.321964196930523, -7.069346568353568 ], [ 110.324705743998294, -7.069490598906256 ], [ 110.327729931638146, -7.068135464932066 ] ], [ [ 110.330209352712103, -7.070989878118404 ], [ 110.325463243617861, -7.073080894726682 ], [ 110.312109522738325, -7.076225737797272 ], [ 110.317316902578966, -7.075285299793879 ], [ 110.326869420330794, -7.078163030071298 ], [ 110.332551485788898, -7.073962696536307 ], [ 110.332658699909189, -7.0702186970657 ], [ 110.330209352712103, -7.070989878118404 ] ], [ [ 110.327002117587469, -7.084041870397328 ], [ 110.328285878450856, -7.084351774192648 ], [ 110.328138169077874, -7.083511250974913 ], [ 110.328321186806505, -7.082829477636292 ], [ 110.328890674971774, -7.082159227673785 ], [ 110.329534347483914, -7.081868040378377 ], [ 110.330414277738953, -7.081882596346814 ], [ 110.332268656284313, -7.082570905781507 ], [ 110.333330958666323, -7.082463186771105 ], [ 110.333456172480084, -7.079955531221331 ], [ 110.332975051327566, -7.079842429017923 ], [ 110.332592119154484, -7.080626438703033 ], [ 110.331879736424114, -7.081142619419163 ], [ 110.328275569582345, -7.08180932763991 ], [ 110.327002117587469, -7.084041870397328 ] ], [ [ 110.329057349749746, -7.085853610025472 ], [ 110.328911301146377, -7.086544229359315 ], [ 110.328511801964552, -7.087126446513011 ], [ 110.325420029624794, -7.089611565848097 ], [ 110.32313494812459, -7.090897086987159 ], [ 110.322263922433834, -7.091174951250226 ], [ 110.323637645264185, -7.091993362684012 ], [ 110.324566322351856, -7.09160566279439 ], [ 110.330132603956699, -7.090898895197286 ], [ 110.330565294609698, -7.085796294056466 ], [ 110.328903600326186, -7.085107197770149 ], [ 110.329057349749746, -7.085853610025472 ] ], [ [ 110.310384289572823, -7.093785710126784 ], [ 110.311178643290731, -7.094164153400897 ], [ 110.311654367003584, -7.094773465943307 ], [ 110.311792959285498, -7.09220044544453 ], [ 110.312452454211211, -7.09036099026613 ], [ 110.310503102166365, -7.087968458001129 ], [ 110.310215454361227, -7.088451572409271 ], [ 110.309518830194506, -7.093822629377274 ], [ 110.310384289572823, -7.093785710126784 ] ], [ [ 110.311569616423611, -7.096499538052098 ], [ 110.310244791932391, -7.097891108339689 ], [ 110.310240067790502, -7.0985507699845 ], [ 110.311484929043715, -7.09822429734816 ], [ 110.311569616423611, -7.096499538052098 ] ], [ [ 110.308357153903941, -7.054811970580918 ], [ 110.306684019323512, -7.054130141537295 ], [ 110.306775683874619, -7.055388959884402 ], [ 110.308357153903941, -7.054811970580918 ] ], [ [ 110.310529389051283, -7.059187514970755 ], [ 110.311360116841939, -7.058019957452157 ], [ 110.311148774260133, -7.057628783174764 ], [ 110.309334214232649, -7.058310378567102 ], [ 110.310529389051283, -7.059187514970755 ] ], [ [ 110.285653524892183, -7.031733242105584 ], [ 110.285932066878914, -7.030899321591779 ], [ 110.286730154951755, -7.030215707882988 ], [ 110.287597594675645, -7.030068020811909 ], [ 110.288577266891934, -7.030448959952754 ], [ 110.289116548042031, -7.031143641604077 ], [ 110.291285525348115, -7.036072139662965 ], [ 110.292359895001638, -7.035220683936374 ], [ 110.293683872253879, -7.035347961197024 ], [ 110.293702395188618, -7.031196393719173 ], [ 110.29469975461717, -7.029222762393818 ], [ 110.291742529726292, -7.028918978764849 ], [ 110.287016136714257, -7.02740606327299 ], [ 110.281405846392857, -7.029916959809203 ], [ 110.283913975358402, -7.033430324460395 ], [ 110.284257955926961, -7.034239289294777 ], [ 110.287502116338928, -7.036464553825204 ], [ 110.285801346914056, -7.032599875749074 ], [ 110.285653524892183, -7.031733242105584 ] ], [ [ 110.307059435812107, -7.049456316947829 ], [ 110.3069072387311, -7.049194322185278 ], [ 110.306739048212307, -7.049137493988493 ], [ 110.307059435812107, -7.049456316947829 ] ], [ [ 110.302047934198058, -7.061724180282827 ], [ 110.301575379693304, -7.061835857761498 ], [ 110.301111282744898, -7.061944980137736 ], [ 110.301269208165124, -7.062083877176635 ], [ 110.302047934198058, -7.061724180282827 ] ], [ [ 110.300908272964165, -7.057677421622009 ], [ 110.300811543370997, -7.057549393917408 ], [ 110.300727770432047, -7.057535249219719 ], [ 110.300908272964165, -7.057677421622009 ] ], [ [ 110.300139969617462, -7.048084685744869 ], [ 110.299427723363195, -7.047996492492266 ], [ 110.299453185569206, -7.049197957748446 ], [ 110.300490743895352, -7.049036177877091 ], [ 110.300139969617462, -7.048084685744869 ] ], [ [ 110.295387154528768, -7.042768999351943 ], [ 110.295080460961813, -7.040276884749415 ], [ 110.294404781394178, -7.040289728760599 ], [ 110.294599372435826, -7.041383083265242 ], [ 110.295387154528768, -7.042768999351943 ] ], [ [ 110.29596698549156, -7.014282360326105 ], [ 110.295175423485858, -7.018832758378537 ], [ 110.295543175447492, -7.020853718286296 ], [ 110.296184098905655, -7.020316849986068 ], [ 110.301728995330592, -7.017501540452829 ], [ 110.304275944337135, -7.017585985074361 ], [ 110.304192070100513, -7.015727001020482 ], [ 110.303579358761255, -7.01368930740301 ], [ 110.302799669132696, -7.014038143561339 ], [ 110.30192154599149, -7.013982023061133 ], [ 110.301173590543002, -7.01351895385092 ], [ 110.300734351536605, -7.012763895029594 ], [ 110.29585862217975, -7.012793377183552 ], [ 110.29596698549156, -7.014282360326105 ] ], [ [ 110.294721523828386, -7.02558973289062 ], [ 110.294518125537266, -7.024329804513082 ], [ 110.291690793715588, -7.023556921318246 ], [ 110.293121903390258, -7.025434476831927 ], [ 110.294721523828386, -7.02558973289062 ] ], [ [ 110.298274529912277, -7.024875932148099 ], [ 110.2985565573223, -7.026622828772008 ], [ 110.300489088518319, -7.025093873507427 ], [ 110.298274529912277, -7.024875932148099 ] ], [ [ 110.292979395962305, -7.004872147352833 ], [ 110.289693792239504, -7.005049955771793 ], [ 110.291762417645245, -7.006724951601557 ], [ 110.292235010981912, -7.006718366697362 ], [ 110.292979395962305, -7.004872147352833 ] ], [ [ 110.296776569965601, -7.005137258701081 ], [ 110.296490538781171, -7.005846689744901 ], [ 110.297123755284829, -7.005245781205239 ], [ 110.296776569965601, -7.005137258701081 ] ], [ [ 110.30194728838967, -7.005651123823831 ], [ 110.299562675454453, -7.007921340041178 ], [ 110.301069566749533, -7.008877721060621 ], [ 110.301454775738421, -7.008133286568624 ], [ 110.30201218746447, -7.007699607472054 ], [ 110.3028709163668, -7.007507893775109 ], [ 110.303563076718078, -7.007664790532347 ], [ 110.304256757378425, -7.004619057472553 ], [ 110.303222600975616, -7.003586307476539 ], [ 110.30194728838967, -7.005651123823831 ] ], [ [ 110.299781993128647, -7.002285637097528 ], [ 110.300377885308805, -7.001289186137154 ], [ 110.298357578099115, -7.001419605490641 ], [ 110.298194621301235, -7.001789464853717 ], [ 110.299781993128647, -7.002285637097528 ] ], [ [ 110.305921814217982, -7.001166310670672 ], [ 110.305846052491745, -7.000382891726439 ], [ 110.30497720988059, -7.000222992187234 ], [ 110.305921814217982, -7.001166310670672 ] ], [ [ 110.295013367006462, -6.970561336054624 ], [ 110.294582061143771, -6.969812865016837 ], [ 110.294438656270586, -6.97030805683776 ], [ 110.295013367006462, -6.970561336054624 ] ], [ [ 110.299844779772613, -6.971130281788232 ], [ 110.299295324421692, -6.971008603334079 ], [ 110.29889522912282, -6.971727907981106 ], [ 110.299233880861124, -6.971749628481004 ], [ 110.299844779772613, -6.971130281788232 ] ], [ [ 110.304454077488927, -6.968331874810182 ], [ 110.308401479950021, -6.960709125835935 ], [ 110.305327812484265, -6.960626607549337 ], [ 110.302379198392131, -6.967933015548101 ], [ 110.304454077488927, -6.968331874810182 ] ], [ [ 110.3154814042542, -7.097802229603295 ], [ 110.315109574019587, -7.098259493634816 ], [ 110.315048284872191, -7.099507903292389 ], [ 110.315747386935541, -7.103115995178392 ], [ 110.315793009805887, -7.09232660153136 ], [ 110.315611360583645, -7.092245159749413 ], [ 110.315414828500067, -7.092764061429711 ], [ 110.315716035379651, -7.096954918200076 ], [ 110.3154814042542, -7.097802229603295 ] ], [ [ 110.316875412286407, -7.060157757433482 ], [ 110.316160420035104, -7.059297263145525 ], [ 110.315757603667876, -7.05780776722358 ], [ 110.314915709980411, -7.059180851113553 ], [ 110.316875412286407, -7.060157757433482 ] ], [ [ 110.325079489640572, -7.055140991952695 ], [ 110.321242608153639, -7.053330906863017 ], [ 110.32135728072582, -7.054152233955574 ], [ 110.321154409429411, -7.054828373181742 ], [ 110.320565591370624, -7.055481710512995 ], [ 110.319905577882679, -7.055755212336852 ], [ 110.31940369121368, -7.056672945589807 ], [ 110.320583389951381, -7.057186395809888 ], [ 110.321200161147004, -7.057813468145048 ], [ 110.321449682565301, -7.0587324929549 ], [ 110.321183821225006, -7.05967348448603 ], [ 110.32064268975418, -7.060235500775501 ], [ 110.319888798913539, -7.060521599418787 ], [ 110.317211119578275, -7.060325105422496 ], [ 110.321404299619573, -7.062415350119594 ], [ 110.325079489640572, -7.055140991952695 ] ], [ [ 110.311789897876622, -7.083261823789693 ], [ 110.312374820794375, -7.084258512029705 ], [ 110.314905850942651, -7.084480773463956 ], [ 110.315125274012971, -7.084242916077755 ], [ 110.315420351986248, -7.080257342242877 ], [ 110.310954985559647, -7.080900327841098 ], [ 110.311789897876622, -7.083261823789693 ] ], [ [ 110.319108498551827, -7.079495819377175 ], [ 110.318836702268513, -7.083167345221466 ], [ 110.323317364480218, -7.083193545674104 ], [ 110.324457959126903, -7.081193954396742 ], [ 110.319108498551827, -7.079495819377175 ] ], [ [ 110.318100877534278, -7.088200294217127 ], [ 110.317982139012287, -7.087751366010036 ], [ 110.317391659291744, -7.088242045973232 ], [ 110.317398478185808, -7.088997484244788 ], [ 110.318100877534278, -7.088200294217127 ] ], [ [ 110.315750669552102, -7.071651133915003 ], [ 110.312839328442351, -7.070657595829897 ], [ 110.312424629329897, -7.072434287617591 ], [ 110.315750669552102, -7.071651133915003 ] ], [ [ 110.316796412112168, -7.064322636062153 ], [ 110.317401349504038, -7.06496111733616 ], [ 110.317621022637084, -7.065631997154904 ], [ 110.317510741999129, -7.066504198549948 ], [ 110.317005754751705, -7.067217845848336 ], [ 110.318750259605196, -7.067677139411654 ], [ 110.319762079441844, -7.065640273503148 ], [ 110.313346914069527, -7.062442365565035 ], [ 110.31330635107652, -7.063567285070457 ], [ 110.316796412112168, -7.064322636062153 ] ], [ [ 110.331587138918579, -7.010509320058485 ], [ 110.33312957862799, -7.010083740394072 ], [ 110.334177631226027, -7.010669348641117 ], [ 110.334615050297316, -7.010257529491914 ], [ 110.334804844695043, -7.008945707324769 ], [ 110.335268879562008, -7.008413451239486 ], [ 110.335892640457303, -7.00810199442287 ], [ 110.336250486449487, -7.007185380699441 ], [ 110.335631416119838, -7.006577747444893 ], [ 110.334898382575432, -7.004993476267821 ], [ 110.334843462360666, -7.003775796220344 ], [ 110.335400607068209, -7.002758989291076 ], [ 110.336441032377834, -7.002202659450424 ], [ 110.337310680400051, -7.001325300547028 ], [ 110.336824058914587, -7.000380145730079 ], [ 110.336001367529505, -7.000703769461404 ], [ 110.335127511284824, -7.000600916045132 ], [ 110.333523792799539, -6.999555383246316 ], [ 110.333018570013436, -6.998867605700628 ], [ 110.329975426220017, -7.002841172607482 ], [ 110.328014070255108, -7.008702002309713 ], [ 110.331587138918579, -7.010509320058485 ] ], [ [ 110.329365486128282, -7.013440967175554 ], [ 110.324116429956291, -7.010606378589022 ], [ 110.324223107313244, -7.012327607701994 ], [ 110.323917546160104, -7.012964036232288 ], [ 110.323234308036575, -7.013518018800649 ], [ 110.322370366086801, -7.013684797583847 ], [ 110.321685997118152, -7.013509532862655 ], [ 110.321008883553105, -7.0129480948495 ], [ 110.320650555165571, -7.011951589718217 ], [ 110.319856400055642, -7.011936646289536 ], [ 110.319343885502235, -7.012600973617613 ], [ 110.315838280328606, -7.015110055937918 ], [ 110.315535154638326, -7.019307662782936 ], [ 110.319479554112036, -7.018501517177814 ], [ 110.326940083103651, -7.017960786216773 ], [ 110.329365486128282, -7.013440967175554 ] ], [ [ 110.327892272399069, -7.023976682044899 ], [ 110.327258557320221, -7.023664619397174 ], [ 110.326792612638087, -7.023134020454511 ], [ 110.326449495057716, -7.021587688001138 ], [ 110.326105676414372, -7.021593472071704 ], [ 110.323689308005285, -7.023251028972697 ], [ 110.327174480466198, -7.027511329503599 ], [ 110.333059952395317, -7.026885225247741 ], [ 110.333499422074638, -7.024609401215938 ], [ 110.33231559732063, -7.024908501543397 ], [ 110.331633475821675, -7.024724633066858 ], [ 110.330977003694414, -7.024171796482882 ], [ 110.329968584698562, -7.024452533556911 ], [ 110.328794586265317, -7.0239844598101 ], [ 110.327892272399069, -7.023976682044899 ] ], [ [ 110.331293267701142, -7.033925237792518 ], [ 110.332147669628128, -7.03062087249369 ], [ 110.328105090261275, -7.031050921071419 ], [ 110.327888228999896, -7.03586333951924 ], [ 110.330369196052402, -7.035939221004754 ], [ 110.331293267701142, -7.033925237792518 ] ], [ [ 110.317556455080947, -7.033151375126162 ], [ 110.316805346247236, -7.033268896527528 ], [ 110.317521634367864, -7.035044568454577 ], [ 110.317540418157549, -7.034197919412288 ], [ 110.317556455080947, -7.033151375126162 ] ], [ [ 110.324435141424502, -7.031723641155047 ], [ 110.321585240181292, -7.032383101610615 ], [ 110.324386727114373, -7.032507419757481 ], [ 110.324435141424502, -7.031723641155047 ] ], [ [ 110.321387143272617, -7.035996007081945 ], [ 110.320570434813348, -7.037549340100261 ], [ 110.31944825807048, -7.038456553380927 ], [ 110.322360705570844, -7.045599561773863 ], [ 110.324093417373206, -7.044085643193853 ], [ 110.324265405343908, -7.036123734293143 ], [ 110.321387143272617, -7.035996007081945 ] ], [ [ 110.314041708889718, -7.025236253476702 ], [ 110.315137332079871, -7.028231972931368 ], [ 110.317742470331908, -7.023112004965811 ], [ 110.317766014141384, -7.022541398937298 ], [ 110.312972133739891, -7.023531972524976 ], [ 110.314041708889718, -7.025236253476702 ] ], [ [ 110.321261005686665, -7.028252779595438 ], [ 110.321252115232795, -7.028746278798692 ], [ 110.323149042728218, -7.02830733286654 ], [ 110.322232320834829, -7.027186215893793 ], [ 110.321261005686665, -7.028252779595438 ] ], [ [ 110.319755138757074, -6.977447452135383 ], [ 110.319682545289481, -6.977779980771124 ], [ 110.321255057538082, -6.977631262513103 ], [ 110.319755138757074, -6.977447452135383 ] ], [ [ 110.322698805525164, -6.99385965313441 ], [ 110.318683850547387, -6.991872239872293 ], [ 110.319103472402816, -6.998463217879014 ], [ 110.322698805525164, -6.99385965313441 ] ], [ [ 110.315957995776927, -6.977012319048185 ], [ 110.315674834240724, -6.97642316117264 ], [ 110.314818530025832, -6.975887114350818 ], [ 110.314385529726295, -6.976679581502112 ], [ 110.315957995776927, -6.977012319048185 ] ], [ [ 110.336537996349676, -7.086073023951209 ], [ 110.336079346977058, -7.088197008764417 ], [ 110.337205301094571, -7.086140288920729 ], [ 110.336537996349676, -7.086073023951209 ] ], [ [ 110.34164923605816, -7.097440730110937 ], [ 110.342145376522467, -7.097536624337255 ], [ 110.341550019496779, -7.096781314294551 ], [ 110.34164923605816, -7.097440730110937 ] ], [ [ 110.338797598017791, -7.031189598273027 ], [ 110.338441610110465, -7.030435327105629 ], [ 110.338476331107472, -7.029556874945032 ], [ 110.338921435621884, -7.028798501098579 ], [ 110.339782437641816, -7.028310481526209 ], [ 110.337225737046055, -7.024412218227265 ], [ 110.335805119849368, -7.030966965966519 ], [ 110.337289896454962, -7.031623431154797 ], [ 110.338797598017791, -7.031189598273027 ] ], [ [ 110.33744030353904, -7.038469910183702 ], [ 110.336622809189208, -7.037941400716581 ], [ 110.333373540785672, -7.038273304765621 ], [ 110.333602321186831, -7.039708675236835 ], [ 110.33591422463094, -7.040490056694498 ], [ 110.33744030353904, -7.038469910183702 ] ], [ [ 110.338130793305524, -7.066410658203514 ], [ 110.338725169318352, -7.06727699432914 ], [ 110.3387377754689, -7.068326383553148 ], [ 110.341536082164197, -7.0697270921338 ], [ 110.344703206331872, -7.068579349859006 ], [ 110.345186935323468, -7.065386708250786 ], [ 110.344349609764436, -7.065504452118881 ], [ 110.343520826801807, -7.065208848492295 ], [ 110.342929394062367, -7.06455785619498 ], [ 110.342723823794785, -7.063882526817276 ], [ 110.342792598604149, -7.063180014455988 ], [ 110.343744569476442, -7.060856786358412 ], [ 110.343210611962832, -7.059566113104971 ], [ 110.340362784403069, -7.056214563790056 ], [ 110.338478819885808, -7.057152987193686 ], [ 110.338183971983355, -7.057968517228508 ], [ 110.339988863714353, -7.057894803268455 ], [ 110.340830105473643, -7.058152860571645 ], [ 110.341533487262893, -7.05893346592934 ], [ 110.341648956080732, -7.060146909852586 ], [ 110.341231487240037, -7.060920826594511 ], [ 110.340498125535674, -7.061406761683085 ], [ 110.337233740279544, -7.06163382906049 ], [ 110.336728278267344, -7.065983313927169 ], [ 110.338130793305524, -7.066410658203514 ] ], [ [ 110.337138307804423, -7.078839030638294 ], [ 110.336956598243631, -7.082478713456672 ], [ 110.338851570098058, -7.082669724348442 ], [ 110.337138307804423, -7.078839030638294 ] ], [ [ 110.340635329766585, -7.032584451312002 ], [ 110.340743669846887, -7.032470365477954 ], [ 110.340581464175713, -7.032401288656515 ], [ 110.340635329766585, -7.032584451312002 ] ], [ [ 110.342128385272375, -7.037353847143685 ], [ 110.340941434061804, -7.039613382644177 ], [ 110.34584187366012, -7.039232227861737 ], [ 110.342128385272375, -7.037353847143685 ] ], [ [ 110.333317189207136, -7.019018846683698 ], [ 110.332676923260308, -7.01835036590445 ], [ 110.332434828615774, -7.017747261131216 ], [ 110.332300487083458, -7.018820213632564 ], [ 110.333317189207136, -7.019018846683698 ] ], [ [ 110.361026852322425, -6.997042550246238 ], [ 110.361483354237237, -6.996269730623244 ], [ 110.361572956912539, -6.995732716743398 ], [ 110.360925285336933, -6.996972770958956 ], [ 110.361026852322425, -6.997042550246238 ] ], [ [ 110.349170221201518, -6.989477007652508 ], [ 110.34986261657825, -6.989260850878078 ], [ 110.349378411310894, -6.989137986786667 ], [ 110.349170221201518, -6.989477007652508 ] ], [ [ 110.34686443715124, -6.989951631492388 ], [ 110.346221359644687, -6.989351603449496 ], [ 110.345691293060639, -6.988111348570961 ], [ 110.34480928196389, -6.990922998816769 ], [ 110.344167607094207, -6.991524525818696 ], [ 110.343446260027093, -6.991744279050359 ], [ 110.343224059680978, -6.992216905134002 ], [ 110.344801689275585, -6.993042891132169 ], [ 110.345824438537846, -6.992251421000641 ], [ 110.345973562399763, -6.991437216090186 ], [ 110.34637850970536, -6.990858819644802 ], [ 110.347780570617218, -6.990175665514879 ], [ 110.34686443715124, -6.989951631492388 ] ], [ [ 110.338003202241495, -6.995368305739164 ], [ 110.338402055229651, -6.994311405240262 ], [ 110.331708090995463, -6.993549123264248 ], [ 110.335174099516635, -6.994860988914016 ], [ 110.338003202241495, -6.995368305739164 ] ], [ [ 110.338382372659083, -6.988471418398348 ], [ 110.338505611168799, -6.987799224200874 ], [ 110.337932233334215, -6.988075990037598 ], [ 110.338382372659083, -6.988471418398348 ] ], [ [ 110.357657567112028, -6.991038686399351 ], [ 110.357665563735225, -6.991090879747617 ], [ 110.357716796977044, -6.991146345176515 ], [ 110.357657567112028, -6.991038686399351 ] ], [ [ 110.367267807497257, -7.010857498138718 ], [ 110.365412539424625, -7.010246570915694 ], [ 110.362131115311144, -7.01268813761197 ], [ 110.367267807497257, -7.010857498138718 ] ], [ [ 110.35904251802846, -7.018754712698367 ], [ 110.357890860773026, -7.018810487140563 ], [ 110.357550860316792, -7.019460126449282 ], [ 110.359432728416678, -7.020318354914751 ], [ 110.364848038358119, -7.024754824815964 ], [ 110.365432118654482, -7.025628094697403 ], [ 110.365475326495201, -7.026506175815604 ], [ 110.364848132347319, -7.027551701318648 ], [ 110.363876900083369, -7.027953663706436 ], [ 110.362845825459928, -7.027748792020413 ], [ 110.361895285987117, -7.027014436639642 ], [ 110.361867341962267, -7.027919913630236 ], [ 110.361422003261197, -7.028678154362953 ], [ 110.360671484760474, -7.029137124948836 ], [ 110.359793028165029, -7.029188435203609 ], [ 110.358994089726224, -7.02881996789772 ], [ 110.358463345974812, -7.028118740268074 ], [ 110.356905153711523, -7.023182706648281 ], [ 110.355373619477177, -7.022641027156738 ], [ 110.352367809793947, -7.024135834231592 ], [ 110.353053000281662, -7.024695614521409 ], [ 110.353389994588497, -7.025507728856891 ], [ 110.353304016972501, -7.026382661864769 ], [ 110.352936158220501, -7.026993039199559 ], [ 110.356778923391531, -7.030257307855756 ], [ 110.357259891943585, -7.03119123464143 ], [ 110.357202938857967, -7.032068531347345 ], [ 110.356860154914301, -7.032685756476395 ], [ 110.35630704007248, -7.033124942334319 ], [ 110.355477025900839, -7.033324259877282 ], [ 110.355864670712819, -7.034140866556201 ], [ 110.355815159636492, -7.035018613536038 ], [ 110.354434791655805, -7.037189387477279 ], [ 110.359083892594683, -7.033688739997811 ], [ 110.359780429949765, -7.033570447207913 ], [ 110.360469258059084, -7.033727461452706 ], [ 110.361045510089284, -7.034135879078277 ], [ 110.361462665966883, -7.034859593249078 ], [ 110.362184322978976, -7.032948600245698 ], [ 110.362697750597917, -7.032463693989528 ], [ 110.363534274666549, -7.03219088784097 ], [ 110.364559185824589, -7.032424642497701 ], [ 110.365281381989533, -7.033187879421693 ], [ 110.36545743865274, -7.034223343074069 ], [ 110.364747060738452, -7.036456004560932 ], [ 110.365396021466026, -7.036399222384824 ], [ 110.370480002802935, -7.029094377469782 ], [ 110.36971899096153, -7.029256997364898 ], [ 110.368867286083272, -7.029036012372606 ], [ 110.368130386152473, -7.028286940543282 ], [ 110.367942384233515, -7.027179077724905 ], [ 110.366985313209511, -7.027242035797298 ], [ 110.366062320871137, -7.026739263144707 ], [ 110.365549851782689, -7.025633085106247 ], [ 110.365918333025022, -7.024042897367793 ], [ 110.366880939138838, -7.022495320290554 ], [ 110.367399893645768, -7.022016333887746 ], [ 110.368651320637838, -7.021776016826444 ], [ 110.369739084653204, -7.022404815447971 ], [ 110.370211675995705, -7.022200273646202 ], [ 110.370596742111701, -7.021472263339811 ], [ 110.371216929855464, -7.021011510263879 ], [ 110.372015133468977, -7.020851837824966 ], [ 110.372765733646062, -7.021029451556529 ], [ 110.373454729203942, -7.019520409041706 ], [ 110.372918416897122, -7.018415263264287 ], [ 110.372172114384199, -7.018313163771245 ], [ 110.371442603070236, -7.017821567941866 ], [ 110.370976443784258, -7.016600190268771 ], [ 110.369559364820631, -7.016368812235526 ], [ 110.35904251802846, -7.018754712698367 ] ], [ [ 110.3708871769864, -7.085027376061684 ], [ 110.372654159858158, -7.08533775937812 ], [ 110.373147394957329, -7.08512484082893 ], [ 110.37304643421021, -7.083045753858909 ], [ 110.372036899053057, -7.083680118958562 ], [ 110.3708871769864, -7.085027376061684 ] ], [ [ 110.364829857554938, -7.045492379925043 ], [ 110.366064918773489, -7.045635821508886 ], [ 110.367792469629535, -7.045508592848122 ], [ 110.364505894383157, -7.041900237750716 ], [ 110.362433439873087, -7.042637974124949 ], [ 110.361965593325465, -7.046013742598421 ], [ 110.364829857554938, -7.045492379925043 ] ], [ [ 110.361679236266895, -7.053921156178457 ], [ 110.362617121108599, -7.053641390478107 ], [ 110.363311997833165, -7.053769224707763 ], [ 110.363905013052843, -7.054152984365122 ], [ 110.36436469376936, -7.05489134930692 ], [ 110.369506040499502, -7.050860904759114 ], [ 110.368161094914768, -7.050701412610421 ], [ 110.364836186393205, -7.049169809494948 ], [ 110.361393654019238, -7.049698738660059 ], [ 110.360994941664487, -7.05200877150558 ], [ 110.361679236266895, -7.053921156178457 ] ], [ [ 110.365133369419098, -7.072981949377799 ], [ 110.366569858023425, -7.071038096000357 ], [ 110.362072760401475, -7.072532608309007 ], [ 110.365133369419098, -7.072981949377799 ] ], [ [ 110.362025185299103, -7.077702629145663 ], [ 110.362416942860861, -7.077737857254852 ], [ 110.363150100274041, -7.076347797675673 ], [ 110.361810017324643, -7.076151051666398 ], [ 110.362025185299103, -7.077702629145663 ] ], [ [ 110.357221813115231, -7.062612056246381 ], [ 110.356694049376628, -7.06257219086126 ], [ 110.354815713589545, -7.069533235746539 ], [ 110.357280509764379, -7.06970097121751 ], [ 110.357093849791852, -7.06610164116124 ], [ 110.357221813115231, -7.062612056246381 ] ], [ [ 110.364544650440422, -7.067404221080134 ], [ 110.364018786397551, -7.066972391654 ], [ 110.361370296615647, -7.063609747977138 ], [ 110.360725884367298, -7.066329851089867 ], [ 110.360876135057524, -7.069117468707097 ], [ 110.364571236500055, -7.06778637799618 ], [ 110.364544650440422, -7.067404221080134 ] ], [ [ 110.355480371285068, -7.083105568209209 ], [ 110.355437425598865, -7.082603340841957 ], [ 110.354945980307903, -7.082634620332551 ], [ 110.355115865244585, -7.082974989822963 ], [ 110.355480371285068, -7.083105568209209 ] ], [ [ 110.356624013311588, -7.092969572375066 ], [ 110.35805798936596, -7.094055916479963 ], [ 110.358220008282387, -7.092692751144017 ], [ 110.356624013311588, -7.092969572375066 ] ], [ [ 110.359481462642364, -7.084428306508958 ], [ 110.359035355481453, -7.081865991592592 ], [ 110.359222420717728, -7.084355880186822 ], [ 110.359481462642364, -7.084428306508958 ] ], [ [ 110.358439414540328, -7.078212549118565 ], [ 110.35808557686866, -7.075660876127412 ], [ 110.356562781415505, -7.075500146275927 ], [ 110.355295380057299, -7.078986898888483 ], [ 110.356692796334798, -7.078897952050005 ], [ 110.358439414540328, -7.078212549118565 ] ], [ [ 110.358468652252384, -7.056229484820184 ], [ 110.358755261737585, -7.056498387089067 ], [ 110.358540707793466, -7.055898769553099 ], [ 110.358468652252384, -7.056229484820184 ] ], [ [ 110.361213430362668, -7.039221640134437 ], [ 110.360914843932974, -7.036743845447394 ], [ 110.358683137275804, -7.038477778072984 ], [ 110.360783258725462, -7.039410222607949 ], [ 110.361213430362668, -7.039221640134437 ] ], [ [ 110.357712567893614, -7.049733281613467 ], [ 110.358798031745366, -7.042488165269202 ], [ 110.355859059410676, -7.041183262870982 ], [ 110.354379692481047, -7.046093454188729 ], [ 110.357712567893614, -7.049733281613467 ] ], [ [ 110.366475194139554, -7.084620204224986 ], [ 110.367760527323597, -7.083114063142646 ], [ 110.365174222282363, -7.082186189085276 ], [ 110.36506722899648, -7.085058807741711 ], [ 110.366475194139554, -7.084620204224986 ] ], [ [ 110.372817209926922, -7.003744794309434 ], [ 110.37420166596381, -7.007052220102143 ], [ 110.375732111224664, -7.006790958804388 ], [ 110.372817209926922, -7.003744794309434 ] ], [ [ 110.390665518287548, -7.024888189656961 ], [ 110.390707708782699, -7.025858012869635 ], [ 110.391646725194775, -7.029466786272372 ], [ 110.391276785861692, -7.025320398900107 ], [ 110.390665518287548, -7.024888189656961 ] ], [ [ 110.37900930995697, -6.983884528139775 ], [ 110.380670047822207, -6.983548673071653 ], [ 110.378746671080094, -6.981188495332947 ], [ 110.37900930995697, -6.983884528139775 ] ], [ [ 110.383849205381651, -6.980247260483924 ], [ 110.383067530097037, -6.980760336989515 ], [ 110.383991153557773, -6.981893699704562 ], [ 110.384290105577605, -6.981573071848112 ], [ 110.383849205381651, -6.980247260483924 ] ], [ [ 110.387111679980265, -7.004057019727701 ], [ 110.386939762875116, -7.003746748610484 ], [ 110.386790602957959, -7.003316950817384 ], [ 110.386895900266936, -7.004058553248048 ], [ 110.387111679980265, -7.004057019727701 ] ], [ [ 110.384442176279506, -7.068051365274075 ], [ 110.384360216716829, -7.068056606522458 ], [ 110.384441897398744, -7.068267188535855 ], [ 110.384442176279506, -7.068051365274075 ] ], [ [ 110.385850683495121, -7.078397494523886 ], [ 110.386372933309303, -7.076382867731034 ], [ 110.383975404540195, -7.075898837958422 ], [ 110.381698541748406, -7.078010485853187 ], [ 110.382472997157507, -7.08046084765249 ], [ 110.385572400977694, -7.080819596550859 ], [ 110.385850683495121, -7.078397494523886 ] ], [ [ 110.392486582604292, -6.996268017615226 ], [ 110.392206776620299, -6.996623066478094 ], [ 110.392422214345117, -6.997058801952276 ], [ 110.392486582604292, -6.996268017615226 ] ], [ [ 110.391835478119091, -7.047420857765821 ], [ 110.39207388674815, -7.047291937137319 ], [ 110.391901770883891, -7.047227429802603 ], [ 110.391835478119091, -7.047420857765821 ] ], [ [ 110.393657255183271, -7.103944437752554 ], [ 110.391954788146762, -7.103903411154372 ], [ 110.393522976645073, -7.104385355075952 ], [ 110.393657255183271, -7.103944437752554 ] ], [ [ 110.411621494272211, -7.084765674300431 ], [ 110.410432895779039, -7.087045456008138 ], [ 110.410571973725325, -7.090688973841016 ], [ 110.411936138242822, -7.089636680731239 ], [ 110.414606190452474, -7.085618304933258 ], [ 110.411621494272211, -7.084765674300431 ] ], [ [ 110.413051532858447, -7.094270160307818 ], [ 110.41382114054791, -7.094696622835344 ], [ 110.414233181617092, -7.09527007018863 ], [ 110.414391404256236, -7.096134893038342 ], [ 110.414063017057757, -7.097058576746186 ], [ 110.41451139300905, -7.097137812027764 ], [ 110.417762450111283, -7.0944285227743 ], [ 110.416957966687022, -7.093885260002049 ], [ 110.416536809490154, -7.092860921717408 ], [ 110.413856974408418, -7.092726365040474 ], [ 110.41207488940924, -7.094101033851296 ], [ 110.413051532858447, -7.094270160307818 ] ], [ [ 110.411489996743413, -7.097671731388639 ], [ 110.411196535884883, -7.099148457039727 ], [ 110.411747350008213, -7.098877167151689 ], [ 110.412075268538032, -7.097767793822332 ], [ 110.411489996743413, -7.097671731388639 ] ], [ [ 110.400425227143572, -7.014331097583159 ], [ 110.400300177650479, -7.015453754519449 ], [ 110.401091152408313, -7.014887453988142 ], [ 110.402140928437362, -7.014831918423773 ], [ 110.405883726019056, -7.016963274497873 ], [ 110.407104653330165, -7.016751612493739 ], [ 110.407378108876898, -7.01579957075696 ], [ 110.40478127107373, -7.0153722384575 ], [ 110.402784297483663, -7.013847358789984 ], [ 110.400425227143572, -7.014331097583159 ] ], [ [ 110.402798534769488, -7.019340450121229 ], [ 110.403500330876383, -7.020016205496799 ], [ 110.403540411951994, -7.019780875902063 ], [ 110.402798534769488, -7.019340450121229 ] ], [ [ 110.404120406038714, -7.027883920520583 ], [ 110.403567722202482, -7.028650061064505 ], [ 110.403675659172137, -7.032151356086971 ], [ 110.405952712326041, -7.032381547884094 ], [ 110.40681818626166, -7.029956801565216 ], [ 110.404120406038714, -7.027883920520583 ] ], [ [ 110.403953265934121, -7.035956538252982 ], [ 110.40186076548234, -7.036934685835885 ], [ 110.39593924218002, -7.042089307287052 ], [ 110.39673423270365, -7.042414283527421 ], [ 110.398453025697876, -7.04039925265074 ], [ 110.400445458815199, -7.03953634002264 ], [ 110.402243875514472, -7.038039519506904 ], [ 110.403953265934121, -7.035956538252982 ] ], [ [ 110.406780637787833, -7.047690595708057 ], [ 110.407182722797259, -7.048256057360895 ], [ 110.407657898274294, -7.047638704218828 ], [ 110.405141824821854, -7.046287531141204 ], [ 110.405054468863412, -7.046560951692798 ], [ 110.406780637787833, -7.047690595708057 ] ], [ [ 110.39958756272155, -7.016248587483086 ], [ 110.399898952972649, -7.016548429482471 ], [ 110.400063409460543, -7.015832035898677 ], [ 110.399885573872879, -7.016025749954729 ], [ 110.39958756272155, -7.016248587483086 ] ], [ [ 110.399162540275356, -7.02595640878611 ], [ 110.398657530512267, -7.02733642563901 ], [ 110.3991156048817, -7.027626450870673 ], [ 110.39959824176951, -7.027578239281901 ], [ 110.400329466579961, -7.02692593749157 ], [ 110.399752215555537, -7.026253537529624 ], [ 110.399162540275356, -7.02595640878611 ] ], [ [ 110.399660115000742, -7.00140626735949 ], [ 110.399713342188406, -7.001378110611661 ], [ 110.400416465124749, -7.00052831376666 ], [ 110.399660115000742, -7.00140626735949 ] ], [ [ 110.407845814544345, -7.022659164528948 ], [ 110.407834076752039, -7.020297414911612 ], [ 110.407104425156518, -7.020423908659938 ], [ 110.406772572403199, -7.022372405156291 ], [ 110.407845814544345, -7.022659164528948 ] ], [ [ 110.409925706700932, -7.032870403361692 ], [ 110.40958052581334, -7.03298989054232 ], [ 110.41015619957993, -7.033095038059725 ], [ 110.409925706700932, -7.032870403361692 ] ], [ [ 110.409672357711003, -7.069678740294694 ], [ 110.409661732485731, -7.069566131239712 ], [ 110.409636963974549, -7.069878802402668 ], [ 110.409672357711003, -7.069678740294694 ] ], [ [ 110.418117509014579, -6.999228388138951 ], [ 110.4180513132209, -6.999093347024329 ], [ 110.417646626797477, -6.998990007842744 ], [ 110.417722610727523, -6.999300254209029 ], [ 110.418117509014579, -6.999228388138951 ] ], [ [ 110.420344134727898, -7.052646216695485 ], [ 110.419374243694676, -7.052169600342772 ], [ 110.418649920050399, -7.053164521633992 ], [ 110.419097807536502, -7.053335893086238 ], [ 110.420344134727898, -7.052646216695485 ] ], [ [ 110.419077056715821, -7.087074937818242 ], [ 110.418177651322083, -7.086785868073417 ], [ 110.416547855304188, -7.089238723341674 ], [ 110.416709787545869, -7.089246853551359 ], [ 110.419077056715821, -7.087074937818242 ] ], [ [ 110.41722954453536, -7.076993456628808 ], [ 110.415983284280003, -7.076903140291458 ], [ 110.413957096082527, -7.076213803660062 ], [ 110.415210210580653, -7.077370014489946 ], [ 110.417117862145147, -7.077546956392037 ], [ 110.41722954453536, -7.076993456628808 ] ], [ [ 110.421352505575825, -7.018110794340978 ], [ 110.421928904103908, -7.017513020814979 ], [ 110.420639598931871, -7.017430167379507 ], [ 110.420798743801811, -7.018033174149998 ], [ 110.421352505575825, -7.018110794340978 ] ], [ [ 110.456396836269633, -6.972458396275945 ], [ 110.45531140809571, -6.97208706478873 ], [ 110.45421629840547, -6.970840136041136 ], [ 110.454069177039614, -6.971550338150632 ], [ 110.455031666936691, -6.971942927271163 ], [ 110.455566975960039, -6.972640654288247 ], [ 110.455794091755777, -6.974578909392287 ], [ 110.456187845602742, -6.975779506242831 ], [ 110.456560406691011, -6.975892515668566 ], [ 110.457637005024679, -6.972371507674408 ], [ 110.456396836269633, -6.972458396275945 ] ], [ [ 110.455861973157013, -7.015667838016565 ], [ 110.456085954232023, -7.014534559099952 ], [ 110.455430282903947, -7.015071546152067 ], [ 110.455861973157013, -7.015667838016565 ] ], [ [ 110.455348378036192, -7.027738334216257 ], [ 110.455357790072014, -7.02808351618132 ], [ 110.457035314185305, -7.027604736445021 ], [ 110.457413256753739, -7.027315145815645 ], [ 110.457233000409801, -7.027071416350299 ], [ 110.455348378036192, -7.027738334216257 ] ], [ [ 110.45404668713806, -7.029700153599796 ], [ 110.453070926715171, -7.029706461447661 ], [ 110.452475085691205, -7.029414981713561 ], [ 110.452698168585599, -7.030175117131161 ], [ 110.453322039575667, -7.02988294077212 ], [ 110.454042333185441, -7.029850968460138 ], [ 110.45404668713806, -7.029700153599796 ] ], [ [ 110.455561246308619, -7.031930974229005 ], [ 110.455614261933334, -7.031764501095878 ], [ 110.455674966398632, -7.031623504418251 ], [ 110.455571223637918, -7.031609456428725 ], [ 110.455561246308619, -7.031930974229005 ] ], [ [ 110.455672653209476, -7.033165834028681 ], [ 110.455597773668245, -7.032983330998605 ], [ 110.455524513720917, -7.032683196910423 ], [ 110.455500747709195, -7.033169883223948 ], [ 110.455672653209476, -7.033165834028681 ] ], [ [ 110.455446097842938, -7.044293931871644 ], [ 110.456013061886466, -7.047883096040846 ], [ 110.456673801150671, -7.047008360462214 ], [ 110.457849267963297, -7.046681615358538 ], [ 110.461339325455668, -7.048276488060181 ], [ 110.461868442693657, -7.048293554764022 ], [ 110.461798474118865, -7.048034904196403 ], [ 110.459764942008476, -7.047425784813203 ], [ 110.45917459512053, -7.047037931868202 ], [ 110.458702422585276, -7.046239167491069 ], [ 110.458701536081406, -7.045267449884289 ], [ 110.458411959678841, -7.044991142095177 ], [ 110.455446097842938, -7.044293931871644 ] ], [ [ 110.450886869630509, -7.057465852218093 ], [ 110.453703391268917, -7.056102699182555 ], [ 110.456499684888186, -7.056597324766114 ], [ 110.461003318108112, -7.05583489714904 ], [ 110.454355199700927, -7.051530547495396 ], [ 110.450975291811247, -7.054958911900132 ], [ 110.450886869630509, -7.057465852218093 ] ], [ [ 110.452620908667427, -7.063303928586701 ], [ 110.451814398424844, -7.063977723187871 ], [ 110.450769092789699, -7.064090336925726 ], [ 110.449716767829202, -7.063473373864888 ], [ 110.449297168944625, -7.062277741828236 ], [ 110.448034548753796, -7.062352922387449 ], [ 110.44780327373941, -7.062564501949734 ], [ 110.448551249963003, -7.06319425202356 ], [ 110.448968933404714, -7.064226590792127 ], [ 110.449676014385005, -7.064824906204203 ], [ 110.449999594107425, -7.06582423598865 ], [ 110.449801439200883, -7.066680813146657 ], [ 110.449222485387324, -7.06734293074936 ], [ 110.447354767373156, -7.067781963256781 ], [ 110.448603467720076, -7.06828325780811 ], [ 110.44930099544834, -7.069283383292575 ], [ 110.449205075177105, -7.070498549050395 ], [ 110.448359247664456, -7.071377094441285 ], [ 110.447677299683562, -7.071561912978598 ], [ 110.446976462854579, -7.071471957942538 ], [ 110.441802816519115, -7.069733911100672 ], [ 110.440432195382044, -7.069061477415171 ], [ 110.444149900398926, -7.072033134956479 ], [ 110.447973349937214, -7.074713280998312 ], [ 110.448482682075024, -7.075430235201161 ], [ 110.448605118121932, -7.076137718710789 ], [ 110.454416133654988, -7.077363648461583 ], [ 110.459092343339265, -7.070778787809745 ], [ 110.458126887136928, -7.071515798306226 ], [ 110.457274588304969, -7.071734842302235 ], [ 110.456266553460495, -7.071436358090012 ], [ 110.455671408932076, -7.070788719035467 ], [ 110.455452145671529, -7.069937288933982 ], [ 110.455907682066965, -7.0646784228538 ], [ 110.456865694426952, -7.063151074249101 ], [ 110.459188804013394, -7.06224367414087 ], [ 110.459893780664643, -7.062160421058176 ], [ 110.460057748458041, -7.061696093553308 ], [ 110.454833171863115, -7.059929134413631 ], [ 110.452620908667427, -7.063303928586701 ] ], [ [ 110.436918588197173, -7.028905588889776 ], [ 110.439452513461674, -7.030443796433815 ], [ 110.439816972145621, -7.030091845957975 ], [ 110.440363727984263, -7.028849313927971 ], [ 110.440331979418772, -7.027666519506297 ], [ 110.439506416088634, -7.022862888247702 ], [ 110.435453248655236, -7.027475396906972 ], [ 110.436918588197173, -7.028905588889776 ] ], [ [ 110.438137426708337, -7.036164090991791 ], [ 110.437965442023426, -7.036057602972464 ], [ 110.437812084520743, -7.036041975767795 ], [ 110.438137426708337, -7.036164090991791 ] ], [ [ 110.438071768289632, -7.039848394658474 ], [ 110.437547808679312, -7.040589460261834 ], [ 110.436929326967416, -7.040930739089924 ], [ 110.435117907761253, -7.040813798672408 ], [ 110.434815757577326, -7.043193594350331 ], [ 110.435596551470994, -7.044771782313737 ], [ 110.435552597826245, -7.046761092855768 ], [ 110.436244741637793, -7.04652339323298 ], [ 110.436969018706407, -7.046578372411842 ], [ 110.438242484673935, -7.047564937398762 ], [ 110.438717576400663, -7.046284460624625 ], [ 110.437353344070488, -7.045102666644917 ], [ 110.437152707681406, -7.044425847128296 ], [ 110.437226600584964, -7.043723841009164 ], [ 110.437683979081356, -7.042972765400576 ], [ 110.43827403338129, -7.042584481394064 ], [ 110.439145335712951, -7.04246122113862 ], [ 110.439841792751579, -7.04268376183779 ], [ 110.439898588228786, -7.04206171210295 ], [ 110.439444424056859, -7.040138292991812 ], [ 110.438071768289632, -7.039848394658474 ] ], [ [ 110.441669760124284, -7.05718441561806 ], [ 110.440311551518008, -7.057475637455509 ], [ 110.440509373193279, -7.058083815031736 ], [ 110.441097458776909, -7.058176852280074 ], [ 110.441669760124284, -7.05718441561806 ] ], [ [ 110.436808633702796, -7.07099490087109 ], [ 110.436117233894137, -7.071731679908661 ], [ 110.437422642250226, -7.07227977861046 ], [ 110.437996917148013, -7.073355272105337 ], [ 110.43790991220088, -7.07423011649034 ], [ 110.437420357440075, -7.07496068811125 ], [ 110.436469530057181, -7.07540894302941 ], [ 110.434429883377121, -7.075344476573919 ], [ 110.432516067984949, -7.076091555162185 ], [ 110.430609233008582, -7.076248339253451 ], [ 110.431573620665318, -7.07708076105759 ], [ 110.439144956304645, -7.07581357475492 ], [ 110.440142863483004, -7.076144300266093 ], [ 110.440788664623994, -7.076973124172296 ], [ 110.440908587117761, -7.077668760401941 ], [ 110.440752897086369, -7.078357289393244 ], [ 110.440345295908514, -7.078933888519604 ], [ 110.439747836863702, -7.079310775220103 ], [ 110.432313370404771, -7.080624959129668 ], [ 110.431992905750789, -7.081370282357593 ], [ 110.432973376983071, -7.082240990378319 ], [ 110.434119424449733, -7.084144045376733 ], [ 110.434101515759053, -7.085023013680077 ], [ 110.433672410681183, -7.0857880465511 ], [ 110.434490914823428, -7.086278614970734 ], [ 110.44417782406147, -7.081260273767425 ], [ 110.445301578583823, -7.078215884667328 ], [ 110.441872238289349, -7.074846796724453 ], [ 110.436808633702796, -7.07099490087109 ] ], [ [ 110.432912316641051, -7.059818962523039 ], [ 110.42954501426857, -7.05978582620809 ], [ 110.428563004329973, -7.063141221483762 ], [ 110.430677816795907, -7.0642964975197 ], [ 110.431568441355211, -7.065384817602036 ], [ 110.432551062271784, -7.06591939558676 ], [ 110.433614390803015, -7.059562239271282 ], [ 110.432912316641051, -7.059818962523039 ] ], [ [ 110.433940515663409, -6.948305794724048 ], [ 110.434304227181244, -6.94865972114012 ], [ 110.435188716971467, -6.949812232911655 ], [ 110.434848154673745, -6.948691823522869 ], [ 110.43400909601533, -6.947780525776156 ], [ 110.433940515663409, -6.948305794724048 ] ], [ [ 110.432452442987042, -6.956170593661485 ], [ 110.43249810108766, -6.957474864173371 ], [ 110.432614352840801, -6.961339801878474 ], [ 110.434310661274267, -6.960373319719997 ], [ 110.43464013003495, -6.95751732455544 ], [ 110.435218676060899, -6.956685762606524 ], [ 110.436336424682167, -6.955786845246296 ], [ 110.434466922995242, -6.955535682108652 ], [ 110.432452442987042, -6.956170593661485 ] ], [ [ 110.44364159889993, -6.984093360132581 ], [ 110.444256255213034, -6.984679276690272 ], [ 110.447119320880091, -6.97862373603783 ], [ 110.445240977615896, -6.977111957073784 ], [ 110.444643642872862, -6.977128038533159 ], [ 110.44364159889993, -6.984093360132581 ] ], [ [ 110.446631385132875, -7.034266632113672 ], [ 110.443985710757232, -7.034637808343021 ], [ 110.443191063074423, -7.037363995792431 ], [ 110.446454475790773, -7.038291968081658 ], [ 110.44971367446108, -7.033124360556352 ], [ 110.446631385132875, -7.034266632113672 ] ], [ [ 110.444312176168452, -7.041444711940017 ], [ 110.443474653752617, -7.042725906333873 ], [ 110.44327796597608, -7.044880285978153 ], [ 110.444979162966902, -7.045714793072395 ], [ 110.448671080815046, -7.042977148344551 ], [ 110.446612564274417, -7.042098834629603 ], [ 110.444312176168452, -7.041444711940017 ] ], [ [ 110.447684133300456, -7.049120891312927 ], [ 110.447591388662303, -7.049995148887618 ], [ 110.447154432119888, -7.050666035671115 ], [ 110.447269307651425, -7.051966759085454 ], [ 110.448612587440223, -7.052199191487158 ], [ 110.452419254456274, -7.048337956288794 ], [ 110.451938094450881, -7.045060535198245 ], [ 110.447435141891347, -7.048399603988229 ], [ 110.447684133300456, -7.049120891312927 ] ], [ [ 110.444584284887881, -7.027038959906787 ], [ 110.444163695077648, -7.026852870873409 ], [ 110.444002591855096, -7.027497736988576 ], [ 110.444584284887881, -7.027038959906787 ] ], [ [ 110.44384720161635, -7.052909712852069 ], [ 110.444293669610943, -7.052781039974247 ], [ 110.444111013378276, -7.052582313132928 ], [ 110.44384720161635, -7.052909712852069 ] ], [ [ 110.452065482830989, -7.023283932355618 ], [ 110.451341088892164, -7.022732800854928 ], [ 110.451327480327961, -7.022832568465343 ], [ 110.452065482830989, -7.023283932355618 ] ], [ [ 110.452684200143409, -7.037613783217435 ], [ 110.451505906810638, -7.038428991022811 ], [ 110.450637517460564, -7.038575400473974 ], [ 110.449950100347351, -7.039588494774937 ], [ 110.452239278276963, -7.040565209672965 ], [ 110.453149324263649, -7.03896979182648 ], [ 110.453992427875022, -7.037967944880469 ], [ 110.452684200143409, -7.037613783217435 ] ], [ [ 110.453675102547024, -6.991953897995662 ], [ 110.453262734119136, -6.992034712677309 ], [ 110.453444486716663, -6.992672370225193 ], [ 110.453675102547024, -6.991953897995662 ] ], [ [ 110.467308250549621, -6.953635011344498 ], [ 110.464957107799904, -6.952800929361159 ], [ 110.464791717398953, -6.954069847050015 ], [ 110.467274901981511, -6.953840821558049 ], [ 110.467308250549621, -6.953635011344498 ] ], [ [ 110.467691546388949, -6.961306513805783 ], [ 110.467697666813066, -6.961830554254491 ], [ 110.467708266527623, -6.961833038383788 ], [ 110.467691546388949, -6.961306513805783 ] ], [ [ 110.467619985141752, -6.993105835792568 ], [ 110.467840069795088, -6.993192501243754 ], [ 110.467632364204789, -6.993020254318366 ], [ 110.467619985141752, -6.993105835792568 ] ], [ [ 110.468641235036102, -6.998493175256651 ], [ 110.469266939634139, -6.997418527521543 ], [ 110.46790210622207, -6.997130635638416 ], [ 110.468641235036102, -6.998493175256651 ] ], [ [ 110.470078966130714, -7.032749237913889 ], [ 110.469333707237084, -7.033224938190986 ], [ 110.469329688494824, -7.033352573956587 ], [ 110.470151386662124, -7.033581137165466 ], [ 110.470078966130714, -7.032749237913889 ] ], [ [ 110.472442203090395, -7.038735433126211 ], [ 110.469175732214111, -7.043352456014163 ], [ 110.472753876597253, -7.048766151093261 ], [ 110.474692768411302, -7.04883475457131 ], [ 110.475549706807527, -7.043343952409952 ], [ 110.475137604670351, -7.040894651862705 ], [ 110.472816522617038, -7.038520787572859 ], [ 110.472442203090395, -7.038735433126211 ] ], [ [ 110.470672159371816, -7.059561796833627 ], [ 110.4645467940191, -7.058697470378191 ], [ 110.464136027684106, -7.06071532754245 ], [ 110.466647014924206, -7.065835268610501 ], [ 110.468750159789394, -7.064389949420361 ], [ 110.470107173599956, -7.064353444802428 ], [ 110.470755650194789, -7.062332646885929 ], [ 110.472803909246181, -7.060469200387778 ], [ 110.470672159371816, -7.059561796833627 ] ], [ [ 110.472292729312457, -7.07273764338469 ], [ 110.472150217288927, -7.072306920215329 ], [ 110.471029573567591, -7.072262127758414 ], [ 110.472292729312457, -7.07273764338469 ] ], [ [ 110.467852103333584, -7.077838047831777 ], [ 110.471865880758898, -7.078758754104507 ], [ 110.471336918034282, -7.076244429034882 ], [ 110.468974811065081, -7.075355208955475 ], [ 110.467852103333584, -7.077838047831777 ] ], [ [ 110.463186923457073, -6.961940925428227 ], [ 110.46408054646551, -6.962189638391005 ], [ 110.463925582670996, -6.957770169407926 ], [ 110.462889136321223, -6.957858474250219 ], [ 110.463186923457073, -6.961940925428227 ] ], [ [ 110.463893148967912, -6.993575263738244 ], [ 110.462730313504437, -6.994016422663295 ], [ 110.463633997037121, -6.99498167170961 ], [ 110.463897578846669, -6.994406008153812 ], [ 110.463893148967912, -6.993575263738244 ] ], [ [ 110.4618008669121, -7.013777222374719 ], [ 110.461724300725649, -7.013711636711237 ], [ 110.461687091000314, -7.013891314031305 ], [ 110.4618008669121, -7.013777222374719 ] ], [ [ 110.46161827658598, -7.019365181005167 ], [ 110.461590029911875, -7.020583797325196 ], [ 110.461212871281248, -7.021180686941145 ], [ 110.460635793460327, -7.021587939249022 ], [ 110.459419170759517, -7.021679294935444 ], [ 110.458195312823676, -7.020999493038383 ], [ 110.458212504726177, -7.021365853866405 ], [ 110.460679170806657, -7.023206053606594 ], [ 110.462926854328927, -7.022049477788169 ], [ 110.463126957497181, -7.021668037540401 ], [ 110.462854127436387, -7.020137397931122 ], [ 110.463272943792063, -7.019009274092244 ], [ 110.461413350895441, -7.018945798551176 ], [ 110.46161827658598, -7.019365181005167 ] ], [ [ 110.462740457147063, -7.041174874689439 ], [ 110.462773915845176, -7.041394333908881 ], [ 110.463327396800608, -7.040847478042371 ], [ 110.463954350826995, -7.040603274611332 ], [ 110.463790866148329, -7.040344043463431 ], [ 110.462740457147063, -7.041174874689439 ] ], [ [ 110.462739463705262, -7.044163449630109 ], [ 110.464545475417097, -7.04543948015715 ], [ 110.466628446584934, -7.046064850103144 ], [ 110.465514898250191, -7.044380022126796 ], [ 110.46376796166696, -7.044427577378185 ], [ 110.462746724151344, -7.043731874827266 ], [ 110.462739463705262, -7.044163449630109 ] ], [ [ 110.458516517651006, -7.04089006685947 ], [ 110.457688491334892, -7.041098832129332 ], [ 110.458780059003843, -7.041359079917512 ], [ 110.458516517651006, -7.04089006685947 ] ], [ [ 110.466755305305696, -7.052062482937506 ], [ 110.467172667632482, -7.051939826763956 ], [ 110.466368597965015, -7.051060377813025 ], [ 110.466755305305696, -7.052062482937506 ] ], [ [ 110.468851643686989, -7.054891489580916 ], [ 110.468318598344851, -7.055328838277292 ], [ 110.469440831621057, -7.055713508151637 ], [ 110.469551250420935, -7.054541368779419 ], [ 110.469219348067242, -7.054178357529135 ], [ 110.468851643686989, -7.054891489580916 ] ], [ [ 110.465711114522989, -7.033199049666242 ], [ 110.464976887799153, -7.033151400379768 ], [ 110.464935116099838, -7.034414412759302 ], [ 110.465651877728277, -7.035079939156203 ], [ 110.465711114522989, -7.033199049666242 ] ], [ [ 110.478807874317582, -6.995728360548567 ], [ 110.478813771012668, -6.995734111199963 ], [ 110.478815654594314, -6.995729922746618 ], [ 110.478807874317582, -6.995728360548567 ] ], [ [ 110.474345622867361, -6.999819330900186 ], [ 110.475533649203328, -7.000430264297279 ], [ 110.476505090820396, -6.999745441941369 ], [ 110.477431067046709, -6.999579661893764 ], [ 110.477567577968514, -6.999204130468985 ], [ 110.475653515917969, -6.998671537832512 ], [ 110.474454190830372, -6.998564421791125 ], [ 110.474345622867361, -6.999819330900186 ] ], [ [ 110.48163797076738, -7.001443208718708 ], [ 110.481371532901832, -7.000983581995978 ], [ 110.480861466170083, -7.000741724358786 ], [ 110.480158975970127, -7.002840514318158 ], [ 110.481199807342023, -7.002281299256264 ], [ 110.48163797076738, -7.001443208718708 ] ], [ [ 110.475514715049442, -7.029619652589078 ], [ 110.475738050568054, -7.030758859145816 ], [ 110.476184836824686, -7.031318954341082 ], [ 110.476383297163963, -7.032175462648996 ], [ 110.475891826159994, -7.033379268083237 ], [ 110.475844556064459, -7.034460346985826 ], [ 110.475184048344673, -7.035764192026506 ], [ 110.47779940740358, -7.038439009512715 ], [ 110.479674874517059, -7.039005973288819 ], [ 110.481258699931004, -7.039085978757313 ], [ 110.480291821988473, -7.034693583761872 ], [ 110.477469811597601, -7.028242184098745 ], [ 110.475215382023435, -7.029234572816021 ], [ 110.475514715049442, -7.029619652589078 ] ], [ [ 110.471658385538134, -6.95746636705598 ], [ 110.471590634499719, -6.956943028896539 ], [ 110.47155970513036, -6.957227199897876 ], [ 110.471658385538134, -6.95746636705598 ] ], [ [ 110.475446841336279, -6.978767130241549 ], [ 110.476460964718555, -6.978517200520646 ], [ 110.47652704712371, -6.978268478620478 ], [ 110.475615230419706, -6.978134022036745 ], [ 110.475446841336279, -6.978767130241549 ] ], [ [ 110.471040748001229, -6.975769018675187 ], [ 110.470979003425313, -6.977533167100403 ], [ 110.47222310438211, -6.976315987038752 ], [ 110.471040748001229, -6.975769018675187 ] ], [ [ 110.473161262712338, -7.053766177224949 ], [ 110.476857095297149, -7.054886177878375 ], [ 110.477226764862081, -7.054300050751967 ], [ 110.473264811647923, -7.052703119991618 ], [ 110.473161262712338, -7.053766177224949 ] ], [ [ 110.479398772765478, -7.064647553900018 ], [ 110.475151195243924, -7.067035404967487 ], [ 110.475485065034533, -7.067898221744458 ], [ 110.475310366156037, -7.068887358038019 ], [ 110.480081286841553, -7.067801342147265 ], [ 110.479398772765478, -7.064647553900018 ] ], [ [ 110.475840770478413, -7.074755219671021 ], [ 110.477686107572097, -7.077234895740466 ], [ 110.47943403255988, -7.071659654773399 ], [ 110.475955843354797, -7.07245139456542 ], [ 110.475840770478413, -7.074755219671021 ] ], [ [ 110.484109377395569, -6.956082477158557 ], [ 110.483587680168455, -6.957211346549365 ], [ 110.484402329677962, -6.958476002117639 ], [ 110.484594404393249, -6.959248429938864 ], [ 110.484148055604962, -6.96113190589233 ], [ 110.484188906053262, -6.962163304341118 ], [ 110.483929141933856, -6.962768693992228 ], [ 110.48420636222798, -6.963578373259687 ], [ 110.484272491988506, -6.964807970068147 ], [ 110.485432749526666, -6.966487885111343 ], [ 110.485186945164287, -6.967955378224908 ], [ 110.485405024857059, -6.968410211115545 ], [ 110.491647500475722, -6.971340999824839 ], [ 110.493545357549237, -6.971829119088794 ], [ 110.493212063555234, -6.970194789068798 ], [ 110.49263859734863, -6.969811126727314 ], [ 110.49097707044973, -6.967812341432855 ], [ 110.489299302478699, -6.967023954201048 ], [ 110.488679441910151, -6.966272187691639 ], [ 110.488629018018599, -6.964870715029041 ], [ 110.487428494930612, -6.96229552789258 ], [ 110.487219017736706, -6.95696575511402 ], [ 110.484109377395569, -6.956082477158557 ] ], [ [ 110.494590889877813, -7.023776821351073 ], [ 110.495390780900706, -7.021847520551084 ], [ 110.493409731724398, -7.021181647740697 ], [ 110.492422124989616, -7.02284444756836 ], [ 110.494590889877813, -7.023776821351073 ] ], [ [ 110.48257165863204, -6.993871145422183 ], [ 110.483222493642884, -6.994358878903324 ], [ 110.483627530519016, -6.993715541613669 ], [ 110.483167688438641, -6.993285998531212 ], [ 110.482489786236869, -6.993541806935608 ], [ 110.48257165863204, -6.993871145422183 ] ], [ [ 110.482474455648628, -7.025451852706398 ], [ 110.482383026125461, -7.025755366332769 ], [ 110.482502828222138, -7.025929503530618 ], [ 110.482474455648628, -7.025451852706398 ] ], [ [ 110.486148899359847, -7.026234666588886 ], [ 110.486219990054252, -7.025598157582138 ], [ 110.486109045867181, -7.025563823179414 ], [ 110.486148899359847, -7.026234666588886 ] ], [ [ 110.491247004313081, -7.027663696653314 ], [ 110.491659153683898, -7.026455444096661 ], [ 110.489854919029213, -7.025679776735081 ], [ 110.489653943090445, -7.027479330670385 ], [ 110.491247004313081, -7.027663696653314 ] ], [ [ 110.489551795470376, -6.980306308301086 ], [ 110.488579168501488, -6.980362514134102 ], [ 110.488468866765444, -6.98076199643997 ], [ 110.488584292454803, -6.980843570609407 ], [ 110.489551795470376, -6.980306308301086 ] ], [ [ 110.488800004079692, -6.975219051222485 ], [ 110.488940551735993, -6.974451199883542 ], [ 110.488686618821106, -6.975142282184682 ], [ 110.488800004079692, -6.975219051222485 ] ], [ [ 110.490997399336251, -6.96070042285996 ], [ 110.491707646280389, -6.95837410193033 ], [ 110.490885743235154, -6.958110317805066 ], [ 110.490997399336251, -6.96070042285996 ] ], [ [ 110.497128232740977, -6.988633040290008 ], [ 110.497913146921022, -6.988947366314161 ], [ 110.496984794274994, -6.988071062052385 ], [ 110.497128232740977, -6.988633040290008 ] ] ] } },
{ "type": "Feature", "properties": { "jenis": "rumah_sakit", "nama": "Rumah Sakit", "waktu_menit": 30, "warna": "#8b5cf6" }, "geometry": { "type": "Polygon", "coordinates": [ [ [ 110.308087656151145, -7.102989551675734 ], [ 110.307420723598895, -7.102768135126149 ], [ 110.306163026359911, -7.10293597121629 ], [ 110.305135874589709, -7.102277959409368 ], [ 110.302106115264152, -7.094922237938161 ], [ 110.302221418963072, -7.094225841480342 ], [ 110.302594729765232, -7.093626532332111 ], [ 110.303680280944093, -7.093069918495727 ], [ 110.304385366712495, -7.093116282313794 ], [ 110.305019020175607, -7.093428652726289 ], [ 110.3057699506072, -7.094567545797219 ], [ 110.306269342773035, -7.090717444325106 ], [ 110.305158253376391, -7.091028682415388 ], [ 110.304151993198175, -7.090724246383544 ], [ 110.303484636198434, -7.089912661779985 ], [ 110.303381121223168, -7.088867483566364 ], [ 110.303651239694645, -7.088215237240835 ], [ 110.304150663596602, -7.087715900262527 ], [ 110.307218476996113, -7.086407279308672 ], [ 110.308153704990772, -7.084836541352757 ], [ 110.308272641269866, -7.084177964720389 ], [ 110.307556577792013, -7.082152580454133 ], [ 110.304961963223491, -7.082807214392481 ], [ 110.301900633237096, -7.082889408780178 ], [ 110.300832517094122, -7.08230014271273 ], [ 110.300381071888623, -7.081167735193797 ], [ 110.30049432125189, -7.080471002825283 ], [ 110.300865854713322, -7.079870599329668 ], [ 110.301604214423179, -7.07939224569255 ], [ 110.302932075850691, -7.079267343482426 ], [ 110.303154672474037, -7.078515128373986 ], [ 110.303730134745848, -7.077891612732627 ], [ 110.306156343370745, -7.076672576597115 ], [ 110.3076742177509, -7.076699999792501 ], [ 110.307791606898519, -7.076253485315132 ], [ 110.301092838064562, -7.075375303369885 ], [ 110.30013290512062, -7.074622875828965 ], [ 110.299855155939767, -7.073609908137652 ], [ 110.300011778454717, -7.072921609843307 ], [ 110.300420148106781, -7.072345580268657 ], [ 110.30153691417982, -7.071854555092569 ], [ 110.308640455755111, -7.072713605075796 ], [ 110.309615712337759, -7.068535451992233 ], [ 110.307441995345712, -7.067143475126895 ], [ 110.304834236391059, -7.067315768893583 ], [ 110.303413717960055, -7.067017424731934 ], [ 110.300333331641625, -7.065918533746387 ], [ 110.297916888356795, -7.063944362479933 ], [ 110.297292595051346, -7.062626280766476 ], [ 110.297526857598257, -7.060635281858727 ], [ 110.296768936204472, -7.058557628450455 ], [ 110.296243150858103, -7.055944054325671 ], [ 110.295780764100982, -7.046838508254552 ], [ 110.294767756821216, -7.047040721730694 ], [ 110.292657281294183, -7.046957274855916 ], [ 110.289518712629175, -7.047422577020235 ], [ 110.288350179437018, -7.047072018858457 ], [ 110.28766950100507, -7.046060439732482 ], [ 110.287785688688189, -7.044847077556502 ], [ 110.288645990750879, -7.043982772405964 ], [ 110.290124403594575, -7.04368066352565 ], [ 110.288298068582662, -7.04207608314707 ], [ 110.287107335996254, -7.041896120778105 ], [ 110.286492081089889, -7.041549108752839 ], [ 110.285928343634893, -7.040662603056187 ], [ 110.28591139296033, -7.039762218113845 ], [ 110.281869362082219, -7.036989660025418 ], [ 110.280858268460733, -7.03653905998097 ], [ 110.279255872563638, -7.038181839310264 ], [ 110.27959788367734, -7.038948118718591 ], [ 110.279588823713965, -7.039653916222097 ], [ 110.279202421146735, -7.040443750834194 ], [ 110.278650563934619, -7.040884506193533 ], [ 110.27761693867231, -7.0410761755251 ], [ 110.276591760717778, -7.040612045648257 ], [ 110.272904846922259, -7.043330846657708 ], [ 110.272025219565492, -7.043355282772586 ], [ 110.271108830878475, -7.042840580042791 ], [ 110.270610785280439, -7.041727864693014 ], [ 110.270694990763687, -7.041027041631589 ], [ 110.271041235107418, -7.040411758596197 ], [ 110.275418509416824, -7.03693174627937 ], [ 110.277776783384851, -7.034514064723586 ], [ 110.274517050601006, -7.031812562003784 ], [ 110.272132534385378, -7.031620429025924 ], [ 110.271474180516364, -7.031364286980502 ], [ 110.270869469084161, -7.030725644224248 ], [ 110.270637497007755, -7.029877617997207 ], [ 110.271023909245088, -7.028721471408206 ], [ 110.271885329848928, -7.028119467720129 ], [ 110.275068303086741, -7.028226159672429 ], [ 110.276240122021903, -7.02792315053083 ], [ 110.272152541203226, -7.017109361617242 ], [ 110.27150414245564, -7.015929506871132 ], [ 110.271614489020052, -7.015057322126657 ], [ 110.273281795038386, -7.010971668334035 ], [ 110.274084031608595, -7.010053368781682 ], [ 110.274756136987463, -7.009835868927244 ], [ 110.275628781567363, -7.009948570652581 ], [ 110.276345212502221, -7.010458961202729 ], [ 110.276689846888445, -7.011075135202893 ], [ 110.276709517872803, -7.012125229736219 ], [ 110.275404435630108, -7.015471513567447 ], [ 110.27966138526034, -7.026733153085846 ], [ 110.285330669673257, -7.024195856141466 ], [ 110.285492352214916, -7.023439436768705 ], [ 110.283698961023262, -7.022749141925353 ], [ 110.28293068710235, -7.021802277023857 ], [ 110.282885432129504, -7.020752971261827 ], [ 110.283569331387383, -7.019743589089455 ], [ 110.284209804868112, -7.019445644644744 ], [ 110.284915646873316, -7.019415255235153 ], [ 110.287784414654553, -7.020423282971277 ], [ 110.290705055604789, -7.012669772892868 ], [ 110.287357990655963, -7.01038779411524 ], [ 110.286849386265246, -7.01103920884107 ], [ 110.286222509862355, -7.011364721533554 ], [ 110.285518672244478, -7.011425772887335 ], [ 110.284693685551161, -7.011120042101079 ], [ 110.284199942564314, -7.010615181043635 ], [ 110.283663227118623, -7.009370418954034 ], [ 110.281079975241838, -7.008008072097891 ], [ 110.280657576548435, -7.006864562158515 ], [ 110.28098260457584, -7.005450706465018 ], [ 110.279468606407562, -7.004866999751133 ], [ 110.27901429111779, -7.004326452213198 ], [ 110.278801598721316, -7.003653344318433 ], [ 110.278862908691494, -7.00295015087072 ], [ 110.27918888602143, -7.002323926483399 ], [ 110.280228137738646, -7.001685528263966 ], [ 110.280934562478635, -7.001677561969167 ], [ 110.284454162604618, -7.002547699538948 ], [ 110.284725862041967, -6.99741555565582 ], [ 110.285303771227049, -6.996342094433069 ], [ 110.286080845248989, -6.995929716533904 ], [ 110.28678654490561, -6.995896934724319 ], [ 110.287598562062627, -6.996235494885955 ], [ 110.28807161778191, -6.996759743880187 ], [ 110.288324823663729, -6.997601684650341 ], [ 110.288152656684815, -7.001093688665699 ], [ 110.295552586515782, -6.996139692765151 ], [ 110.296924879125996, -6.990371646224133 ], [ 110.297616728673205, -6.989580920803639 ], [ 110.298631652859058, -6.989307501930593 ], [ 110.299319902367856, -6.98946671010112 ], [ 110.29989478534614, -6.989876958783944 ], [ 110.300381766569501, -6.990994538838031 ], [ 110.298963291242885, -6.997754843927303 ], [ 110.299667245707852, -6.997709399876247 ], [ 110.300177415699196, -6.996478154823366 ], [ 110.301272728999407, -6.995941426871844 ], [ 110.306139620231889, -6.996757930612618 ], [ 110.303995327130309, -6.982193823600067 ], [ 110.303325362517242, -6.981790073205623 ], [ 110.302920012771111, -6.981211971402675 ], [ 110.302587769507397, -6.97911400826752 ], [ 110.302402610479632, -6.980233522700765 ], [ 110.30154603529266, -6.981101407063724 ], [ 110.300332859416457, -6.98122932909207 ], [ 110.299427516366634, -6.980695661903698 ], [ 110.298952840544473, -6.979572813092261 ], [ 110.299053171872529, -6.976987500394046 ], [ 110.296929556153486, -6.978864834005204 ], [ 110.296705219062417, -6.980050883199888 ], [ 110.296208580481519, -6.980776573595892 ], [ 110.295253586941271, -6.981215417699339 ], [ 110.294378748064943, -6.981119782594614 ], [ 110.28589497481191, -6.988572868774861 ], [ 110.285049986519482, -6.988817940549716 ], [ 110.284033467722011, -6.988550519121983 ], [ 110.28333696168491, -6.987763891741383 ], [ 110.283175692791545, -6.986899656612655 ], [ 110.283355569175541, -6.986217063368279 ], [ 110.283783187682374, -6.985655207303663 ], [ 110.291085437267199, -6.979200188341133 ], [ 110.290335452037766, -6.978589837797941 ], [ 110.290018019877365, -6.977769916607391 ], [ 110.290398458701802, -6.975058903007741 ], [ 110.289603116672595, -6.975227722310462 ], [ 110.28891311776664, -6.975076363747561 ], [ 110.28833361221659, -6.974672688740308 ], [ 110.287896285208674, -6.973909849883355 ], [ 110.287870488178697, -6.973031098182863 ], [ 110.288515530788274, -6.971066982242253 ], [ 110.286673415405346, -6.970240807295406 ], [ 110.286023650024148, -6.969415233367856 ], [ 110.285584474215014, -6.96733998181572 ], [ 110.286281476440607, -6.965332166022325 ], [ 110.287228940970834, -6.964564405557914 ], [ 110.288535664641969, -6.96460619171246 ], [ 110.29005778497968, -6.965391375861812 ], [ 110.291484962536018, -6.967438168241165 ], [ 110.292048952143745, -6.966355125509709 ], [ 110.293170995766502, -6.965876855250468 ], [ 110.294193239793969, -6.966121324907208 ], [ 110.29489225171217, -6.966864676993016 ], [ 110.295720340614935, -6.966639201151867 ], [ 110.297380580558922, -6.966879664056701 ], [ 110.299829932306295, -6.962015181765513 ], [ 110.292130188897133, -6.959103999754873 ], [ 110.291361866993043, -6.958157252570667 ], [ 110.291262316448467, -6.957458437160379 ], [ 110.291437975199514, -6.956774748932538 ], [ 110.292148401566791, -6.956000689476806 ], [ 110.29299180757593, -6.955750427853629 ], [ 110.29592286267038, -6.956671201208795 ], [ 110.297974177899903, -6.952371069378036 ], [ 110.298815731725597, -6.951741812485219 ], [ 110.299865319885413, -6.951685789107789 ], [ 110.30088246941051, -6.952358634051071 ], [ 110.30124156579042, -6.953523532183917 ], [ 110.299342350475925, -6.957905864867885 ], [ 110.301324700848511, -6.958719579569418 ], [ 110.302667829696659, -6.955935956863398 ], [ 110.306199322299392, -6.946507816000272 ], [ 110.307073570200359, -6.945657769878697 ], [ 110.308150911887765, -6.945525455229405 ], [ 110.311157114587758, -6.93981745574161 ], [ 110.311743733763976, -6.939162275408045 ], [ 110.312747550805369, -6.938850932169862 ], [ 110.313755294779753, -6.939149340184457 ], [ 110.314427297427116, -6.939956919018809 ], [ 110.314494993582002, -6.941173954437543 ], [ 110.306183293615675, -6.957030141802495 ], [ 110.310682082992429, -6.957150902766966 ], [ 110.316796830815633, -6.952291305522298 ], [ 110.318813972290371, -6.949758885824153 ], [ 110.319560493689607, -6.949293668125775 ], [ 110.320438334108886, -6.949235023302955 ], [ 110.321240187113006, -6.949596800835112 ], [ 110.321776690377447, -6.950293565174182 ], [ 110.321921143902244, -6.951160771171031 ], [ 110.321639431825886, -6.95199362179285 ], [ 110.319575784546856, -6.954612838822577 ], [ 110.319614575871398, -6.95535651032346 ], [ 110.319369923186983, -6.956018689257234 ], [ 110.318741580675578, -6.956634053602739 ], [ 110.317956820637974, -6.956875514433482 ], [ 110.310306746454302, -6.969646240272833 ], [ 110.31197059225012, -6.969887889263553 ], [ 110.312690997002406, -6.969491418157101 ], [ 110.313570525231839, -6.969468148243366 ], [ 110.314357179125537, -6.969861900654856 ], [ 110.31480847840389, -6.970452525437746 ], [ 110.318201808892141, -6.971292964227525 ], [ 110.333363171852497, -6.947082074106014 ], [ 110.334390013433392, -6.94642409444591 ], [ 110.335601503365396, -6.946566399980141 ], [ 110.336160858601076, -6.946997489110433 ], [ 110.336512542088613, -6.947609658946186 ], [ 110.336603012531967, -6.948309712609806 ], [ 110.336418495487962, -6.948991073314447 ], [ 110.32353263744892, -6.969599048776439 ], [ 110.324577299193066, -6.969833654270205 ], [ 110.325301718974316, -6.970610102665385 ], [ 110.326361905683868, -6.970277155325298 ], [ 110.327506610317656, -6.970698465511536 ], [ 110.32794966120521, -6.971248252094395 ], [ 110.328155490169195, -6.972102994441793 ], [ 110.327550896850312, -6.97429006726736 ], [ 110.330040267250425, -6.974905668709137 ], [ 110.335552784786316, -6.966015666879984 ], [ 110.336635145985099, -6.965453434550963 ], [ 110.337340275128085, -6.965496148565461 ], [ 110.337975371404397, -6.965805238606664 ], [ 110.338591809796867, -6.966655957087776 ], [ 110.338577830831383, -6.967874795636263 ], [ 110.334062412189212, -6.975276569361865 ], [ 110.334744176218521, -6.976363273374058 ], [ 110.335099831072966, -6.976325809826132 ], [ 110.336687060019386, -6.973770468977404 ], [ 110.337216428756207, -6.973303064019456 ], [ 110.338415792360436, -6.973080340366418 ], [ 110.339484323362228, -6.973668425296377 ], [ 110.33992174547005, -6.974623458422758 ], [ 110.339824487371999, -6.975497209931906 ], [ 110.336738661035028, -6.980563713269133 ], [ 110.338244930496828, -6.98224733008387 ], [ 110.339612911060485, -6.981356317947517 ], [ 110.340319191648561, -6.981340955051317 ], [ 110.340977594421801, -6.981596819977756 ], [ 110.341725459598337, -6.98255982702162 ], [ 110.3416454702121, -6.983882701691203 ], [ 110.342472917634382, -6.9839448030977 ], [ 110.34183235597169, -6.980961899159026 ], [ 110.342292128201819, -6.97736573890991 ], [ 110.34203285088806, -6.974410700410384 ], [ 110.346279798772457, -6.961794223251684 ], [ 110.346824575155324, -6.961103882567883 ], [ 110.347630702258158, -6.960751660514201 ], [ 110.348336811744929, -6.960772527021011 ], [ 110.349120698641499, -6.961171736345027 ], [ 110.34955250942302, -6.961730377657808 ], [ 110.349740970264008, -6.962589113584746 ], [ 110.34563376564634, -6.975050097748194 ], [ 110.345738206599151, -6.975824834343088 ], [ 110.346561132622369, -6.97644580622264 ], [ 110.346894710755464, -6.977259313551128 ], [ 110.346652117874584, -6.978453889090026 ], [ 110.345691035494383, -6.97922804760793 ], [ 110.345474474995981, -6.98080178842544 ], [ 110.345790464041087, -6.982412723328929 ], [ 110.346734161339583, -6.983799711828499 ], [ 110.349514868206853, -6.981150392733173 ], [ 110.349882624626616, -6.979543249684697 ], [ 110.349613564887903, -6.978895416472939 ], [ 110.349612434045753, -6.978189549796545 ], [ 110.350141060247864, -6.976528884936892 ], [ 110.350813722484503, -6.975817186418644 ], [ 110.351695436033623, -6.972177524186965 ], [ 110.352312889805646, -6.971327532651034 ], [ 110.353476559197205, -6.970961727125869 ], [ 110.354469841805681, -6.971305375572038 ], [ 110.35515797723491, -6.972311855171205 ], [ 110.355167025238771, -6.973190950499032 ], [ 110.354276482980652, -6.976904927283976 ], [ 110.355082263519918, -6.978442742236814 ], [ 110.355210540882879, -6.979136876184625 ], [ 110.354738194322977, -6.980330735350689 ], [ 110.353336638684382, -6.98114029242183 ], [ 110.355420773128984, -6.9818098021617 ], [ 110.357583776470634, -6.982913283943825 ], [ 110.359158808652921, -6.984580558882148 ], [ 110.360827454908758, -6.984835053204134 ], [ 110.366648692177137, -6.968133726443273 ], [ 110.363891369977765, -6.961655376225961 ], [ 110.363946202193972, -6.960951635754881 ], [ 110.364266379889401, -6.960322431138363 ], [ 110.365299638633076, -6.95967450032611 ], [ 110.366347584227753, -6.959756019771689 ], [ 110.367173596189659, -6.960405554365458 ], [ 110.370994991625338, -6.969088483735247 ], [ 110.375769652873018, -6.974844441773303 ], [ 110.376897137923748, -6.974869483391868 ], [ 110.378290959061758, -6.975799845827618 ], [ 110.378850946003453, -6.976477946761142 ], [ 110.379025018148496, -6.977337091990627 ], [ 110.380754384046497, -6.977363425379796 ], [ 110.381590214222541, -6.958262342560836 ], [ 110.382260604708009, -6.957243981460019 ], [ 110.383425362245234, -6.956881737861175 ], [ 110.384111830151838, -6.957048304692114 ], [ 110.384682253208979, -6.957464689084438 ], [ 110.385049789930392, -6.958067500856046 ], [ 110.385156186633381, -6.958819802993665 ], [ 110.388217338539093, -6.958605137220719 ], [ 110.387546050661385, -6.956535762999697 ], [ 110.385281013285166, -6.956730484366045 ], [ 110.384590021168393, -6.956583781296926 ], [ 110.383786244238593, -6.9559069695112 ], [ 110.383505261795989, -6.954720816138088 ], [ 110.383920103620383, -6.953755773476345 ], [ 110.384660825728943, -6.953231938926736 ], [ 110.384577624018746, -6.952362778752275 ], [ 110.384816563488201, -6.951698511082368 ], [ 110.385760636606108, -6.950926585522684 ], [ 110.38663633748024, -6.950841670370822 ], [ 110.387448696721435, -6.951179270245946 ], [ 110.387922341960987, -6.951702966720746 ], [ 110.388343728469664, -6.952781504138143 ], [ 110.389685828510821, -6.952626874798444 ], [ 110.389305004897992, -6.951909971777313 ], [ 110.389249864442263, -6.951284396674619 ], [ 110.387965517044591, -6.949727660415832 ], [ 110.387621499174969, -6.948918505530983 ], [ 110.387848663189445, -6.947720896626466 ], [ 110.388318307253058, -6.947193617767945 ], [ 110.388954133320951, -6.94688606493618 ], [ 110.393401415242565, -6.945810608567193 ], [ 110.394411793115495, -6.946168421822835 ], [ 110.395158738676216, -6.947153006508161 ], [ 110.396119329005643, -6.946733484349953 ], [ 110.398203740059472, -6.945209183765126 ], [ 110.399416828593075, -6.945081087608942 ], [ 110.400435885006502, -6.945751067298922 ], [ 110.400798280600824, -6.946914968516547 ], [ 110.400451224114008, -6.947906370468609 ], [ 110.399342500847553, -6.948837813587065 ], [ 110.400160176936595, -6.949133518016326 ], [ 110.401203706362082, -6.949937176295697 ], [ 110.402751518145806, -6.950645335493536 ], [ 110.403930108233055, -6.950011978041148 ], [ 110.404826081580723, -6.949072640745159 ], [ 110.405728200344669, -6.948902881019526 ], [ 110.406594039962684, -6.94834885985741 ], [ 110.407473308135934, -6.948317922558854 ], [ 110.408122126494334, -6.948597080687563 ], [ 110.408703863902986, -6.949256624976604 ], [ 110.409235036111866, -6.951409605786813 ], [ 110.416046262792406, -6.953835877396083 ], [ 110.415344824183762, -6.951457553291784 ], [ 110.41539187785132, -6.950579659031294 ], [ 110.416122869125772, -6.949603817218907 ], [ 110.417170167799981, -6.949305516768694 ], [ 110.416835662353307, -6.94687078394226 ], [ 110.417098478307238, -6.945853836070989 ], [ 110.4178824084604, -6.945154177245664 ], [ 110.419097220086641, -6.945043535823588 ], [ 110.419994817068016, -6.94559004649318 ], [ 110.42040389926828, -6.946368386013005 ], [ 110.421351574353082, -6.953026407156549 ], [ 110.422302150784944, -6.953722023260383 ], [ 110.424226713960479, -6.95442641417113 ], [ 110.425240979101503, -6.954032259933904 ], [ 110.426708872026708, -6.951751517549288 ], [ 110.425061765130707, -6.949867111251111 ], [ 110.422638819004717, -6.947901294753255 ], [ 110.422241654731991, -6.947317547307695 ], [ 110.422172016057232, -6.94610059648545 ], [ 110.422712946805291, -6.945255759438756 ], [ 110.422849787721844, -6.944230779917084 ], [ 110.42336525653738, -6.943533093391067 ], [ 110.42433407909229, -6.94312574938963 ], [ 110.425366102115305, -6.943324902936329 ], [ 110.426021284501346, -6.943911661172379 ], [ 110.426304860217257, -6.944623120032681 ], [ 110.42771365672624, -6.944940793895551 ], [ 110.428437542733192, -6.945951868046954 ], [ 110.429597324168441, -6.943691207534777 ], [ 110.430230907151412, -6.943081222918404 ], [ 110.431077434576551, -6.942841710550527 ], [ 110.431936994570648, -6.943029232667683 ], [ 110.432496458798852, -6.943460195926304 ], [ 110.432890093812972, -6.944219812942617 ], [ 110.433617194497543, -6.944439138011466 ], [ 110.434144581620217, -6.944882723357242 ], [ 110.435102545388176, -6.942483363899752 ], [ 110.435782327879494, -6.941925247827639 ], [ 110.436645130355302, -6.941753242328984 ], [ 110.43754113667822, -6.942043937303679 ], [ 110.438487855483189, -6.942011703932167 ], [ 110.439130168539506, -6.942305490066743 ], [ 110.439696788357097, -6.942978047111065 ], [ 110.440091089621959, -6.944335127963265 ], [ 110.441982143914373, -6.938887527492063 ], [ 110.443349986587279, -6.937632026235772 ], [ 110.444362107001325, -6.937348710031305 ], [ 110.44505182276599, -6.93750120040476 ], [ 110.445630639869009, -6.937905832868777 ], [ 110.44601043896094, -6.938501006357315 ], [ 110.446120886785579, -6.939373208799916 ], [ 110.444696194337979, -6.943840517476872 ], [ 110.445215358195114, -6.944562164780689 ], [ 110.445299404997414, -6.94560911721989 ], [ 110.44306977455345, -6.952529606856082 ], [ 110.444563627570489, -6.953303579239036 ], [ 110.44511545835735, -6.954537782277588 ], [ 110.448428084734388, -6.954948369414335 ], [ 110.446688770928674, -6.953486053408981 ], [ 110.446424939974506, -6.952647354110362 ], [ 110.446521580398823, -6.951948109855477 ], [ 110.446878656598741, -6.95133904670303 ], [ 110.447441806477329, -6.950912888461695 ], [ 110.448125295969362, -6.950734513343723 ], [ 110.448824417740937, -6.950830886252639 ], [ 110.44885058531915, -6.949969082276762 ], [ 110.449169379045699, -6.94933916782964 ], [ 110.449705144993345, -6.948879107146373 ], [ 110.450553532481266, -6.948646210444853 ], [ 110.451249318806532, -6.948768189307009 ], [ 110.451967699550622, -6.949275757558278 ], [ 110.453769275742474, -6.952115405236061 ], [ 110.453605180599254, -6.953323271337091 ], [ 110.452061041716334, -6.954854377549865 ], [ 110.452038888635542, -6.95522737902913 ], [ 110.456031278297644, -6.954930407002995 ], [ 110.456607369662478, -6.954647591426359 ], [ 110.456743725103138, -6.953806288143531 ], [ 110.457140302343944, -6.953222134135737 ], [ 110.458070758423432, -6.952733526540642 ], [ 110.459145995779906, -6.952858203374324 ], [ 110.460648101967635, -6.951615213475499 ], [ 110.462468209527188, -6.948957879807817 ], [ 110.46207346079882, -6.946906009302582 ], [ 110.462560738371749, -6.94578853565242 ], [ 110.463135705121971, -6.945378441544477 ], [ 110.464001599464922, -6.945222663348691 ], [ 110.464838738935242, -6.945493153160704 ], [ 110.465435381128216, -6.946104174298182 ], [ 110.466008358160707, -6.944943967945232 ], [ 110.467192061136828, -6.944394281057529 ], [ 110.467214860722123, -6.943529442763001 ], [ 110.467531565465336, -6.942898476648347 ], [ 110.468561224168496, -6.942244866585946 ], [ 110.469772113876331, -6.942392341577272 ], [ 110.471911869224428, -6.944012014528401 ], [ 110.475490785666821, -6.947797789757383 ], [ 110.476367093963219, -6.9479666698616 ], [ 110.477427136239911, -6.947866741104753 ], [ 110.47747392848693, -6.947548162974599 ], [ 110.459265521136459, -6.934526943777239 ], [ 110.458798609062228, -6.933585946217997 ], [ 110.458933553495413, -6.932544320074487 ], [ 110.459624866698618, -6.931753155974716 ], [ 110.460855741565524, -6.931317440672836 ], [ 110.461561816709462, -6.931338469901688 ], [ 110.462206092468492, -6.931627907384967 ], [ 110.478732575838876, -6.943388464292286 ], [ 110.479945230084951, -6.943195718104959 ], [ 110.481872292404745, -6.943875858570768 ], [ 110.482522614343125, -6.944701016797771 ], [ 110.482633223625356, -6.94557865636177 ], [ 110.486185215215443, -6.947423484914537 ], [ 110.488114689947125, -6.946815278292876 ], [ 110.489282208978921, -6.947168528284581 ], [ 110.48990878632749, -6.948011836226493 ], [ 110.489995471585203, -6.948886722064898 ], [ 110.48954654658543, -6.94983643175298 ], [ 110.488670059837204, -6.950377232546868 ], [ 110.490170531283965, -6.953075976165248 ], [ 110.491166275017207, -6.953504000552935 ], [ 110.4917195013428, -6.954363231684803 ], [ 110.499396535139411, -6.957024922137959 ], [ 110.501942771280866, -6.955633486398229 ], [ 110.502820590720447, -6.955693042845713 ], [ 110.503683500264543, -6.956292804142765 ], [ 110.504044740271709, -6.95709445095217 ], [ 110.504005171457564, -6.958675303940963 ], [ 110.503415721903735, -6.959827344675373 ], [ 110.503233895414041, -6.96085601252947 ], [ 110.502198371835064, -6.96194028584153 ], [ 110.502624938997144, -6.962764983554178 ], [ 110.50254202264091, -6.963812035048046 ], [ 110.502160900077939, -6.964406383401243 ], [ 110.50104240213021, -6.965254510200017 ], [ 110.499733268048288, -6.965472008808551 ], [ 110.500407389736807, -6.966569875311632 ], [ 110.500437462711574, -6.967588439927193 ], [ 110.501687695235631, -6.968702361728594 ], [ 110.502108522652534, -6.969599804066778 ], [ 110.502944476867413, -6.96928265730442 ], [ 110.503816589697635, -6.969399113391247 ], [ 110.50463867551548, -6.970053662667859 ], [ 110.504947002704924, -6.970877080363867 ], [ 110.5048716406735, -6.972189458487028 ], [ 110.505079190080224, -6.973439613703868 ], [ 110.504801037664834, -6.977150356085606 ], [ 110.503138993168321, -6.98403593673497 ], [ 110.50427569548647, -6.984729319844543 ], [ 110.504693374856103, -6.985874606080761 ], [ 110.504353108708983, -6.987406937538358 ], [ 110.503376618703186, -6.989724028122459 ], [ 110.503400928766268, -6.992695174174306 ], [ 110.503086254033491, -6.9933271732235 ], [ 110.502553470423038, -6.993790745050505 ], [ 110.501883689649631, -6.994015314497418 ], [ 110.501088606237133, -6.993960707136607 ], [ 110.500068708232021, -6.99687696049701 ], [ 110.499140270153021, -6.997667734835423 ], [ 110.498266353765899, -6.997770247161711 ], [ 110.49737530559365, -6.997520578687707 ], [ 110.496054601071336, -6.995990497505681 ], [ 110.495017646398054, -6.996405589822873 ], [ 110.493678692076855, -6.996173737319656 ], [ 110.493179010230278, -6.997394695287897 ], [ 110.493820820236039, -6.998379997538152 ], [ 110.493707091199425, -6.999593639934949 ], [ 110.493004889509123, -7.000375265835359 ], [ 110.492031076018364, -7.000635161808219 ], [ 110.491704474326241, -7.00147182951696 ], [ 110.49030796117647, -7.003345985646828 ], [ 110.491396911028531, -7.00332696373771 ], [ 110.491925285004356, -7.002721375884761 ], [ 110.492567223783325, -7.002426581337209 ], [ 110.493616564303125, -7.002489607732093 ], [ 110.494342798564702, -7.002986021526482 ], [ 110.494756861762454, -7.003807374817133 ], [ 110.495774624517182, -7.004709643219604 ], [ 110.498136950763651, -7.005372788087699 ], [ 110.499178924478542, -7.006541463133237 ], [ 110.499316926486571, -7.007409746242755 ], [ 110.49902896668182, -7.008240499967356 ], [ 110.495527550146306, -7.011947176047713 ], [ 110.497173420011308, -7.012499834824373 ], [ 110.497983978768573, -7.013410881483983 ], [ 110.49810468204214, -7.014281733176863 ], [ 110.497800248033144, -7.015106603924329 ], [ 110.497142569570912, -7.015690693536562 ], [ 110.496337302953179, -7.015963170982141 ], [ 110.497187411017833, -7.016182100993683 ], [ 110.49773069339993, -7.016633374913567 ], [ 110.499205194235032, -7.019357559295729 ], [ 110.500159532505393, -7.020253868293231 ], [ 110.500316566180516, -7.021292405860213 ], [ 110.499629187863576, -7.023795345148794 ], [ 110.500257272486238, -7.024132969730441 ], [ 110.500702706891005, -7.024680897762407 ], [ 110.501005878746497, -7.025748658419912 ], [ 110.500956066957556, -7.026452786662587 ], [ 110.500640339591158, -7.027084271547559 ], [ 110.499898305658888, -7.027646720077148 ], [ 110.499442151232969, -7.028313462381437 ], [ 110.497523512809849, -7.029166899181506 ], [ 110.497014244348094, -7.030341767704451 ], [ 110.496202855100591, -7.031143605538665 ], [ 110.495515038660329, -7.03145056566244 ], [ 110.494512121818175, -7.031379553906691 ], [ 110.493240097559621, -7.031778538421825 ], [ 110.492052422819924, -7.031399339599518 ], [ 110.488724109374019, -7.031014152497438 ], [ 110.487454940909871, -7.031359198858808 ], [ 110.48635703691231, -7.030827518305145 ], [ 110.485841335850893, -7.029603902849588 ], [ 110.485256199618803, -7.030057449682149 ], [ 110.484572619646244, -7.030235935755989 ], [ 110.483275814999061, -7.029793051102573 ], [ 110.485898279118473, -7.039849191706335 ], [ 110.485088779216142, -7.041944757955091 ], [ 110.483187823179279, -7.044489208475394 ], [ 110.482156426248011, -7.051305824764508 ], [ 110.482832697725755, -7.051718883379224 ], [ 110.483295032599187, -7.052466936807645 ], [ 110.483608177089664, -7.054951682256248 ], [ 110.484175403412749, -7.055915810383987 ], [ 110.48410425314151, -7.056926630176444 ], [ 110.487049680946186, -7.058568183720513 ], [ 110.488012545446395, -7.061104296576132 ], [ 110.497073853902634, -7.06449821300001 ], [ 110.497331350313232, -7.064508203778508 ], [ 110.498295639371506, -7.063468546827311 ], [ 110.498979399192436, -7.063290557198367 ], [ 110.499679293057142, -7.063387516546103 ], [ 110.500629786196654, -7.064151851945289 ], [ 110.50087915320816, -7.06534507269955 ], [ 110.500192582715044, -7.066786540985827 ], [ 110.500152986761549, -7.068110420920227 ], [ 110.499682652593066, -7.06885349331558 ], [ 110.499085928531215, -7.069231532530766 ], [ 110.498389810651986, -7.069352669463376 ], [ 110.497135603571891, -7.068805018167917 ], [ 110.49699658186789, -7.069672573442577 ], [ 110.496597373572882, -7.070255005667335 ], [ 110.496005438237759, -7.07064048705461 ], [ 110.495310893198905, -7.070770331067172 ], [ 110.494166772381249, -7.070346677851996 ], [ 110.493724739910604, -7.069795974021595 ], [ 110.493442040148949, -7.068949862303557 ], [ 110.492406830319879, -7.068204425669162 ], [ 110.492114091402428, -7.067375330834708 ], [ 110.492231702090123, -7.066548794159023 ], [ 110.487166798606822, -7.064651706607798 ], [ 110.483890205109731, -7.069492011371818 ], [ 110.480292063889877, -7.08102895756634 ], [ 110.480290819143846, -7.081804569429506 ], [ 110.481391819923047, -7.082255785589411 ], [ 110.482041299928696, -7.083287715947909 ], [ 110.481960566292443, -7.084334930661801 ], [ 110.481311025669498, -7.085160850937433 ], [ 110.480133956117612, -7.085482158703702 ], [ 110.478473142930127, -7.085053347538302 ], [ 110.478672063113777, -7.086077739082762 ], [ 110.478274634903343, -7.087050130312022 ], [ 110.477403382147159, -7.087638075888136 ], [ 110.476524587322444, -7.08768566555239 ], [ 110.475727103214837, -7.087313810672541 ], [ 110.475276063142374, -7.086770434039654 ], [ 110.474281903413612, -7.084429269493183 ], [ 110.473765140725476, -7.083716666956894 ], [ 110.47365658833489, -7.082779583441401 ], [ 110.468827853798189, -7.081866985895271 ], [ 110.466325544971028, -7.081166743138136 ], [ 110.465317099388756, -7.081497275549569 ], [ 110.464160549763037, -7.081108697081238 ], [ 110.463513296325203, -7.080075377520537 ], [ 110.463553955650895, -7.078686986011025 ], [ 110.465468485265333, -7.074320226386787 ], [ 110.464388636024097, -7.073922380460878 ], [ 110.463752373006216, -7.072882277268719 ], [ 110.463746308588483, -7.072176424054649 ], [ 110.464297247449892, -7.071187609010092 ], [ 110.464431971892424, -7.069879439213556 ], [ 110.462978852047371, -7.069589644524799 ], [ 110.462873272745384, -7.071618132898856 ], [ 110.459512590950581, -7.079632179148931 ], [ 110.458985473160425, -7.080336193159358 ], [ 110.458188380478148, -7.080708853259098 ], [ 110.457356186902317, -7.080674022255081 ], [ 110.456625307927439, -7.081022615316008 ], [ 110.45515458570236, -7.08118751998559 ], [ 110.449345555363323, -7.079991946202527 ], [ 110.449999832993072, -7.082888356965752 ], [ 110.450416847250708, -7.083382979188977 ], [ 110.452958737304925, -7.084321092326864 ], [ 110.453655308619631, -7.085321899914036 ], [ 110.453671591351721, -7.086200902618893 ], [ 110.453381341487599, -7.086844482846159 ], [ 110.452866637469981, -7.087328116031676 ], [ 110.452121569381077, -7.087588039268685 ], [ 110.452710269858599, -7.089851035323305 ], [ 110.452429282399635, -7.090684175918097 ], [ 110.4519390254315, -7.091192527538146 ], [ 110.450761093668376, -7.091510700939525 ], [ 110.449782368163781, -7.091126925773517 ], [ 110.449245013892266, -7.090430669801688 ], [ 110.448566046533401, -7.088364440593833 ], [ 110.447750953218971, -7.088406328625112 ], [ 110.446948756742628, -7.088044737095023 ], [ 110.444484840072988, -7.085206434578671 ], [ 110.434977482781576, -7.090010563319704 ], [ 110.43338526905336, -7.08982526028341 ], [ 110.430389374160811, -7.088039827298726 ], [ 110.427962260862529, -7.089558653418082 ], [ 110.427170942213053, -7.08979546965963 ], [ 110.423481174828467, -7.088998304256688 ], [ 110.422703479989579, -7.088660437672984 ], [ 110.420318668111349, -7.090848473772876 ], [ 110.420584345845967, -7.091297698936497 ], [ 110.42115168731759, -7.091579271823885 ], [ 110.421308868141878, -7.090457079649367 ], [ 110.42198974739371, -7.089656750611455 ], [ 110.422823353344967, -7.089374838354983 ], [ 110.423525279579593, -7.089456082672661 ], [ 110.424142651871477, -7.089799472855454 ], [ 110.424581481422621, -7.090352731398482 ], [ 110.424767102555649, -7.091995810223302 ], [ 110.427668249125759, -7.090801909780692 ], [ 110.428374844397567, -7.09079543415005 ], [ 110.42903013469973, -7.091059565617955 ], [ 110.429534358802925, -7.091554093028577 ], [ 110.429810753086073, -7.092203729642149 ], [ 110.429817238143812, -7.092909574521552 ], [ 110.429448268549422, -7.093707732123355 ], [ 110.42874621376383, -7.094237897974364 ], [ 110.423487259196534, -7.096464607199636 ], [ 110.420770721618879, -7.096622905823067 ], [ 110.417885211379456, -7.099072873278502 ], [ 110.415415111323654, -7.103451844614299 ], [ 110.414457642893595, -7.104383215606644 ], [ 110.413820025538513, -7.107360143782119 ], [ 110.4142985748841, -7.108204207085669 ], [ 110.414347598501706, -7.109081988604658 ], [ 110.41408151710894, -7.109735909346608 ], [ 110.41358516791162, -7.110238340216146 ], [ 110.412758484160904, -7.110540005353125 ], [ 110.411887053061648, -7.110416783365578 ], [ 110.411296900341029, -7.110028525695668 ], [ 110.410569169534725, -7.109018029369878 ], [ 110.409914913801131, -7.10942067475761 ], [ 110.409190786419245, -7.109516152385446 ], [ 110.409021143107395, -7.110333256960031 ], [ 110.408464515787045, -7.111014247195682 ], [ 110.407826470526146, -7.111317650310376 ], [ 110.407120757321223, -7.111354058134317 ], [ 110.406454815790255, -7.111117927943751 ], [ 110.405930030345871, -7.110645208858309 ], [ 110.405513572985541, -7.109320089434041 ], [ 110.399928581866945, -7.111369658029795 ], [ 110.400349079646887, -7.112330238603677 ], [ 110.400237350512015, -7.113202269896737 ], [ 110.39972728305699, -7.113918722097388 ], [ 110.398764079216022, -7.114339949630776 ], [ 110.397574681912005, -7.114067440727112 ], [ 110.39564083457509, -7.112259575753552 ], [ 110.390949386211574, -7.110748313864461 ], [ 110.388628015962169, -7.112628459553866 ], [ 110.387751404710912, -7.112706875425673 ], [ 110.386941297510774, -7.11236325777991 ], [ 110.386272368552767, -7.111343798450294 ], [ 110.386333267943172, -7.110295264341199 ], [ 110.386701915978946, -7.109693060761949 ], [ 110.388814829566229, -7.107802265640546 ], [ 110.387831081129661, -7.106763888473561 ], [ 110.386214936094987, -7.106814194764623 ], [ 110.383849279188013, -7.111736856650166 ], [ 110.38328702553315, -7.112413215416507 ], [ 110.382117270588523, -7.112760316645711 ], [ 110.380992595940214, -7.112287365984423 ], [ 110.380457250649613, -7.111383395652354 ], [ 110.380462330475737, -7.110504269384796 ], [ 110.383304788027999, -7.10450919136635 ], [ 110.383513577948008, -7.103041076408906 ], [ 110.377072159720854, -7.092070615546439 ], [ 110.374043571614123, -7.090334077905876 ], [ 110.372236017951195, -7.089031730554748 ], [ 110.371894511603372, -7.096835056384318 ], [ 110.372125367377734, -7.1019249481757 ], [ 110.373773885642336, -7.106372717455366 ], [ 110.373703666628145, -7.107249054814652 ], [ 110.373351533985215, -7.107861037818626 ], [ 110.372459718111656, -7.108417394523927 ], [ 110.371408764273411, -7.108385064795423 ], [ 110.370552911293416, -7.107774946132158 ], [ 110.36999649154545, -7.106526835640888 ], [ 110.368955305889315, -7.106711805463223 ], [ 110.367864168899871, -7.10616610215946 ], [ 110.367484839440934, -7.105570559250708 ], [ 110.367362539494636, -7.104875345212191 ], [ 110.368500868176355, -7.101953727988018 ], [ 110.368330775109811, -7.098202879559323 ], [ 110.363547964587127, -7.09676965481326 ], [ 110.362958540650709, -7.096380331559013 ], [ 110.362563132835731, -7.09579532311208 ], [ 110.36242980253347, -7.094926331953777 ], [ 110.362631661712143, -7.094249880393005 ], [ 110.363077298489912, -7.093702085697777 ], [ 110.363871056062564, -7.093322376483399 ], [ 110.364750272714929, -7.093361276302586 ], [ 110.368373830660801, -7.09444023131171 ], [ 110.368571649161794, -7.089920912752812 ], [ 110.367444100228198, -7.09073927391645 ], [ 110.36622401573068, -7.090757094078038 ], [ 110.3652695633387, -7.089997675877147 ], [ 110.365003145352873, -7.088868764976015 ], [ 110.363174032495237, -7.089481082563875 ], [ 110.362051594302642, -7.091143361484134 ], [ 110.361306502671454, -7.097412664933993 ], [ 110.362254179494684, -7.102602186247523 ], [ 110.362146595793845, -7.103474731290084 ], [ 110.361768648876009, -7.104071148685609 ], [ 110.361025173819712, -7.104541611080705 ], [ 110.360147470014013, -7.104606431243067 ], [ 110.359488140578932, -7.104352503024473 ], [ 110.358881172449898, -7.103715889891545 ], [ 110.358606780228243, -7.102851506742341 ], [ 110.35771816852241, -7.102390387007761 ], [ 110.357247499207531, -7.101647531542971 ], [ 110.357221948946361, -7.100597549799355 ], [ 110.357866428139118, -7.099242062863708 ], [ 110.357769917600379, -7.098378629291775 ], [ 110.352244674850127, -7.094192821806981 ], [ 110.350110910975573, -7.095892263465426 ], [ 110.34945515893682, -7.096155239252459 ], [ 110.34825017163908, -7.095963212026161 ], [ 110.347440658598686, -7.095051156426206 ], [ 110.347321055110115, -7.094180176737656 ], [ 110.347734015191534, -7.093214289682059 ], [ 110.351298832047235, -7.090336883053919 ], [ 110.359234996597721, -7.088844415239098 ], [ 110.359648409325786, -7.088232176338034 ], [ 110.3531841616946, -7.086126549753224 ], [ 110.350775164524379, -7.084675517139901 ], [ 110.34387367888317, -7.086362631140145 ], [ 110.34124833108848, -7.086295801417041 ], [ 110.33751223479365, -7.093120376877086 ], [ 110.338186597910749, -7.092260427462869 ], [ 110.339000313530207, -7.091925533461231 ], [ 110.339875982967342, -7.092013356082043 ], [ 110.340529060043778, -7.092425192653181 ], [ 110.341374346271706, -7.092183284572993 ], [ 110.342071642682825, -7.092297546776375 ], [ 110.343179484983651, -7.093067963621675 ], [ 110.344830125006979, -7.09507322108747 ], [ 110.346291542056065, -7.095930725385873 ], [ 110.34673357517633, -7.096883686705701 ], [ 110.346693340300703, -7.097588405161115 ], [ 110.346389868094732, -7.098218697283805 ], [ 110.346902433745257, -7.100118051377306 ], [ 110.346610280457369, -7.100947334652854 ], [ 110.345801013908741, -7.101617869243869 ], [ 110.344931135534395, -7.101751410822139 ], [ 110.342489490245825, -7.101288373423866 ], [ 110.342259821156134, -7.102109284240736 ], [ 110.341655333239089, -7.10274824175002 ], [ 110.340820690845831, -7.103027106878006 ], [ 110.339953002874068, -7.102880023059693 ], [ 110.339373766700461, -7.102475724675302 ], [ 110.338993510117561, -7.101880778513756 ], [ 110.338274208992246, -7.099336150457563 ], [ 110.337885974111359, -7.096772422032484 ], [ 110.33501923674153, -7.096521899494496 ], [ 110.333540229877059, -7.100312941122557 ], [ 110.332467466748483, -7.100893815225725 ], [ 110.331426535168362, -7.100745788845239 ], [ 110.330643362686246, -7.1000450244673 ], [ 110.330382965641803, -7.099205253997244 ], [ 110.331815932035511, -7.094714102280637 ], [ 110.331243978788962, -7.094405035649017 ], [ 110.327048597515756, -7.09493760758896 ], [ 110.328707049128596, -7.102289817810759 ], [ 110.328532519223089, -7.102973809915339 ], [ 110.327971386266086, -7.103651075871682 ], [ 110.32733135443317, -7.1039502276798 ], [ 110.326451269714454, -7.103946588990613 ], [ 110.325676822637888, -7.103528962272978 ], [ 110.325258237851131, -7.102960273129986 ], [ 110.322185516749329, -7.095340968458401 ], [ 110.319409278242233, -7.093686982870393 ], [ 110.319356570023103, -7.106173628152923 ], [ 110.319139124873701, -7.10702550357589 ], [ 110.318688539363848, -7.107569246116664 ], [ 110.317715446321444, -7.107967073073627 ], [ 110.316608017441894, -7.107711239696058 ], [ 110.316391437732278, -7.108600906813873 ], [ 110.315797039004508, -7.109249241419168 ], [ 110.314966864921786, -7.109541131263974 ], [ 110.314096969126467, -7.109407643874391 ], [ 110.313392786027009, -7.10888030381427 ], [ 110.313062906458171, -7.108256080094857 ], [ 110.311818175756869, -7.101877629043188 ], [ 110.30960817361408, -7.102457208459745 ], [ 110.308792502083605, -7.102939460897149 ], [ 110.308087656151145, -7.102989551675734 ] ], [ [ 110.427182638476552, -7.038360630202245 ], [ 110.426901024276631, -7.038883924160732 ], [ 110.426695973926201, -7.039388964774473 ], [ 110.427178553091792, -7.039106602732157 ], [ 110.427182638476552, -7.038360630202245 ] ], [ [ 110.425701299601712, -7.041812029061047 ], [ 110.424877728691783, -7.042619462436442 ], [ 110.425281117867996, -7.04317731784583 ], [ 110.425880306771703, -7.04306283657714 ], [ 110.425701299601712, -7.041812029061047 ] ], [ [ 110.424162585159863, -7.060102945607174 ], [ 110.423669841103944, -7.061575785331306 ], [ 110.425097500522895, -7.06208493573054 ], [ 110.425564792322945, -7.060387463567057 ], [ 110.425451261569137, -7.060112160843784 ], [ 110.424162585159863, -7.060102945607174 ] ], [ [ 110.42321255323742, -7.06525454061751 ], [ 110.420258879513014, -7.064181769647706 ], [ 110.418650508381972, -7.065456171504615 ], [ 110.419529257364928, -7.066422291749176 ], [ 110.4216521322098, -7.066321062172163 ], [ 110.422315592953183, -7.065670705873172 ], [ 110.423291153638019, -7.065438441409196 ], [ 110.42321255323742, -7.06525454061751 ] ], [ [ 110.424143615570657, -7.075807662113326 ], [ 110.423248859659722, -7.075942208217628 ], [ 110.422202806803483, -7.075586342748459 ], [ 110.421662273409666, -7.076408260349988 ], [ 110.419978477160839, -7.083563807645868 ], [ 110.420701150805712, -7.083796073907121 ], [ 110.428462859955872, -7.080412323827466 ], [ 110.428850109284426, -7.07951169180321 ], [ 110.426047981457486, -7.077092973392515 ], [ 110.424701650668254, -7.076360955429968 ], [ 110.424143615570657, -7.075807662113326 ] ], [ [ 110.394979020658084, -7.0253218557692 ], [ 110.394908683380862, -7.025275892550062 ], [ 110.394916020178343, -7.025358118672229 ], [ 110.394979020658084, -7.0253218557692 ] ], [ [ 110.393030730516116, -7.0352480830226 ], [ 110.3934746514729, -7.039435742870378 ], [ 110.397254808768068, -7.036145192954689 ], [ 110.397094823067192, -7.034938727267122 ], [ 110.398237469062366, -7.032020998196984 ], [ 110.397189299152259, -7.031639252655928 ], [ 110.396531281687658, -7.03056542542023 ], [ 110.395044311559445, -7.032205655216473 ], [ 110.393030730516116, -7.0352480830226 ] ], [ [ 110.3967302282323, -7.047506123710848 ], [ 110.399004522028463, -7.048383797639644 ], [ 110.401329475549275, -7.046320877105731 ], [ 110.402126391466837, -7.043940932957529 ], [ 110.40258246419296, -7.043401810872573 ], [ 110.403210330657942, -7.043078090304344 ], [ 110.404256717208028, -7.043091978600476 ], [ 110.404963819795626, -7.042685717661509 ], [ 110.405842848336178, -7.042644644453063 ], [ 110.410427061889493, -7.045017994764645 ], [ 110.411617245482702, -7.045095419097192 ], [ 110.410662923712707, -7.042263533604196 ], [ 110.41084373677559, -7.041403143640395 ], [ 110.411409170847421, -7.040729500133071 ], [ 110.412051045983716, -7.040434477096609 ], [ 110.412930982975396, -7.040443789297631 ], [ 110.413826944524814, -7.0409932646656 ], [ 110.414309048201474, -7.041853775286239 ], [ 110.416543882729584, -7.042025737548851 ], [ 110.417600989631694, -7.040884286256457 ], [ 110.416030320910522, -7.038151211634661 ], [ 110.414575476843766, -7.037580356459358 ], [ 110.408948861398073, -7.036552676648884 ], [ 110.407524600818078, -7.037111306059636 ], [ 110.4060868174154, -7.039292095443944 ], [ 110.402026106237145, -7.043830199563929 ], [ 110.40106471043525, -7.044255203357491 ], [ 110.400050586397313, -7.044084547950966 ], [ 110.3985012434851, -7.045930224121151 ], [ 110.397010429150285, -7.046868547970573 ], [ 110.396663731764548, -7.047289016582846 ], [ 110.3967302282323, -7.047506123710848 ] ], [ [ 110.393788152312226, -7.059087785251209 ], [ 110.390115482700566, -7.061806653185186 ], [ 110.389769112175543, -7.062294635098152 ], [ 110.390491818407824, -7.07079988556624 ], [ 110.395561092412564, -7.066853434414885 ], [ 110.394801808861757, -7.062831325654049 ], [ 110.394757051146954, -7.058835971303597 ], [ 110.393788152312226, -7.059087785251209 ] ], [ [ 110.389117688838965, -7.081695715252048 ], [ 110.394469134105734, -7.08408480486959 ], [ 110.396434411368119, -7.085904906265359 ], [ 110.398493176956251, -7.088410355255894 ], [ 110.399294540881812, -7.090121255031286 ], [ 110.399645023471365, -7.094255073189636 ], [ 110.39942114196576, -7.094958323866903 ], [ 110.39881563787813, -7.095596325087556 ], [ 110.398156898379696, -7.095851758671718 ], [ 110.397450447168026, -7.095835929281724 ], [ 110.393524714732365, -7.094222717926833 ], [ 110.391057258781714, -7.095203894845707 ], [ 110.391100062363535, -7.100263590862607 ], [ 110.39639367857724, -7.100410921291087 ], [ 110.397198172193612, -7.100767412705697 ], [ 110.397757291643956, -7.101502288477997 ], [ 110.397850776154129, -7.102588893922861 ], [ 110.396299679516815, -7.108192451371106 ], [ 110.396889209402815, -7.10863040360881 ], [ 110.405094115640651, -7.105619391887759 ], [ 110.405074622437297, -7.104286971343048 ], [ 110.405649381036142, -7.102280685800659 ], [ 110.401435060398526, -7.10228993735553 ], [ 110.40044011061299, -7.101584241918377 ], [ 110.40011413639472, -7.100585691917333 ], [ 110.400398465101716, -7.099574522743718 ], [ 110.401197257821167, -7.09889155871128 ], [ 110.404522590597651, -7.098685043277044 ], [ 110.404641837611223, -7.098414455337959 ], [ 110.403534062022203, -7.097755149403707 ], [ 110.40307355066075, -7.096810947069662 ], [ 110.403215785307651, -7.095770300528853 ], [ 110.403912820923864, -7.094983970164839 ], [ 110.404575343402868, -7.09473849483295 ], [ 110.405281474390875, -7.094764968956819 ], [ 110.408115807556698, -7.096025932579618 ], [ 110.407963538809781, -7.094617744276027 ], [ 110.406925645967689, -7.094226670549306 ], [ 110.405829756262932, -7.093261333589661 ], [ 110.405452814771138, -7.092560546400681 ], [ 110.405479768576683, -7.089560845504617 ], [ 110.404742754027481, -7.08328121639611 ], [ 110.402401921092249, -7.080614367101304 ], [ 110.398526864637958, -7.080946184555156 ], [ 110.397530491590686, -7.080242560969523 ], [ 110.39720712566222, -7.079067217139202 ], [ 110.397587245080231, -7.07808796226032 ], [ 110.398447909287029, -7.07748470461084 ], [ 110.403043214872511, -7.076895113770416 ], [ 110.404348460208425, -7.077283011924293 ], [ 110.405429568869607, -7.078586149273641 ], [ 110.405951502365156, -7.076434948632249 ], [ 110.405659305095242, -7.072303278730843 ], [ 110.406171653685519, -7.067870164851043 ], [ 110.406778736568668, -7.066812817611583 ], [ 110.407953207885484, -7.066381222461009 ], [ 110.407260776340209, -7.065347006676173 ], [ 110.407421552513398, -7.064077100745873 ], [ 110.406574738120383, -7.063972161851575 ], [ 110.405975697372412, -7.063597828190486 ], [ 110.405122274553065, -7.062558859096953 ], [ 110.404928143554727, -7.061526616456326 ], [ 110.405340785089507, -7.060560592192398 ], [ 110.406157562687866, -7.060008350760016 ], [ 110.406912267171464, -7.059036431240374 ], [ 110.407921246637315, -7.058741274727681 ], [ 110.409204091885627, -7.059061954328025 ], [ 110.40954974432276, -7.058505643691542 ], [ 110.410157443890711, -7.058071646135917 ], [ 110.409826978419531, -7.056461936613333 ], [ 110.408176000178941, -7.055718983093351 ], [ 110.407460305178034, -7.054731775484161 ], [ 110.40753396075506, -7.053515068493314 ], [ 110.408373336694027, -7.052616719305699 ], [ 110.408505765632512, -7.052163616036143 ], [ 110.407765066351914, -7.052350037294281 ], [ 110.406905082725729, -7.052163559782237 ], [ 110.40623463733175, -7.051594103202278 ], [ 110.40591164030414, -7.050770958578893 ], [ 110.404884606831445, -7.050691437753956 ], [ 110.40308811135894, -7.049599655158675 ], [ 110.402012164787223, -7.050554340768143 ], [ 110.402422853109115, -7.051508677845062 ], [ 110.402307766206548, -7.052380273925881 ], [ 110.401653983275878, -7.053202794679668 ], [ 110.400700180676679, -7.053520747637759 ], [ 110.402354642151593, -7.054006439186597 ], [ 110.402947482097446, -7.054390478923024 ], [ 110.40345580500734, -7.05530985488797 ], [ 110.403367179447216, -7.056356419443913 ], [ 110.402982760568193, -7.056948677496098 ], [ 110.402337677741968, -7.057372408732703 ], [ 110.402385985728358, -7.058596132769278 ], [ 110.402045694826953, -7.059214750042705 ], [ 110.4014943362629, -7.059656182780647 ], [ 110.40028540291641, -7.05982101790501 ], [ 110.398380853556333, -7.059044691868944 ], [ 110.39840781671144, -7.062031424459087 ], [ 110.400114308948758, -7.064323022316413 ], [ 110.401461143626889, -7.064619281854764 ], [ 110.402633423174009, -7.065287692292071 ], [ 110.403132412200492, -7.06578745866855 ], [ 110.403401973718061, -7.066439945014658 ], [ 110.403386501213774, -7.067212022611311 ], [ 110.402979697111959, -7.067991601359155 ], [ 110.40231626085891, -7.068462873298523 ], [ 110.401316445544097, -7.068677076870343 ], [ 110.401525974828559, -7.071856400831428 ], [ 110.401367607086016, -7.072544314853424 ], [ 110.400521700460246, -7.073422773672973 ], [ 110.3993099452465, -7.073565740249056 ], [ 110.39828245810628, -7.072908310578865 ], [ 110.39789218421879, -7.071679405850708 ], [ 110.389368576240187, -7.079502491494456 ], [ 110.389117688838965, -7.081695715252048 ] ], [ [ 110.390375219219365, -7.087095909392627 ], [ 110.390766983551629, -7.091425022135402 ], [ 110.39482359466929, -7.089771984417839 ], [ 110.392463948295799, -7.087226915769199 ], [ 110.390375219219365, -7.087095909392627 ] ], [ [ 110.369661244107022, -6.977241848032788 ], [ 110.368756018221703, -6.979426655232353 ], [ 110.367849341868578, -6.979958082221041 ], [ 110.36675367058028, -6.979879584685054 ], [ 110.365788673040882, -6.981684082125053 ], [ 110.367608451924951, -6.981096636082713 ], [ 110.368451090756778, -6.981110111187051 ], [ 110.373465951353097, -6.983795031685307 ], [ 110.374743702235875, -6.983902698578975 ], [ 110.375297082914628, -6.983125499114977 ], [ 110.374952060765608, -6.979528645605606 ], [ 110.370390165967763, -6.974029212318921 ], [ 110.369661244107022, -6.977241848032788 ] ], [ [ 110.376949327589031, -7.014704258371187 ], [ 110.377249307410239, -7.015896844803347 ], [ 110.377764078048941, -7.016334813848387 ], [ 110.378172132564345, -7.014321506045867 ], [ 110.377637790275458, -7.013773579452553 ], [ 110.377153106113354, -7.014113484658565 ], [ 110.376949327589031, -7.014704258371187 ] ], [ [ 110.377397121703268, -7.026440262182604 ], [ 110.37648021573554, -7.02608139324377 ], [ 110.374727705285096, -7.024628640010816 ], [ 110.374043853160373, -7.025273732036337 ], [ 110.373239325593076, -7.025611682345583 ], [ 110.373999232065557, -7.026639140526094 ], [ 110.376749535179314, -7.027837108102042 ], [ 110.377397121703268, -7.026440262182604 ] ], [ [ 110.378733944314988, -7.031985679052401 ], [ 110.377418696615422, -7.032066151800469 ], [ 110.374584471569975, -7.030841146121686 ], [ 110.374618034668174, -7.031559056550736 ], [ 110.379517145158502, -7.036231640412637 ], [ 110.379737942342572, -7.037430438984707 ], [ 110.379490377470859, -7.038091559122405 ], [ 110.379008417011633, -7.038607704664475 ], [ 110.378013585254152, -7.038947283508334 ], [ 110.376997574605269, -7.038677456068237 ], [ 110.373247671057598, -7.03523001365713 ], [ 110.372665884640583, -7.035774051089848 ], [ 110.3719977825005, -7.036003683561057 ], [ 110.371123172179466, -7.035906789004936 ], [ 110.370459174333561, -7.035472525005562 ], [ 110.3674165492626, -7.039719886228062 ], [ 110.372346175576865, -7.045132084762963 ], [ 110.374345554561202, -7.045581450581839 ], [ 110.374963613377929, -7.046207254576052 ], [ 110.375213407106557, -7.047050234369872 ], [ 110.375035943175902, -7.047911314402961 ], [ 110.374473129109219, -7.048587143599375 ], [ 110.373657877447499, -7.04891811876984 ], [ 110.372532890875959, -7.048822517676021 ], [ 110.372547493694526, -7.050126828368904 ], [ 110.373112381841992, -7.050781927400732 ], [ 110.373302649630133, -7.051461720949286 ], [ 110.373218034325546, -7.052162509600691 ], [ 110.372871416733346, -7.052777604399717 ], [ 110.365916592013832, -7.05827389214508 ], [ 110.368962601067437, -7.063913915120678 ], [ 110.369932733145077, -7.063554262151775 ], [ 110.370798443799657, -7.063712173657488 ], [ 110.371487420258759, -7.064259122163581 ], [ 110.371836955886636, -7.065065942770087 ], [ 110.371837139726154, -7.067235716420453 ], [ 110.371336217249137, -7.070606401265638 ], [ 110.367483311670497, -7.075893964501534 ], [ 110.366030305222196, -7.07864890650597 ], [ 110.37062050676478, -7.080295694848362 ], [ 110.373895767446371, -7.078247880038461 ], [ 110.374963542325062, -7.077996197707961 ], [ 110.374998770165391, -7.076877334987079 ], [ 110.375776950808756, -7.075938477984378 ], [ 110.376974709810682, -7.075705892781532 ], [ 110.377961784830688, -7.076197990733737 ], [ 110.379282047648275, -7.075314573225049 ], [ 110.381273539401946, -7.073467597341545 ], [ 110.378492845751452, -7.067788358025763 ], [ 110.374031622081731, -7.062304885523861 ], [ 110.373826345776209, -7.061274803211705 ], [ 110.374228518627106, -7.060304389328287 ], [ 110.375274960187653, -7.059677564735581 ], [ 110.376481919793974, -7.059856215051495 ], [ 110.379556784296611, -7.06338086740902 ], [ 110.379539408778115, -7.061850765841539 ], [ 110.380482341617451, -7.05903890193016 ], [ 110.381064579414655, -7.058316605267088 ], [ 110.381829858464485, -7.057991599565985 ], [ 110.385299526198978, -7.057494458422108 ], [ 110.385190728438445, -7.056713899393545 ], [ 110.38538625891519, -7.056035595772262 ], [ 110.385826736465916, -7.055483676983388 ], [ 110.386616859067004, -7.055096599741798 ], [ 110.38749633158362, -7.055127321077301 ], [ 110.390113143334673, -7.056157741051568 ], [ 110.388828031351636, -7.053635558616504 ], [ 110.387999517070483, -7.052760483629377 ], [ 110.387867483179008, -7.050499875720669 ], [ 110.380148416087209, -7.048637023940333 ], [ 110.379298077932901, -7.048019404842984 ], [ 110.378934513047426, -7.04703390826928 ], [ 110.379031541820268, -7.046334726329935 ], [ 110.379389007801819, -7.045725861637947 ], [ 110.379952489557368, -7.045300007775827 ], [ 110.380636202512619, -7.045121996612682 ], [ 110.388165755059575, -7.046850257286354 ], [ 110.38870785892918, -7.045377070831317 ], [ 110.38776702996087, -7.040841651622761 ], [ 110.382590695503964, -7.040516445678568 ], [ 110.38174546232392, -7.03989189073243 ], [ 110.381389992968195, -7.038903452319559 ], [ 110.381492747350592, -7.038205086985628 ], [ 110.381855185542321, -7.037599166409817 ], [ 110.382940314936405, -7.037022172884909 ], [ 110.383396283998806, -7.036136449207686 ], [ 110.384308406845079, -7.035614214690261 ], [ 110.385188211315764, -7.035631412203929 ], [ 110.38960634295853, -7.037299511040882 ], [ 110.389374998725984, -7.035116992223124 ], [ 110.387681128882079, -7.028607097516022 ], [ 110.384894356891166, -7.029892672256404 ], [ 110.387389862435597, -7.030571463536879 ], [ 110.388319687109941, -7.031360651925379 ], [ 110.388546365291447, -7.032029207834803 ], [ 110.388445236588126, -7.032902528112601 ], [ 110.388071754866871, -7.03350171633647 ], [ 110.387331879486482, -7.033977642842277 ], [ 110.386454806462453, -7.034048923046798 ], [ 110.378733944314988, -7.031985679052401 ] ], [ [ 110.377752822358445, -7.084826432864155 ], [ 110.378710028083773, -7.085260947403635 ], [ 110.379299969374571, -7.086319509765315 ], [ 110.380175908806265, -7.086558887727314 ], [ 110.380809391659227, -7.087169162210476 ], [ 110.381069102079707, -7.088360155289363 ], [ 110.380370529061807, -7.090536620712419 ], [ 110.386728072688186, -7.101364090274605 ], [ 110.387280278370568, -7.101701713493991 ], [ 110.387485623437669, -7.10118408517114 ], [ 110.387425676537688, -7.094091378158168 ], [ 110.386889005346504, -7.089386648099355 ], [ 110.385539203682114, -7.085448400912983 ], [ 110.385435194753185, -7.084446088001978 ], [ 110.380543849946079, -7.083844922564815 ], [ 110.376592719444375, -7.081400235723763 ], [ 110.37675268022376, -7.084693782045683 ], [ 110.377752822358445, -7.084826432864155 ] ], [ [ 110.330229116495403, -6.983265600296573 ], [ 110.331114659651973, -6.983623824205616 ], [ 110.331590118363678, -6.982363530667038 ], [ 110.332839639268158, -6.981521810282062 ], [ 110.3322428899004, -6.980802385264295 ], [ 110.330939423093881, -6.981633438844041 ], [ 110.330328391924851, -6.982653952531987 ], [ 110.330229116495403, -6.983265600296573 ] ], [ [ 110.329514469866893, -6.990279560190736 ], [ 110.330457271264024, -6.989838027404947 ], [ 110.330071881642667, -6.989134752654791 ], [ 110.330088668145493, -6.987821980200152 ], [ 110.329924262308296, -6.987728841985308 ], [ 110.329514469866893, -6.990279560190736 ] ], [ [ 110.329117945763272, -6.992466974588378 ], [ 110.32898447416656, -6.992138364009219 ], [ 110.328923447498155, -6.991830561844981 ], [ 110.328769921458843, -6.992044369260843 ], [ 110.329117945763272, -6.992466974588378 ] ], [ [ 110.330053262734012, -6.996785632595145 ], [ 110.326235235446774, -6.995212822080846 ], [ 110.322120326448996, -7.000481718919856 ], [ 110.322871330886272, -7.000311239486429 ], [ 110.323565098404217, -7.000444511997707 ], [ 110.32415501160564, -7.000832902764378 ], [ 110.324551261907587, -7.001417283377411 ], [ 110.324685941293723, -7.002286059504576 ], [ 110.324394823103546, -7.003115683822262 ], [ 110.323898476002483, -7.003617990068165 ], [ 110.322317465706718, -7.004485275620684 ], [ 110.324000461528442, -7.00538821808664 ], [ 110.324957914328635, -7.006424359231345 ], [ 110.326098443789533, -7.003016357288685 ], [ 110.325687066116458, -7.002108151858044 ], [ 110.32584480310436, -7.001069753689523 ], [ 110.326553358394577, -7.000293914248395 ], [ 110.327559302827893, -7.000042087878106 ], [ 110.330053262734012, -6.996785632595145 ] ], [ [ 110.345685907861906, -7.000140356570221 ], [ 110.344833353890394, -7.000161853829892 ], [ 110.343392202637716, -7.003200429521537 ], [ 110.343411452926816, -7.004030568597882 ], [ 110.343030022378599, -7.004822811899746 ], [ 110.341979504002495, -7.005442571403742 ], [ 110.340806660208571, -7.005271522802656 ], [ 110.340282738612856, -7.007553776322666 ], [ 110.339525172014078, -7.008802095025154 ], [ 110.340058205726791, -7.012816909575164 ], [ 110.341200077388592, -7.012674647861986 ], [ 110.342221043170866, -7.013281469508859 ], [ 110.3431563739951, -7.007502526961542 ], [ 110.345593035702251, -7.004182080392586 ], [ 110.346773235072362, -7.001886132818888 ], [ 110.345685907861906, -7.000140356570221 ] ], [ [ 110.34863221672623, -7.006154073407376 ], [ 110.347237522697839, -7.008075532803828 ], [ 110.349021477917816, -7.009883385092937 ], [ 110.352039690926063, -7.006077144882156 ], [ 110.353237065610912, -7.005843536134811 ], [ 110.354310980658653, -7.006421892077795 ], [ 110.354757105779669, -7.007372914056556 ], [ 110.35459922074935, -7.008411295932863 ], [ 110.351816432148112, -7.012190881690572 ], [ 110.353448696730965, -7.013255199781959 ], [ 110.354788868747946, -7.013644258462652 ], [ 110.363169579563518, -7.007404205007515 ], [ 110.363544170127966, -7.006301738309024 ], [ 110.364520090356265, -7.005657756353215 ], [ 110.362280664903551, -7.001825451297469 ], [ 110.361241831639845, -7.001984607704864 ], [ 110.360390718637149, -7.001761552127953 ], [ 110.359745344562342, -7.001163970132185 ], [ 110.359461570816947, -7.0003581542681 ], [ 110.35844442878961, -6.999659347215885 ], [ 110.358219462838619, -7.000403428138319 ], [ 110.357716584665653, -7.000972027875525 ], [ 110.357852085334429, -7.001672725921131 ], [ 110.357692696231837, -7.002847379153607 ], [ 110.356860437017005, -7.004396599132967 ], [ 110.356355878515771, -7.004890678929454 ], [ 110.355169530501101, -7.005174945984828 ], [ 110.354495563056176, -7.004963259112569 ], [ 110.35389340267065, -7.004426648323361 ], [ 110.352738450912923, -7.004458393866562 ], [ 110.351867188828436, -7.003899714680588 ], [ 110.350674510866725, -7.004166002538647 ], [ 110.349766935973051, -7.003981877593874 ], [ 110.34863221672623, -7.006154073407376 ] ], [ [ 110.34810314190247, -7.014081576756687 ], [ 110.346071627220056, -7.012047563673126 ], [ 110.345195121002178, -7.017811316575283 ], [ 110.353532528541521, -7.019207686849904 ], [ 110.354184126706514, -7.018084604470165 ], [ 110.34810314190247, -7.014081576756687 ] ], [ [ 110.34662197861708, -7.023102053691665 ], [ 110.347172858296005, -7.022584920923967 ], [ 110.348421517384381, -7.022020337021433 ], [ 110.343184721974055, -7.021143226918621 ], [ 110.342881420332304, -7.021373199185122 ], [ 110.34662197861708, -7.023102053691665 ] ], [ [ 110.346912193431862, -7.033725677471129 ], [ 110.345941934224484, -7.033934723066041 ], [ 110.344578873045108, -7.033601411930028 ], [ 110.343930172987001, -7.034206915219193 ], [ 110.347237910902791, -7.035832852774917 ], [ 110.350520920991087, -7.036507857314859 ], [ 110.352694761830321, -7.033323278414882 ], [ 110.353244133832291, -7.032879428800602 ], [ 110.354045385729833, -7.032674225326253 ], [ 110.352837922641768, -7.031652123596981 ], [ 110.350118980727771, -7.031914746272328 ], [ 110.346912193431862, -7.033725677471129 ] ], [ [ 110.347643699628009, -7.039898508853955 ], [ 110.348031133862918, -7.041054337203273 ], [ 110.347533971935249, -7.042259691060051 ], [ 110.351223407117743, -7.04401621230159 ], [ 110.352234256142651, -7.040661162132808 ], [ 110.347249795219241, -7.039529272156932 ], [ 110.347643699628009, -7.039898508853955 ] ], [ [ 110.339124427821332, -7.04340875764036 ], [ 110.339703607308962, -7.044390921385107 ], [ 110.339672311043955, -7.045269501684035 ], [ 110.33923015045265, -7.046029601201444 ], [ 110.338341936826055, -7.04652866155336 ], [ 110.33864835614915, -7.049223856155495 ], [ 110.340160688925152, -7.048616695882051 ], [ 110.341040032694039, -7.048650378997728 ], [ 110.341920403419905, -7.049224454009388 ], [ 110.342333158042322, -7.050190412626375 ], [ 110.342213416045325, -7.051061372502998 ], [ 110.341827223593057, -7.051652465379648 ], [ 110.339961312160526, -7.052597939294728 ], [ 110.34115935839867, -7.052379885275772 ], [ 110.342137199732903, -7.052765640823559 ], [ 110.34600524301247, -7.057264125380238 ], [ 110.346957424126401, -7.057930591173842 ], [ 110.353092897022051, -7.05657167333986 ], [ 110.355380409339205, -7.053981755229387 ], [ 110.355863599979529, -7.053074514933226 ], [ 110.351251421435265, -7.048037532768712 ], [ 110.344070921918643, -7.044609269748954 ], [ 110.343450512009809, -7.043985801485114 ], [ 110.343197769806523, -7.043066984042631 ], [ 110.339124427821332, -7.04340875764036 ] ], [ [ 110.353593336244373, -7.060162074447731 ], [ 110.349516417926097, -7.060987802572599 ], [ 110.348321743206427, -7.068873242254574 ], [ 110.349530882264517, -7.069460220456236 ], [ 110.351398237252269, -7.068296849901747 ], [ 110.353593336244373, -7.060162074447731 ] ], [ [ 110.344033017719624, -7.073000382315182 ], [ 110.343150865696572, -7.073842494509959 ], [ 110.341934173817378, -7.073934394933583 ], [ 110.336255142750218, -7.071156758236934 ], [ 110.336222485351769, -7.072297495166127 ], [ 110.338132495638334, -7.072435478075157 ], [ 110.339094800781297, -7.073201059364796 ], [ 110.339340644543896, -7.073862820336575 ], [ 110.339337211770697, -7.074885885098704 ], [ 110.342139487709986, -7.081151440280418 ], [ 110.350691235696516, -7.080904925447287 ], [ 110.352901479143199, -7.07497205582523 ], [ 110.351325620113684, -7.074636658182681 ], [ 110.346225086698453, -7.071878137834248 ], [ 110.344173014729151, -7.072611643317487 ], [ 110.344033017719624, -7.073000382315182 ] ], [ [ 110.308359729447048, -6.977864732779789 ], [ 110.308020513299297, -6.978581896774407 ], [ 110.308858091506721, -6.979453411559516 ], [ 110.308994013831906, -6.980494880877773 ], [ 110.30770950695117, -6.98281344411074 ], [ 110.309885169793247, -6.997317053922457 ], [ 110.315463803380837, -6.998288802616962 ], [ 110.314868125628095, -6.988916193351772 ], [ 110.314984628333278, -6.986423204630432 ], [ 110.315220082998863, -6.985757700836501 ], [ 110.315692503523991, -6.985232884509235 ], [ 110.316329968156168, -6.98492865360295 ], [ 110.317035429496798, -6.984891324146145 ], [ 110.317701488611661, -6.985126579262063 ], [ 110.318479004401254, -6.986065846771029 ], [ 110.318540025009312, -6.987763219622315 ], [ 110.325029882670037, -6.990975716008946 ], [ 110.325651539122958, -6.990180459483854 ], [ 110.323868327408618, -6.984314171926496 ], [ 110.322926329423893, -6.984795882432931 ], [ 110.320858192677719, -6.985011544358034 ], [ 110.319934691922455, -6.984509876371676 ], [ 110.319481475580247, -6.983726935327854 ], [ 110.318678026611806, -6.983435600091783 ], [ 110.318305820738587, -6.984167076780945 ], [ 110.31776761269721, -6.984624302423014 ], [ 110.317095254565075, -6.984840930569675 ], [ 110.316222796801824, -6.984727090496702 ], [ 110.315398755702546, -6.98407502542999 ], [ 110.314714377331384, -6.982624856826689 ], [ 110.314652538053878, -6.981747896532072 ], [ 110.314991783194415, -6.980506244117347 ], [ 110.31460041822541, -6.980423430378533 ], [ 110.314336521701208, -6.981092888582577 ], [ 110.313099150446362, -6.982662351137768 ], [ 110.312289197558385, -6.983005770795438 ], [ 110.311248127168398, -6.982860621890523 ], [ 110.310677099244984, -6.982445041735238 ], [ 110.3102556656102, -6.981673314812325 ], [ 110.310248084540106, -6.980794213904765 ], [ 110.31067682903128, -6.979972174043866 ], [ 110.309937054423955, -6.97859647989507 ], [ 110.309591216458756, -6.976888394221688 ], [ 110.30889051461368, -6.976753819471043 ], [ 110.308217840111141, -6.976272401738338 ], [ 110.308359729447048, -6.977864732779789 ] ], [ [ 110.306920255726752, -7.009230999333484 ], [ 110.313309546825153, -7.008497441530832 ], [ 110.313945447973936, -7.006104474631663 ], [ 110.307715382101463, -7.005739747772202 ], [ 110.306920255726752, -7.009230999333484 ] ], [ [ 110.310279920466911, -7.017871140323313 ], [ 110.312048986051792, -7.017482350926967 ], [ 110.312567991618579, -7.01222452237602 ], [ 110.308297894160035, -7.012714770300594 ], [ 110.307914450752151, -7.014925657082546 ], [ 110.310279920466911, -7.017871140323313 ] ], [ [ 110.307522872719829, -7.020501422180616 ], [ 110.307434188765143, -7.020777551002998 ], [ 110.307476110034415, -7.020779986943857 ], [ 110.307522872719829, -7.020501422180616 ] ], [ [ 110.307311356089627, -7.027817120486453 ], [ 110.303977595459401, -7.026949059165652 ], [ 110.299602567185502, -7.030410446868363 ], [ 110.299833225310081, -7.031597438554008 ], [ 110.29943808009493, -7.033852423750659 ], [ 110.30013764651612, -7.033881001562655 ], [ 110.300779196650922, -7.034176673459926 ], [ 110.301258657778519, -7.034695118528066 ], [ 110.301509389159264, -7.035416087001654 ], [ 110.303168245460157, -7.035598068247936 ], [ 110.30517013892495, -7.03533743457084 ], [ 110.305966201320032, -7.035712064706672 ], [ 110.306593732086256, -7.036448285524993 ], [ 110.311522467554241, -7.035999709638161 ], [ 110.311861540309735, -7.03530884978771 ], [ 110.31167626825146, -7.034803953235911 ], [ 110.307311356089627, -7.027817120486453 ] ], [ [ 110.307145970655426, -7.040031125881045 ], [ 110.313816936118798, -7.045326129802788 ], [ 110.314164011650718, -7.044653128072115 ], [ 110.314869928972385, -7.044128237013417 ], [ 110.315740161600218, -7.043997770363978 ], [ 110.316416623719704, -7.044201526684282 ], [ 110.317069644994888, -7.044790810976887 ], [ 110.317341133010572, -7.045442482487494 ], [ 110.316970544473435, -7.047410468193714 ], [ 110.31829773487091, -7.048094615290291 ], [ 110.319440841826847, -7.048051246827736 ], [ 110.317463111660288, -7.043101838617821 ], [ 110.316175229953913, -7.042925085425585 ], [ 110.315369152259379, -7.042010088015574 ], [ 110.315009357606655, -7.037956360509368 ], [ 110.314787753979942, -7.037564888918155 ], [ 110.31409156148726, -7.038866921392104 ], [ 110.313286193467007, -7.039420794866417 ], [ 110.307145970655426, -7.040031125881045 ] ], [ [ 110.334228477250321, -7.049719772015086 ], [ 110.334998702306919, -7.049182384534141 ], [ 110.334455358902673, -7.043816565913924 ], [ 110.331789709705205, -7.042915618891514 ], [ 110.330788303153625, -7.043962283196097 ], [ 110.331393661627686, -7.044555029571147 ], [ 110.331653455375573, -7.045283841123616 ], [ 110.331564568062831, -7.046929346151845 ], [ 110.33125982192783, -7.047668550721466 ], [ 110.330748158858611, -7.048155325875728 ], [ 110.330088981713644, -7.048409431173227 ], [ 110.327614950880758, -7.048383777012042 ], [ 110.327587758279506, -7.049159076295843 ], [ 110.328027528202895, -7.049971647026013 ], [ 110.32921189676226, -7.050716140590463 ], [ 110.332425002225733, -7.051638719521296 ], [ 110.332613012978953, -7.051646210167365 ], [ 110.334228477250321, -7.049719772015086 ] ], [ [ 110.332046805422465, -7.055943862054888 ], [ 110.330325963292907, -7.057482278946225 ], [ 110.331071358870588, -7.063447969157016 ], [ 110.332571913866616, -7.063351216455348 ], [ 110.332937972641801, -7.061000187907736 ], [ 110.332046805422465, -7.055943862054888 ] ], [ [ 110.327729931638146, -7.068135464932066 ], [ 110.327677064305448, -7.065493498068971 ], [ 110.326944184824541, -7.059627638689903 ], [ 110.321964196930523, -7.069346568353568 ], [ 110.324705743998294, -7.069490598906256 ], [ 110.327729931638146, -7.068135464932066 ] ], [ [ 110.330209352712103, -7.070989878118404 ], [ 110.325463243617861, -7.073080894726682 ], [ 110.312109522738325, -7.076225737797272 ], [ 110.317316902578966, -7.075285299793879 ], [ 110.326869420330794, -7.078163030071298 ], [ 110.332551485788898, -7.073962696536307 ], [ 110.332658699909189, -7.0702186970657 ], [ 110.330209352712103, -7.070989878118404 ] ], [ [ 110.327002117587469, -7.084041870397328 ], [ 110.328285878450856, -7.084351774192648 ], [ 110.328138169077874, -7.083511250974913 ], [ 110.328321186806505, -7.082829477636292 ], [ 110.328890674971774, -7.082159227673785 ], [ 110.329534347483914, -7.081868040378377 ], [ 110.330414277738953, -7.081882596346814 ], [ 110.332268656284313, -7.082570905781507 ], [ 110.333330958666323, -7.082463186771105 ], [ 110.333456172480084, -7.079955531221331 ], [ 110.332975051327566, -7.079842429017923 ], [ 110.332592119154484, -7.080626438703033 ], [ 110.331879736424114, -7.081142619419163 ], [ 110.328275569582345, -7.08180932763991 ], [ 110.327002117587469, -7.084041870397328 ] ], [ [ 110.329057349749746, -7.085853610025472 ], [ 110.328911301146377, -7.086544229359315 ], [ 110.328511801964552, -7.087126446513011 ], [ 110.325420029624794, -7.089611565848097 ], [ 110.32313494812459, -7.090897086987159 ], [ 110.322263922433834, -7.091174951250226 ], [ 110.323637645264185, -7.091993362684012 ], [ 110.324566322351856, -7.09160566279439 ], [ 110.330132603956699, -7.090898895197286 ], [ 110.330565294609698, -7.085796294056466 ], [ 110.328903600326186, -7.085107197770149 ], [ 110.329057349749746, -7.085853610025472 ] ], [ [ 110.310384289572823, -7.093785710126784 ], [ 110.311178643290731, -7.094164153400897 ], [ 110.311654367003584, -7.094773465943307 ], [ 110.311792959285498, -7.09220044544453 ], [ 110.312452454211211, -7.09036099026613 ], [ 110.310503102166365, -7.087968458001129 ], [ 110.310215454361227, -7.088451572409271 ], [ 110.309518830194506, -7.093822629377274 ], [ 110.310384289572823, -7.093785710126784 ] ], [ [ 110.311569616423611, -7.096499538052098 ], [ 110.310244791932391, -7.097891108339689 ], [ 110.310240067790502, -7.0985507699845 ], [ 110.311484929043715, -7.09822429734816 ], [ 110.311569616423611, -7.096499538052098 ] ], [ [ 110.308357153903941, -7.054811970580918 ], [ 110.306684019323512, -7.054130141537295 ], [ 110.306775683874619, -7.055388959884402 ], [ 110.308357153903941, -7.054811970580918 ] ], [ [ 110.310529389051283, -7.059187514970755 ], [ 110.311360116841939, -7.058019957452157 ], [ 110.311148774260133, -7.057628783174764 ], [ 110.309334214232649, -7.058310378567102 ], [ 110.310529389051283, -7.059187514970755 ] ], [ [ 110.285653524892183, -7.031733242105584 ], [ 110.285932066878914, -7.030899321591779 ], [ 110.286730154951755, -7.030215707882988 ], [ 110.287597594675645, -7.030068020811909 ], [ 110.288577266891934, -7.030448959952754 ], [ 110.289116548042031, -7.031143641604077 ], [ 110.291285525348115, -7.036072139662965 ], [ 110.292359895001638, -7.035220683936374 ], [ 110.293683872253879, -7.035347961197024 ], [ 110.293702395188618, -7.031196393719173 ], [ 110.29469975461717, -7.029222762393818 ], [ 110.291742529726292, -7.028918978764849 ], [ 110.287016136714257, -7.02740606327299 ], [ 110.281405846392857, -7.029916959809203 ], [ 110.283913975358402, -7.033430324460395 ], [ 110.284257955926961, -7.034239289294777 ], [ 110.287502116338928, -7.036464553825204 ], [ 110.285801346914056, -7.032599875749074 ], [ 110.285653524892183, -7.031733242105584 ] ], [ [ 110.307059435812107, -7.049456316947829 ], [ 110.3069072387311, -7.049194322185278 ], [ 110.306739048212307, -7.049137493988493 ], [ 110.307059435812107, -7.049456316947829 ] ], [ [ 110.302047934198058, -7.061724180282827 ], [ 110.301575379693304, -7.061835857761498 ], [ 110.301111282744898, -7.061944980137736 ], [ 110.301269208165124, -7.062083877176635 ], [ 110.302047934198058, -7.061724180282827 ] ], [ [ 110.300908272964165, -7.057677421622009 ], [ 110.300811543370997, -7.057549393917408 ], [ 110.300727770432047, -7.057535249219719 ], [ 110.300908272964165, -7.057677421622009 ] ], [ [ 110.300139969617462, -7.048084685744869 ], [ 110.299427723363195, -7.047996492492266 ], [ 110.299453185569206, -7.049197957748446 ], [ 110.300490743895352, -7.049036177877091 ], [ 110.300139969617462, -7.048084685744869 ] ], [ [ 110.295387154528768, -7.042768999351943 ], [ 110.295080460961813, -7.040276884749415 ], [ 110.294404781394178, -7.040289728760599 ], [ 110.294599372435826, -7.041383083265242 ], [ 110.295387154528768, -7.042768999351943 ] ], [ [ 110.29596698549156, -7.014282360326105 ], [ 110.295175423485858, -7.018832758378537 ], [ 110.295543175447492, -7.020853718286296 ], [ 110.296184098905655, -7.020316849986068 ], [ 110.301728995330592, -7.017501540452829 ], [ 110.304275944337135, -7.017585985074361 ], [ 110.304192070100513, -7.015727001020482 ], [ 110.303579358761255, -7.01368930740301 ], [ 110.302799669132696, -7.014038143561339 ], [ 110.30192154599149, -7.013982023061133 ], [ 110.301173590543002, -7.01351895385092 ], [ 110.300734351536605, -7.012763895029594 ], [ 110.29585862217975, -7.012793377183552 ], [ 110.29596698549156, -7.014282360326105 ] ], [ [ 110.294721523828386, -7.02558973289062 ], [ 110.294518125537266, -7.024329804513082 ], [ 110.291690793715588, -7.023556921318246 ], [ 110.293121903390258, -7.025434476831927 ], [ 110.294721523828386, -7.02558973289062 ] ], [ [ 110.298274529912277, -7.024875932148099 ], [ 110.2985565573223, -7.026622828772008 ], [ 110.300489088518319, -7.025093873507427 ], [ 110.298274529912277, -7.024875932148099 ] ], [ [ 110.292979395962305, -7.004872147352833 ], [ 110.289693792239504, -7.005049955771793 ], [ 110.291762417645245, -7.006724951601557 ], [ 110.292235010981912, -7.006718366697362 ], [ 110.292979395962305, -7.004872147352833 ] ], [ [ 110.296776569965601, -7.005137258701081 ], [ 110.296490538781171, -7.005846689744901 ], [ 110.297123755284829, -7.005245781205239 ], [ 110.296776569965601, -7.005137258701081 ] ], [ [ 110.30194728838967, -7.005651123823831 ], [ 110.299562675454453, -7.007921340041178 ], [ 110.301069566749533, -7.008877721060621 ], [ 110.301454775738421, -7.008133286568624 ], [ 110.30201218746447, -7.007699607472054 ], [ 110.3028709163668, -7.007507893775109 ], [ 110.303563076718078, -7.007664790532347 ], [ 110.304256757378425, -7.004619057472553 ], [ 110.303222600975616, -7.003586307476539 ], [ 110.30194728838967, -7.005651123823831 ] ], [ [ 110.299781993128647, -7.002285637097528 ], [ 110.300377885308805, -7.001289186137154 ], [ 110.298357578099115, -7.001419605490641 ], [ 110.298194621301235, -7.001789464853717 ], [ 110.299781993128647, -7.002285637097528 ] ], [ [ 110.305921814217982, -7.001166310670672 ], [ 110.305846052491745, -7.000382891726439 ], [ 110.30497720988059, -7.000222992187234 ], [ 110.305921814217982, -7.001166310670672 ] ], [ [ 110.295013367006462, -6.970561336054624 ], [ 110.294582061143771, -6.969812865016837 ], [ 110.294438656270586, -6.97030805683776 ], [ 110.295013367006462, -6.970561336054624 ] ], [ [ 110.299844779772613, -6.971130281788232 ], [ 110.299295324421692, -6.971008603334079 ], [ 110.29889522912282, -6.971727907981106 ], [ 110.299233880861124, -6.971749628481004 ], [ 110.299844779772613, -6.971130281788232 ] ], [ [ 110.304454077488927, -6.968331874810182 ], [ 110.308401479950021, -6.960709125835935 ], [ 110.305327812484265, -6.960626607549337 ], [ 110.302379198392131, -6.967933015548101 ], [ 110.304454077488927, -6.968331874810182 ] ], [ [ 110.3154814042542, -7.097802229603295 ], [ 110.315109574019587, -7.098259493634816 ], [ 110.315048284872191, -7.099507903292389 ], [ 110.315747386935541, -7.103115995178392 ], [ 110.315793009805887, -7.09232660153136 ], [ 110.315611360583645, -7.092245159749413 ], [ 110.315414828500067, -7.092764061429711 ], [ 110.315716035379651, -7.096954918200076 ], [ 110.3154814042542, -7.097802229603295 ] ], [ [ 110.316875412286407, -7.060157757433482 ], [ 110.316160420035104, -7.059297263145525 ], [ 110.315757603667876, -7.05780776722358 ], [ 110.314915709980411, -7.059180851113553 ], [ 110.316875412286407, -7.060157757433482 ] ], [ [ 110.325079489640572, -7.055140991952695 ], [ 110.321242608153639, -7.053330906863017 ], [ 110.32135728072582, -7.054152233955574 ], [ 110.321154409429411, -7.054828373181742 ], [ 110.320565591370624, -7.055481710512995 ], [ 110.319905577882679, -7.055755212336852 ], [ 110.31940369121368, -7.056672945589807 ], [ 110.320583389951381, -7.057186395809888 ], [ 110.321200161147004, -7.057813468145048 ], [ 110.321449682565301, -7.0587324929549 ], [ 110.321183821225006, -7.05967348448603 ], [ 110.32064268975418, -7.060235500775501 ], [ 110.319888798913539, -7.060521599418787 ], [ 110.317211119578275, -7.060325105422496 ], [ 110.321404299619573, -7.062415350119594 ], [ 110.325079489640572, -7.055140991952695 ] ], [ [ 110.311789897876622, -7.083261823789693 ], [ 110.312374820794375, -7.084258512029705 ], [ 110.314905850942651, -7.084480773463956 ], [ 110.315125274012971, -7.084242916077755 ], [ 110.315420351986248, -7.080257342242877 ], [ 110.310954985559647, -7.080900327841098 ], [ 110.311789897876622, -7.083261823789693 ] ], [ [ 110.319108498551827, -7.079495819377175 ], [ 110.318836702268513, -7.083167345221466 ], [ 110.323317364480218, -7.083193545674104 ], [ 110.324457959126903, -7.081193954396742 ], [ 110.319108498551827, -7.079495819377175 ] ], [ [ 110.318100877534278, -7.088200294217127 ], [ 110.317982139012287, -7.087751366010036 ], [ 110.317391659291744, -7.088242045973232 ], [ 110.317398478185808, -7.088997484244788 ], [ 110.318100877534278, -7.088200294217127 ] ], [ [ 110.315750669552102, -7.071651133915003 ], [ 110.312839328442351, -7.070657595829897 ], [ 110.312424629329897, -7.072434287617591 ], [ 110.315750669552102, -7.071651133915003 ] ], [ [ 110.316796412112168, -7.064322636062153 ], [ 110.317401349504038, -7.06496111733616 ], [ 110.317621022637084, -7.065631997154904 ], [ 110.317510741999129, -7.066504198549948 ], [ 110.317005754751705, -7.067217845848336 ], [ 110.318750259605196, -7.067677139411654 ], [ 110.319762079441844, -7.065640273503148 ], [ 110.313346914069527, -7.062442365565035 ], [ 110.31330635107652, -7.063567285070457 ], [ 110.316796412112168, -7.064322636062153 ] ], [ [ 110.331587138918579, -7.010509320058485 ], [ 110.33312957862799, -7.010083740394072 ], [ 110.334177631226027, -7.010669348641117 ], [ 110.334615050297316, -7.010257529491914 ], [ 110.334804844695043, -7.008945707324769 ], [ 110.335268879562008, -7.008413451239486 ], [ 110.335892640457303, -7.00810199442287 ], [ 110.336250486449487, -7.007185380699441 ], [ 110.335631416119838, -7.006577747444893 ], [ 110.334898382575432, -7.004993476267821 ], [ 110.334843462360666, -7.003775796220344 ], [ 110.335400607068209, -7.002758989291076 ], [ 110.336441032377834, -7.002202659450424 ], [ 110.337310680400051, -7.001325300547028 ], [ 110.336824058914587, -7.000380145730079 ], [ 110.336001367529505, -7.000703769461404 ], [ 110.335127511284824, -7.000600916045132 ], [ 110.333523792799539, -6.999555383246316 ], [ 110.333018570013436, -6.998867605700628 ], [ 110.329975426220017, -7.002841172607482 ], [ 110.328014070255108, -7.008702002309713 ], [ 110.331587138918579, -7.010509320058485 ] ], [ [ 110.329365486128282, -7.013440967175554 ], [ 110.324116429956291, -7.010606378589022 ], [ 110.324223107313244, -7.012327607701994 ], [ 110.323917546160104, -7.012964036232288 ], [ 110.323234308036575, -7.013518018800649 ], [ 110.322370366086801, -7.013684797583847 ], [ 110.321685997118152, -7.013509532862655 ], [ 110.321008883553105, -7.0129480948495 ], [ 110.320650555165571, -7.011951589718217 ], [ 110.319856400055642, -7.011936646289536 ], [ 110.319343885502235, -7.012600973617613 ], [ 110.315838280328606, -7.015110055937918 ], [ 110.315535154638326, -7.019307662782936 ], [ 110.319479554112036, -7.018501517177814 ], [ 110.326940083103651, -7.017960786216773 ], [ 110.329365486128282, -7.013440967175554 ] ], [ [ 110.327892272399069, -7.023976682044899 ], [ 110.327258557320221, -7.023664619397174 ], [ 110.326792612638087, -7.023134020454511 ], [ 110.326449495057716, -7.021587688001138 ], [ 110.326105676414372, -7.021593472071704 ], [ 110.323689308005285, -7.023251028972697 ], [ 110.327174480466198, -7.027511329503599 ], [ 110.333059952395317, -7.026885225247741 ], [ 110.333499422074638, -7.024609401215938 ], [ 110.33231559732063, -7.024908501543397 ], [ 110.331633475821675, -7.024724633066858 ], [ 110.330977003694414, -7.024171796482882 ], [ 110.329968584698562, -7.024452533556911 ], [ 110.328794586265317, -7.0239844598101 ], [ 110.327892272399069, -7.023976682044899 ] ], [ [ 110.331293267701142, -7.033925237792518 ], [ 110.332147669628128, -7.03062087249369 ], [ 110.328105090261275, -7.031050921071419 ], [ 110.327888228999896, -7.03586333951924 ], [ 110.330369196052402, -7.035939221004754 ], [ 110.331293267701142, -7.033925237792518 ] ], [ [ 110.317556455080947, -7.033151375126162 ], [ 110.316805346247236, -7.033268896527528 ], [ 110.317521634367864, -7.035044568454577 ], [ 110.317540418157549, -7.034197919412288 ], [ 110.317556455080947, -7.033151375126162 ] ], [ [ 110.324435141424502, -7.031723641155047 ], [ 110.321585240181292, -7.032383101610615 ], [ 110.324386727114373, -7.032507419757481 ], [ 110.324435141424502, -7.031723641155047 ] ], [ [ 110.321387143272617, -7.035996007081945 ], [ 110.320570434813348, -7.037549340100261 ], [ 110.31944825807048, -7.038456553380927 ], [ 110.322360705570844, -7.045599561773863 ], [ 110.324093417373206, -7.044085643193853 ], [ 110.324265405343908, -7.036123734293143 ], [ 110.321387143272617, -7.035996007081945 ] ], [ [ 110.314041708889718, -7.025236253476702 ], [ 110.315137332079871, -7.028231972931368 ], [ 110.317742470331908, -7.023112004965811 ], [ 110.317766014141384, -7.022541398937298 ], [ 110.312972133739891, -7.023531972524976 ], [ 110.314041708889718, -7.025236253476702 ] ], [ [ 110.321261005686665, -7.028252779595438 ], [ 110.321252115232795, -7.028746278798692 ], [ 110.323149042728218, -7.02830733286654 ], [ 110.322232320834829, -7.027186215893793 ], [ 110.321261005686665, -7.028252779595438 ] ], [ [ 110.319755138757074, -6.977447452135383 ], [ 110.319682545289481, -6.977779980771124 ], [ 110.321255057538082, -6.977631262513103 ], [ 110.319755138757074, -6.977447452135383 ] ], [ [ 110.322698805525164, -6.99385965313441 ], [ 110.318683850547387, -6.991872239872293 ], [ 110.319103472402816, -6.998463217879014 ], [ 110.322698805525164, -6.99385965313441 ] ], [ [ 110.315957995776927, -6.977012319048185 ], [ 110.315674834240724, -6.97642316117264 ], [ 110.314818530025832, -6.975887114350818 ], [ 110.314385529726295, -6.976679581502112 ], [ 110.315957995776927, -6.977012319048185 ] ], [ [ 110.336537996349676, -7.086073023951209 ], [ 110.336079346977058, -7.088197008764417 ], [ 110.337205301094571, -7.086140288920729 ], [ 110.336537996349676, -7.086073023951209 ] ], [ [ 110.34164923605816, -7.097440730110937 ], [ 110.342145376522467, -7.097536624337255 ], [ 110.341550019496779, -7.096781314294551 ], [ 110.34164923605816, -7.097440730110937 ] ], [ [ 110.338797598017791, -7.031189598273027 ], [ 110.338441610110465, -7.030435327105629 ], [ 110.338476331107472, -7.029556874945032 ], [ 110.338921435621884, -7.028798501098579 ], [ 110.339782437641816, -7.028310481526209 ], [ 110.337225737046055, -7.024412218227265 ], [ 110.335805119849368, -7.030966965966519 ], [ 110.337289896454962, -7.031623431154797 ], [ 110.338797598017791, -7.031189598273027 ] ], [ [ 110.33744030353904, -7.038469910183702 ], [ 110.336622809189208, -7.037941400716581 ], [ 110.333373540785672, -7.038273304765621 ], [ 110.333602321186831, -7.039708675236835 ], [ 110.33591422463094, -7.040490056694498 ], [ 110.33744030353904, -7.038469910183702 ] ], [ [ 110.338130793305524, -7.066410658203514 ], [ 110.338725169318352, -7.06727699432914 ], [ 110.3387377754689, -7.068326383553148 ], [ 110.341536082164197, -7.0697270921338 ], [ 110.344703206331872, -7.068579349859006 ], [ 110.345186935323468, -7.065386708250786 ], [ 110.344349609764436, -7.065504452118881 ], [ 110.343520826801807, -7.065208848492295 ], [ 110.342929394062367, -7.06455785619498 ], [ 110.342723823794785, -7.063882526817276 ], [ 110.342792598604149, -7.063180014455988 ], [ 110.343744569476442, -7.060856786358412 ], [ 110.343210611962832, -7.059566113104971 ], [ 110.340362784403069, -7.056214563790056 ], [ 110.338478819885808, -7.057152987193686 ], [ 110.338183971983355, -7.057968517228508 ], [ 110.339988863714353, -7.057894803268455 ], [ 110.340830105473643, -7.058152860571645 ], [ 110.341533487262893, -7.05893346592934 ], [ 110.341648956080732, -7.060146909852586 ], [ 110.341231487240037, -7.060920826594511 ], [ 110.340498125535674, -7.061406761683085 ], [ 110.337233740279544, -7.06163382906049 ], [ 110.336728278267344, -7.065983313927169 ], [ 110.338130793305524, -7.066410658203514 ] ], [ [ 110.337138307804423, -7.078839030638294 ], [ 110.336956598243631, -7.082478713456672 ], [ 110.338851570098058, -7.082669724348442 ], [ 110.337138307804423, -7.078839030638294 ] ], [ [ 110.340635329766585, -7.032584451312002 ], [ 110.340743669846887, -7.032470365477954 ], [ 110.340581464175713, -7.032401288656515 ], [ 110.340635329766585, -7.032584451312002 ] ], [ [ 110.342128385272375, -7.037353847143685 ], [ 110.340941434061804, -7.039613382644177 ], [ 110.34584187366012, -7.039232227861737 ], [ 110.342128385272375, -7.037353847143685 ] ], [ [ 110.333317189207136, -7.019018846683698 ], [ 110.332676923260308, -7.01835036590445 ], [ 110.332434828615774, -7.017747261131216 ], [ 110.332300487083458, -7.018820213632564 ], [ 110.333317189207136, -7.019018846683698 ] ], [ [ 110.361026852322425, -6.997042550246238 ], [ 110.361483354237237, -6.996269730623244 ], [ 110.361572956912539, -6.995732716743398 ], [ 110.360925285336933, -6.996972770958956 ], [ 110.361026852322425, -6.997042550246238 ] ], [ [ 110.349170221201518, -6.989477007652508 ], [ 110.34986261657825, -6.989260850878078 ], [ 110.349378411310894, -6.989137986786667 ], [ 110.349170221201518, -6.989477007652508 ] ], [ [ 110.34686443715124, -6.989951631492388 ], [ 110.346221359644687, -6.989351603449496 ], [ 110.345691293060639, -6.988111348570961 ], [ 110.34480928196389, -6.990922998816769 ], [ 110.344167607094207, -6.991524525818696 ], [ 110.343446260027093, -6.991744279050359 ], [ 110.343224059680978, -6.992216905134002 ], [ 110.344801689275585, -6.993042891132169 ], [ 110.345824438537846, -6.992251421000641 ], [ 110.345973562399763, -6.991437216090186 ], [ 110.34637850970536, -6.990858819644802 ], [ 110.347780570617218, -6.990175665514879 ], [ 110.34686443715124, -6.989951631492388 ] ], [ [ 110.338003202241495, -6.995368305739164 ], [ 110.338402055229651, -6.994311405240262 ], [ 110.331708090995463, -6.993549123264248 ], [ 110.335174099516635, -6.994860988914016 ], [ 110.338003202241495, -6.995368305739164 ] ], [ [ 110.338382372659083, -6.988471418398348 ], [ 110.338505611168799, -6.987799224200874 ], [ 110.337932233334215, -6.988075990037598 ], [ 110.338382372659083, -6.988471418398348 ] ], [ [ 110.357657567112028, -6.991038686399351 ], [ 110.357665563735225, -6.991090879747617 ], [ 110.357716796977044, -6.991146345176515 ], [ 110.357657567112028, -6.991038686399351 ] ], [ [ 110.367267807497257, -7.010857498138718 ], [ 110.365412539424625, -7.010246570915694 ], [ 110.362131115311144, -7.01268813761197 ], [ 110.367267807497257, -7.010857498138718 ] ], [ [ 110.35904251802846, -7.018754712698367 ], [ 110.357890860773026, -7.018810487140563 ], [ 110.357550860316792, -7.019460126449282 ], [ 110.359432728416678, -7.020318354914751 ], [ 110.364848038358119, -7.024754824815964 ], [ 110.365432118654482, -7.025628094697403 ], [ 110.365475326495201, -7.026506175815604 ], [ 110.364848132347319, -7.027551701318648 ], [ 110.363876900083369, -7.027953663706436 ], [ 110.362845825459928, -7.027748792020413 ], [ 110.361895285987117, -7.027014436639642 ], [ 110.361867341962267, -7.027919913630236 ], [ 110.361422003261197, -7.028678154362953 ], [ 110.360671484760474, -7.029137124948836 ], [ 110.359793028165029, -7.029188435203609 ], [ 110.358994089726224, -7.02881996789772 ], [ 110.358463345974812, -7.028118740268074 ], [ 110.356905153711523, -7.023182706648281 ], [ 110.355373619477177, -7.022641027156738 ], [ 110.352367809793947, -7.024135834231592 ], [ 110.353053000281662, -7.024695614521409 ], [ 110.353389994588497, -7.025507728856891 ], [ 110.353304016972501, -7.026382661864769 ], [ 110.352936158220501, -7.026993039199559 ], [ 110.356778923391531, -7.030257307855756 ], [ 110.357259891943585, -7.03119123464143 ], [ 110.357202938857967, -7.032068531347345 ], [ 110.356860154914301, -7.032685756476395 ], [ 110.35630704007248, -7.033124942334319 ], [ 110.355477025900839, -7.033324259877282 ], [ 110.355864670712819, -7.034140866556201 ], [ 110.355815159636492, -7.035018613536038 ], [ 110.354434791655805, -7.037189387477279 ], [ 110.359083892594683, -7.033688739997811 ], [ 110.359780429949765, -7.033570447207913 ], [ 110.360469258059084, -7.033727461452706 ], [ 110.361045510089284, -7.034135879078277 ], [ 110.361462665966883, -7.034859593249078 ], [ 110.362184322978976, -7.032948600245698 ], [ 110.362697750597917, -7.032463693989528 ], [ 110.363534274666549, -7.03219088784097 ], [ 110.364559185824589, -7.032424642497701 ], [ 110.365281381989533, -7.033187879421693 ], [ 110.36545743865274, -7.034223343074069 ], [ 110.364747060738452, -7.036456004560932 ], [ 110.365396021466026, -7.036399222384824 ], [ 110.370480002802935, -7.029094377469782 ], [ 110.36971899096153, -7.029256997364898 ], [ 110.368867286083272, -7.029036012372606 ], [ 110.368130386152473, -7.028286940543282 ], [ 110.367942384233515, -7.027179077724905 ], [ 110.366985313209511, -7.027242035797298 ], [ 110.366062320871137, -7.026739263144707 ], [ 110.365549851782689, -7.025633085106247 ], [ 110.365918333025022, -7.024042897367793 ], [ 110.366880939138838, -7.022495320290554 ], [ 110.367399893645768, -7.022016333887746 ], [ 110.368651320637838, -7.021776016826444 ], [ 110.369739084653204, -7.022404815447971 ], [ 110.370211675995705, -7.022200273646202 ], [ 110.370596742111701, -7.021472263339811 ], [ 110.371216929855464, -7.021011510263879 ], [ 110.372015133468977, -7.020851837824966 ], [ 110.372765733646062, -7.021029451556529 ], [ 110.373454729203942, -7.019520409041706 ], [ 110.372918416897122, -7.018415263264287 ], [ 110.372172114384199, -7.018313163771245 ], [ 110.371442603070236, -7.017821567941866 ], [ 110.370976443784258, -7.016600190268771 ], [ 110.369559364820631, -7.016368812235526 ], [ 110.35904251802846, -7.018754712698367 ] ], [ [ 110.3708871769864, -7.085027376061684 ], [ 110.372654159858158, -7.08533775937812 ], [ 110.373147394957329, -7.08512484082893 ], [ 110.37304643421021, -7.083045753858909 ], [ 110.372036899053057, -7.083680118958562 ], [ 110.3708871769864, -7.085027376061684 ] ], [ [ 110.364829857554938, -7.045492379925043 ], [ 110.366064918773489, -7.045635821508886 ], [ 110.367792469629535, -7.045508592848122 ], [ 110.364505894383157, -7.041900237750716 ], [ 110.362433439873087, -7.042637974124949 ], [ 110.361965593325465, -7.046013742598421 ], [ 110.364829857554938, -7.045492379925043 ] ], [ [ 110.361679236266895, -7.053921156178457 ], [ 110.362617121108599, -7.053641390478107 ], [ 110.363311997833165, -7.053769224707763 ], [ 110.363905013052843, -7.054152984365122 ], [ 110.36436469376936, -7.05489134930692 ], [ 110.369506040499502, -7.050860904759114 ], [ 110.368161094914768, -7.050701412610421 ], [ 110.364836186393205, -7.049169809494948 ], [ 110.361393654019238, -7.049698738660059 ], [ 110.360994941664487, -7.05200877150558 ], [ 110.361679236266895, -7.053921156178457 ] ], [ [ 110.365133369419098, -7.072981949377799 ], [ 110.366569858023425, -7.071038096000357 ], [ 110.362072760401475, -7.072532608309007 ], [ 110.365133369419098, -7.072981949377799 ] ], [ [ 110.362025185299103, -7.077702629145663 ], [ 110.362416942860861, -7.077737857254852 ], [ 110.363150100274041, -7.076347797675673 ], [ 110.361810017324643, -7.076151051666398 ], [ 110.362025185299103, -7.077702629145663 ] ], [ [ 110.357221813115231, -7.062612056246381 ], [ 110.356694049376628, -7.06257219086126 ], [ 110.354815713589545, -7.069533235746539 ], [ 110.357280509764379, -7.06970097121751 ], [ 110.357093849791852, -7.06610164116124 ], [ 110.357221813115231, -7.062612056246381 ] ], [ [ 110.364544650440422, -7.067404221080134 ], [ 110.364018786397551, -7.066972391654 ], [ 110.361370296615647, -7.063609747977138 ], [ 110.360725884367298, -7.066329851089867 ], [ 110.360876135057524, -7.069117468707097 ], [ 110.364571236500055, -7.06778637799618 ], [ 110.364544650440422, -7.067404221080134 ] ], [ [ 110.355480371285068, -7.083105568209209 ], [ 110.355437425598865, -7.082603340841957 ], [ 110.354945980307903, -7.082634620332551 ], [ 110.355115865244585, -7.082974989822963 ], [ 110.355480371285068, -7.083105568209209 ] ], [ [ 110.356624013311588, -7.092969572375066 ], [ 110.35805798936596, -7.094055916479963 ], [ 110.358220008282387, -7.092692751144017 ], [ 110.356624013311588, -7.092969572375066 ] ], [ [ 110.359481462642364, -7.084428306508958 ], [ 110.359035355481453, -7.081865991592592 ], [ 110.359222420717728, -7.084355880186822 ], [ 110.359481462642364, -7.084428306508958 ] ], [ [ 110.358439414540328, -7.078212549118565 ], [ 110.35808557686866, -7.075660876127412 ], [ 110.356562781415505, -7.075500146275927 ], [ 110.355295380057299, -7.078986898888483 ], [ 110.356692796334798, -7.078897952050005 ], [ 110.358439414540328, -7.078212549118565 ] ], [ [ 110.358468652252384, -7.056229484820184 ], [ 110.358755261737585, -7.056498387089067 ], [ 110.358540707793466, -7.055898769553099 ], [ 110.358468652252384, -7.056229484820184 ] ], [ [ 110.361213430362668, -7.039221640134437 ], [ 110.360914843932974, -7.036743845447394 ], [ 110.358683137275804, -7.038477778072984 ], [ 110.360783258725462, -7.039410222607949 ], [ 110.361213430362668, -7.039221640134437 ] ], [ [ 110.357712567893614, -7.049733281613467 ], [ 110.358798031745366, -7.042488165269202 ], [ 110.355859059410676, -7.041183262870982 ], [ 110.354379692481047, -7.046093454188729 ], [ 110.357712567893614, -7.049733281613467 ] ], [ [ 110.366475194139554, -7.084620204224986 ], [ 110.367760527323597, -7.083114063142646 ], [ 110.365174222282363, -7.082186189085276 ], [ 110.36506722899648, -7.085058807741711 ], [ 110.366475194139554, -7.084620204224986 ] ], [ [ 110.372817209926922, -7.003744794309434 ], [ 110.37420166596381, -7.007052220102143 ], [ 110.375732111224664, -7.006790958804388 ], [ 110.372817209926922, -7.003744794309434 ] ], [ [ 110.390665518287548, -7.024888189656961 ], [ 110.390707708782699, -7.025858012869635 ], [ 110.391646725194775, -7.029466786272372 ], [ 110.391276785861692, -7.025320398900107 ], [ 110.390665518287548, -7.024888189656961 ] ], [ [ 110.37900930995697, -6.983884528139775 ], [ 110.380670047822207, -6.983548673071653 ], [ 110.378746671080094, -6.981188495332947 ], [ 110.37900930995697, -6.983884528139775 ] ], [ [ 110.383849205381651, -6.980247260483924 ], [ 110.383067530097037, -6.980760336989515 ], [ 110.383991153557773, -6.981893699704562 ], [ 110.384290105577605, -6.981573071848112 ], [ 110.383849205381651, -6.980247260483924 ] ], [ [ 110.387111679980265, -7.004057019727701 ], [ 110.386939762875116, -7.003746748610484 ], [ 110.386790602957959, -7.003316950817384 ], [ 110.386895900266936, -7.004058553248048 ], [ 110.387111679980265, -7.004057019727701 ] ], [ [ 110.384442176279506, -7.068051365274075 ], [ 110.384360216716829, -7.068056606522458 ], [ 110.384441897398744, -7.068267188535855 ], [ 110.384442176279506, -7.068051365274075 ] ], [ [ 110.385850683495121, -7.078397494523886 ], [ 110.386372933309303, -7.076382867731034 ], [ 110.383975404540195, -7.075898837958422 ], [ 110.381698541748406, -7.078010485853187 ], [ 110.382472997157507, -7.08046084765249 ], [ 110.385572400977694, -7.080819596550859 ], [ 110.385850683495121, -7.078397494523886 ] ], [ [ 110.392486582604292, -6.996268017615226 ], [ 110.392206776620299, -6.996623066478094 ], [ 110.392422214345117, -6.997058801952276 ], [ 110.392486582604292, -6.996268017615226 ] ], [ [ 110.391835478119091, -7.047420857765821 ], [ 110.39207388674815, -7.047291937137319 ], [ 110.391901770883891, -7.047227429802603 ], [ 110.391835478119091, -7.047420857765821 ] ], [ [ 110.393657255183271, -7.103944437752554 ], [ 110.391954788146762, -7.103903411154372 ], [ 110.393522976645073, -7.104385355075952 ], [ 110.393657255183271, -7.103944437752554 ] ], [ [ 110.411621494272211, -7.084765674300431 ], [ 110.410432895779039, -7.087045456008138 ], [ 110.410571973725325, -7.090688973841016 ], [ 110.411936138242822, -7.089636680731239 ], [ 110.414606190452474, -7.085618304933258 ], [ 110.411621494272211, -7.084765674300431 ] ], [ [ 110.413051532858447, -7.094270160307818 ], [ 110.41382114054791, -7.094696622835344 ], [ 110.414233181617092, -7.09527007018863 ], [ 110.414391404256236, -7.096134893038342 ], [ 110.414063017057757, -7.097058576746186 ], [ 110.41451139300905, -7.097137812027764 ], [ 110.417762450111283, -7.0944285227743 ], [ 110.416957966687022, -7.093885260002049 ], [ 110.416536809490154, -7.092860921717408 ], [ 110.413856974408418, -7.092726365040474 ], [ 110.41207488940924, -7.094101033851296 ], [ 110.413051532858447, -7.094270160307818 ] ], [ [ 110.411489996743413, -7.097671731388639 ], [ 110.411196535884883, -7.099148457039727 ], [ 110.411747350008213, -7.098877167151689 ], [ 110.412075268538032, -7.097767793822332 ], [ 110.411489996743413, -7.097671731388639 ] ], [ [ 110.400425227143572, -7.014331097583159 ], [ 110.400300177650479, -7.015453754519449 ], [ 110.401091152408313, -7.014887453988142 ], [ 110.402140928437362, -7.014831918423773 ], [ 110.405883726019056, -7.016963274497873 ], [ 110.407104653330165, -7.016751612493739 ], [ 110.407378108876898, -7.01579957075696 ], [ 110.40478127107373, -7.0153722384575 ], [ 110.402784297483663, -7.013847358789984 ], [ 110.400425227143572, -7.014331097583159 ] ], [ [ 110.402798534769488, -7.019340450121229 ], [ 110.403500330876383, -7.020016205496799 ], [ 110.403540411951994, -7.019780875902063 ], [ 110.402798534769488, -7.019340450121229 ] ], [ [ 110.404120406038714, -7.027883920520583 ], [ 110.403567722202482, -7.028650061064505 ], [ 110.403675659172137, -7.032151356086971 ], [ 110.405952712326041, -7.032381547884094 ], [ 110.40681818626166, -7.029956801565216 ], [ 110.404120406038714, -7.027883920520583 ] ], [ [ 110.403953265934121, -7.035956538252982 ], [ 110.40186076548234, -7.036934685835885 ], [ 110.39593924218002, -7.042089307287052 ], [ 110.39673423270365, -7.042414283527421 ], [ 110.398453025697876, -7.04039925265074 ], [ 110.400445458815199, -7.03953634002264 ], [ 110.402243875514472, -7.038039519506904 ], [ 110.403953265934121, -7.035956538252982 ] ], [ [ 110.406780637787833, -7.047690595708057 ], [ 110.407182722797259, -7.048256057360895 ], [ 110.407657898274294, -7.047638704218828 ], [ 110.405141824821854, -7.046287531141204 ], [ 110.405054468863412, -7.046560951692798 ], [ 110.406780637787833, -7.047690595708057 ] ], [ [ 110.39958756272155, -7.016248587483086 ], [ 110.399898952972649, -7.016548429482471 ], [ 110.400063409460543, -7.015832035898677 ], [ 110.399885573872879, -7.016025749954729 ], [ 110.39958756272155, -7.016248587483086 ] ], [ [ 110.399162540275356, -7.02595640878611 ], [ 110.398657530512267, -7.02733642563901 ], [ 110.3991156048817, -7.027626450870673 ], [ 110.39959824176951, -7.027578239281901 ], [ 110.400329466579961, -7.02692593749157 ], [ 110.399752215555537, -7.026253537529624 ], [ 110.399162540275356, -7.02595640878611 ] ], [ [ 110.399660115000742, -7.00140626735949 ], [ 110.399713342188406, -7.001378110611661 ], [ 110.400416465124749, -7.00052831376666 ], [ 110.399660115000742, -7.00140626735949 ] ], [ [ 110.407845814544345, -7.022659164528948 ], [ 110.407834076752039, -7.020297414911612 ], [ 110.407104425156518, -7.020423908659938 ], [ 110.406772572403199, -7.022372405156291 ], [ 110.407845814544345, -7.022659164528948 ] ], [ [ 110.409925706700932, -7.032870403361692 ], [ 110.40958052581334, -7.03298989054232 ], [ 110.41015619957993, -7.033095038059725 ], [ 110.409925706700932, -7.032870403361692 ] ], [ [ 110.409672357711003, -7.069678740294694 ], [ 110.409661732485731, -7.069566131239712 ], [ 110.409636963974549, -7.069878802402668 ], [ 110.409672357711003, -7.069678740294694 ] ], [ [ 110.418117509014579, -6.999228388138951 ], [ 110.4180513132209, -6.999093347024329 ], [ 110.417646626797477, -6.998990007842744 ], [ 110.417722610727523, -6.999300254209029 ], [ 110.418117509014579, -6.999228388138951 ] ], [ [ 110.420344134727898, -7.052646216695485 ], [ 110.419374243694676, -7.052169600342772 ], [ 110.418649920050399, -7.053164521633992 ], [ 110.419097807536502, -7.053335893086238 ], [ 110.420344134727898, -7.052646216695485 ] ], [ [ 110.419077056715821, -7.087074937818242 ], [ 110.418177651322083, -7.086785868073417 ], [ 110.416547855304188, -7.089238723341674 ], [ 110.416709787545869, -7.089246853551359 ], [ 110.419077056715821, -7.087074937818242 ] ], [ [ 110.41722954453536, -7.076993456628808 ], [ 110.415983284280003, -7.076903140291458 ], [ 110.413957096082527, -7.076213803660062 ], [ 110.415210210580653, -7.077370014489946 ], [ 110.417117862145147, -7.077546956392037 ], [ 110.41722954453536, -7.076993456628808 ] ], [ [ 110.421352505575825, -7.018110794340978 ], [ 110.421928904103908, -7.017513020814979 ], [ 110.420639598931871, -7.017430167379507 ], [ 110.420798743801811, -7.018033174149998 ], [ 110.421352505575825, -7.018110794340978 ] ], [ [ 110.456396836269633, -6.972458396275945 ], [ 110.45531140809571, -6.97208706478873 ], [ 110.45421629840547, -6.970840136041136 ], [ 110.454069177039614, -6.971550338150632 ], [ 110.455031666936691, -6.971942927271163 ], [ 110.455566975960039, -6.972640654288247 ], [ 110.455794091755777, -6.974578909392287 ], [ 110.456187845602742, -6.975779506242831 ], [ 110.456560406691011, -6.975892515668566 ], [ 110.457637005024679, -6.972371507674408 ], [ 110.456396836269633, -6.972458396275945 ] ], [ [ 110.455861973157013, -7.015667838016565 ], [ 110.456085954232023, -7.014534559099952 ], [ 110.455430282903947, -7.015071546152067 ], [ 110.455861973157013, -7.015667838016565 ] ], [ [ 110.455348378036192, -7.027738334216257 ], [ 110.455357790072014, -7.02808351618132 ], [ 110.457035314185305, -7.027604736445021 ], [ 110.457413256753739, -7.027315145815645 ], [ 110.457233000409801, -7.027071416350299 ], [ 110.455348378036192, -7.027738334216257 ] ], [ [ 110.45404668713806, -7.029700153599796 ], [ 110.453070926715171, -7.029706461447661 ], [ 110.452475085691205, -7.029414981713561 ], [ 110.452698168585599, -7.030175117131161 ], [ 110.453322039575667, -7.02988294077212 ], [ 110.454042333185441, -7.029850968460138 ], [ 110.45404668713806, -7.029700153599796 ] ], [ [ 110.455561246308619, -7.031930974229005 ], [ 110.455614261933334, -7.031764501095878 ], [ 110.455674966398632, -7.031623504418251 ], [ 110.455571223637918, -7.031609456428725 ], [ 110.455561246308619, -7.031930974229005 ] ], [ [ 110.455672653209476, -7.033165834028681 ], [ 110.455597773668245, -7.032983330998605 ], [ 110.455524513720917, -7.032683196910423 ], [ 110.455500747709195, -7.033169883223948 ], [ 110.455672653209476, -7.033165834028681 ] ], [ [ 110.455446097842938, -7.044293931871644 ], [ 110.456013061886466, -7.047883096040846 ], [ 110.456673801150671, -7.047008360462214 ], [ 110.457849267963297, -7.046681615358538 ], [ 110.461339325455668, -7.048276488060181 ], [ 110.461868442693657, -7.048293554764022 ], [ 110.461798474118865, -7.048034904196403 ], [ 110.459764942008476, -7.047425784813203 ], [ 110.45917459512053, -7.047037931868202 ], [ 110.458702422585276, -7.046239167491069 ], [ 110.458701536081406, -7.045267449884289 ], [ 110.458411959678841, -7.044991142095177 ], [ 110.455446097842938, -7.044293931871644 ] ], [ [ 110.450886869630509, -7.057465852218093 ], [ 110.453703391268917, -7.056102699182555 ], [ 110.456499684888186, -7.056597324766114 ], [ 110.461003318108112, -7.05583489714904 ], [ 110.454355199700927, -7.051530547495396 ], [ 110.450975291811247, -7.054958911900132 ], [ 110.450886869630509, -7.057465852218093 ] ], [ [ 110.452620908667427, -7.063303928586701 ], [ 110.451814398424844, -7.063977723187871 ], [ 110.450769092789699, -7.064090336925726 ], [ 110.449716767829202, -7.063473373864888 ], [ 110.449297168944625, -7.062277741828236 ], [ 110.448034548753796, -7.062352922387449 ], [ 110.44780327373941, -7.062564501949734 ], [ 110.448551249963003, -7.06319425202356 ], [ 110.448968933404714, -7.064226590792127 ], [ 110.449676014385005, -7.064824906204203 ], [ 110.449999594107425, -7.06582423598865 ], [ 110.449801439200883, -7.066680813146657 ], [ 110.449222485387324, -7.06734293074936 ], [ 110.447354767373156, -7.067781963256781 ], [ 110.448603467720076, -7.06828325780811 ], [ 110.44930099544834, -7.069283383292575 ], [ 110.449205075177105, -7.070498549050395 ], [ 110.448359247664456, -7.071377094441285 ], [ 110.447677299683562, -7.071561912978598 ], [ 110.446976462854579, -7.071471957942538 ], [ 110.441802816519115, -7.069733911100672 ], [ 110.440432195382044, -7.069061477415171 ], [ 110.444149900398926, -7.072033134956479 ], [ 110.447973349937214, -7.074713280998312 ], [ 110.448482682075024, -7.075430235201161 ], [ 110.448605118121932, -7.076137718710789 ], [ 110.454416133654988, -7.077363648461583 ], [ 110.459092343339265, -7.070778787809745 ], [ 110.458126887136928, -7.071515798306226 ], [ 110.457274588304969, -7.071734842302235 ], [ 110.456266553460495, -7.071436358090012 ], [ 110.455671408932076, -7.070788719035467 ], [ 110.455452145671529, -7.069937288933982 ], [ 110.455907682066965, -7.0646784228538 ], [ 110.456865694426952, -7.063151074249101 ], [ 110.459188804013394, -7.06224367414087 ], [ 110.459893780664643, -7.062160421058176 ], [ 110.460057748458041, -7.061696093553308 ], [ 110.454833171863115, -7.059929134413631 ], [ 110.452620908667427, -7.063303928586701 ] ], [ [ 110.436918588197173, -7.028905588889776 ], [ 110.439452513461674, -7.030443796433815 ], [ 110.439816972145621, -7.030091845957975 ], [ 110.440363727984263, -7.028849313927971 ], [ 110.440331979418772, -7.027666519506297 ], [ 110.439506416088634, -7.022862888247702 ], [ 110.435453248655236, -7.027475396906972 ], [ 110.436918588197173, -7.028905588889776 ] ], [ [ 110.438137426708337, -7.036164090991791 ], [ 110.437965442023426, -7.036057602972464 ], [ 110.437812084520743, -7.036041975767795 ], [ 110.438137426708337, -7.036164090991791 ] ], [ [ 110.438071768289632, -7.039848394658474 ], [ 110.437547808679312, -7.040589460261834 ], [ 110.436929326967416, -7.040930739089924 ], [ 110.435117907761253, -7.040813798672408 ], [ 110.434815757577326, -7.043193594350331 ], [ 110.435596551470994, -7.044771782313737 ], [ 110.435552597826245, -7.046761092855768 ], [ 110.436244741637793, -7.04652339323298 ], [ 110.436969018706407, -7.046578372411842 ], [ 110.438242484673935, -7.047564937398762 ], [ 110.438717576400663, -7.046284460624625 ], [ 110.437353344070488, -7.045102666644917 ], [ 110.437152707681406, -7.044425847128296 ], [ 110.437226600584964, -7.043723841009164 ], [ 110.437683979081356, -7.042972765400576 ], [ 110.43827403338129, -7.042584481394064 ], [ 110.439145335712951, -7.04246122113862 ], [ 110.439841792751579, -7.04268376183779 ], [ 110.439898588228786, -7.04206171210295 ], [ 110.439444424056859, -7.040138292991812 ], [ 110.438071768289632, -7.039848394658474 ] ], [ [ 110.441669760124284, -7.05718441561806 ], [ 110.440311551518008, -7.057475637455509 ], [ 110.440509373193279, -7.058083815031736 ], [ 110.441097458776909, -7.058176852280074 ], [ 110.441669760124284, -7.05718441561806 ] ], [ [ 110.436808633702796, -7.07099490087109 ], [ 110.436117233894137, -7.071731679908661 ], [ 110.437422642250226, -7.07227977861046 ], [ 110.437996917148013, -7.073355272105337 ], [ 110.43790991220088, -7.07423011649034 ], [ 110.437420357440075, -7.07496068811125 ], [ 110.436469530057181, -7.07540894302941 ], [ 110.434429883377121, -7.075344476573919 ], [ 110.432516067984949, -7.076091555162185 ], [ 110.430609233008582, -7.076248339253451 ], [ 110.431573620665318, -7.07708076105759 ], [ 110.439144956304645, -7.07581357475492 ], [ 110.440142863483004, -7.076144300266093 ], [ 110.440788664623994, -7.076973124172296 ], [ 110.440908587117761, -7.077668760401941 ], [ 110.440752897086369, -7.078357289393244 ], [ 110.440345295908514, -7.078933888519604 ], [ 110.439747836863702, -7.079310775220103 ], [ 110.432313370404771, -7.080624959129668 ], [ 110.431992905750789, -7.081370282357593 ], [ 110.432973376983071, -7.082240990378319 ], [ 110.434119424449733, -7.084144045376733 ], [ 110.434101515759053, -7.085023013680077 ], [ 110.433672410681183, -7.0857880465511 ], [ 110.434490914823428, -7.086278614970734 ], [ 110.44417782406147, -7.081260273767425 ], [ 110.445301578583823, -7.078215884667328 ], [ 110.441872238289349, -7.074846796724453 ], [ 110.436808633702796, -7.07099490087109 ] ], [ [ 110.432912316641051, -7.059818962523039 ], [ 110.42954501426857, -7.05978582620809 ], [ 110.428563004329973, -7.063141221483762 ], [ 110.430677816795907, -7.0642964975197 ], [ 110.431568441355211, -7.065384817602036 ], [ 110.432551062271784, -7.06591939558676 ], [ 110.433614390803015, -7.059562239271282 ], [ 110.432912316641051, -7.059818962523039 ] ], [ [ 110.433940515663409, -6.948305794724048 ], [ 110.434304227181244, -6.94865972114012 ], [ 110.435188716971467, -6.949812232911655 ], [ 110.434848154673745, -6.948691823522869 ], [ 110.43400909601533, -6.947780525776156 ], [ 110.433940515663409, -6.948305794724048 ] ], [ [ 110.432452442987042, -6.956170593661485 ], [ 110.43249810108766, -6.957474864173371 ], [ 110.432614352840801, -6.961339801878474 ], [ 110.434310661274267, -6.960373319719997 ], [ 110.43464013003495, -6.95751732455544 ], [ 110.435218676060899, -6.956685762606524 ], [ 110.436336424682167, -6.955786845246296 ], [ 110.434466922995242, -6.955535682108652 ], [ 110.432452442987042, -6.956170593661485 ] ], [ [ 110.44364159889993, -6.984093360132581 ], [ 110.444256255213034, -6.984679276690272 ], [ 110.447119320880091, -6.97862373603783 ], [ 110.445240977615896, -6.977111957073784 ], [ 110.444643642872862, -6.977128038533159 ], [ 110.44364159889993, -6.984093360132581 ] ], [ [ 110.446631385132875, -7.034266632113672 ], [ 110.443985710757232, -7.034637808343021 ], [ 110.443191063074423, -7.037363995792431 ], [ 110.446454475790773, -7.038291968081658 ], [ 110.44971367446108, -7.033124360556352 ], [ 110.446631385132875, -7.034266632113672 ] ], [ [ 110.444312176168452, -7.041444711940017 ], [ 110.443474653752617, -7.042725906333873 ], [ 110.44327796597608, -7.044880285978153 ], [ 110.444979162966902, -7.045714793072395 ], [ 110.448671080815046, -7.042977148344551 ], [ 110.446612564274417, -7.042098834629603 ], [ 110.444312176168452, -7.041444711940017 ] ], [ [ 110.447684133300456, -7.049120891312927 ], [ 110.447591388662303, -7.049995148887618 ], [ 110.447154432119888, -7.050666035671115 ], [ 110.447269307651425, -7.051966759085454 ], [ 110.448612587440223, -7.052199191487158 ], [ 110.452419254456274, -7.048337956288794 ], [ 110.451938094450881, -7.045060535198245 ], [ 110.447435141891347, -7.048399603988229 ], [ 110.447684133300456, -7.049120891312927 ] ], [ [ 110.444584284887881, -7.027038959906787 ], [ 110.444163695077648, -7.026852870873409 ], [ 110.444002591855096, -7.027497736988576 ], [ 110.444584284887881, -7.027038959906787 ] ], [ [ 110.44384720161635, -7.052909712852069 ], [ 110.444293669610943, -7.052781039974247 ], [ 110.444111013378276, -7.052582313132928 ], [ 110.44384720161635, -7.052909712852069 ] ], [ [ 110.452065482830989, -7.023283932355618 ], [ 110.451341088892164, -7.022732800854928 ], [ 110.451327480327961, -7.022832568465343 ], [ 110.452065482830989, -7.023283932355618 ] ], [ [ 110.452684200143409, -7.037613783217435 ], [ 110.451505906810638, -7.038428991022811 ], [ 110.450637517460564, -7.038575400473974 ], [ 110.449950100347351, -7.039588494774937 ], [ 110.452239278276963, -7.040565209672965 ], [ 110.453149324263649, -7.03896979182648 ], [ 110.453992427875022, -7.037967944880469 ], [ 110.452684200143409, -7.037613783217435 ] ], [ [ 110.453675102547024, -6.991953897995662 ], [ 110.453262734119136, -6.992034712677309 ], [ 110.453444486716663, -6.992672370225193 ], [ 110.453675102547024, -6.991953897995662 ] ], [ [ 110.467308250549621, -6.953635011344498 ], [ 110.464957107799904, -6.952800929361159 ], [ 110.464791717398953, -6.954069847050015 ], [ 110.467274901981511, -6.953840821558049 ], [ 110.467308250549621, -6.953635011344498 ] ], [ [ 110.467691546388949, -6.961306513805783 ], [ 110.467697666813066, -6.961830554254491 ], [ 110.467708266527623, -6.961833038383788 ], [ 110.467691546388949, -6.961306513805783 ] ], [ [ 110.467619985141752, -6.993105835792568 ], [ 110.467840069795088, -6.993192501243754 ], [ 110.467632364204789, -6.993020254318366 ], [ 110.467619985141752, -6.993105835792568 ] ], [ [ 110.468641235036102, -6.998493175256651 ], [ 110.469266939634139, -6.997418527521543 ], [ 110.46790210622207, -6.997130635638416 ], [ 110.468641235036102, -6.998493175256651 ] ], [ [ 110.470078966130714, -7.032749237913889 ], [ 110.469333707237084, -7.033224938190986 ], [ 110.469329688494824, -7.033352573956587 ], [ 110.470151386662124, -7.033581137165466 ], [ 110.470078966130714, -7.032749237913889 ] ], [ [ 110.472442203090395, -7.038735433126211 ], [ 110.469175732214111, -7.043352456014163 ], [ 110.472753876597253, -7.048766151093261 ], [ 110.474692768411302, -7.04883475457131 ], [ 110.475549706807527, -7.043343952409952 ], [ 110.475137604670351, -7.040894651862705 ], [ 110.472816522617038, -7.038520787572859 ], [ 110.472442203090395, -7.038735433126211 ] ], [ [ 110.470672159371816, -7.059561796833627 ], [ 110.4645467940191, -7.058697470378191 ], [ 110.464136027684106, -7.06071532754245 ], [ 110.466647014924206, -7.065835268610501 ], [ 110.468750159789394, -7.064389949420361 ], [ 110.470107173599956, -7.064353444802428 ], [ 110.470755650194789, -7.062332646885929 ], [ 110.472803909246181, -7.060469200387778 ], [ 110.470672159371816, -7.059561796833627 ] ], [ [ 110.472292729312457, -7.07273764338469 ], [ 110.472150217288927, -7.072306920215329 ], [ 110.471029573567591, -7.072262127758414 ], [ 110.472292729312457, -7.07273764338469 ] ], [ [ 110.467852103333584, -7.077838047831777 ], [ 110.471865880758898, -7.078758754104507 ], [ 110.471336918034282, -7.076244429034882 ], [ 110.468974811065081, -7.075355208955475 ], [ 110.467852103333584, -7.077838047831777 ] ], [ [ 110.463186923457073, -6.961940925428227 ], [ 110.46408054646551, -6.962189638391005 ], [ 110.463925582670996, -6.957770169407926 ], [ 110.462889136321223, -6.957858474250219 ], [ 110.463186923457073, -6.961940925428227 ] ], [ [ 110.463893148967912, -6.993575263738244 ], [ 110.462730313504437, -6.994016422663295 ], [ 110.463633997037121, -6.99498167170961 ], [ 110.463897578846669, -6.994406008153812 ], [ 110.463893148967912, -6.993575263738244 ] ], [ [ 110.4618008669121, -7.013777222374719 ], [ 110.461724300725649, -7.013711636711237 ], [ 110.461687091000314, -7.013891314031305 ], [ 110.4618008669121, -7.013777222374719 ] ], [ [ 110.46161827658598, -7.019365181005167 ], [ 110.461590029911875, -7.020583797325196 ], [ 110.461212871281248, -7.021180686941145 ], [ 110.460635793460327, -7.021587939249022 ], [ 110.459419170759517, -7.021679294935444 ], [ 110.458195312823676, -7.020999493038383 ], [ 110.458212504726177, -7.021365853866405 ], [ 110.460679170806657, -7.023206053606594 ], [ 110.462926854328927, -7.022049477788169 ], [ 110.463126957497181, -7.021668037540401 ], [ 110.462854127436387, -7.020137397931122 ], [ 110.463272943792063, -7.019009274092244 ], [ 110.461413350895441, -7.018945798551176 ], [ 110.46161827658598, -7.019365181005167 ] ], [ [ 110.462740457147063, -7.041174874689439 ], [ 110.462773915845176, -7.041394333908881 ], [ 110.463327396800608, -7.040847478042371 ], [ 110.463954350826995, -7.040603274611332 ], [ 110.463790866148329, -7.040344043463431 ], [ 110.462740457147063, -7.041174874689439 ] ], [ [ 110.462739463705262, -7.044163449630109 ], [ 110.464545475417097, -7.04543948015715 ], [ 110.466628446584934, -7.046064850103144 ], [ 110.465514898250191, -7.044380022126796 ], [ 110.46376796166696, -7.044427577378185 ], [ 110.462746724151344, -7.043731874827266 ], [ 110.462739463705262, -7.044163449630109 ] ], [ [ 110.458516517651006, -7.04089006685947 ], [ 110.457688491334892, -7.041098832129332 ], [ 110.458780059003843, -7.041359079917512 ], [ 110.458516517651006, -7.04089006685947 ] ], [ [ 110.466755305305696, -7.052062482937506 ], [ 110.467172667632482, -7.051939826763956 ], [ 110.466368597965015, -7.051060377813025 ], [ 110.466755305305696, -7.052062482937506 ] ], [ [ 110.468851643686989, -7.054891489580916 ], [ 110.468318598344851, -7.055328838277292 ], [ 110.469440831621057, -7.055713508151637 ], [ 110.469551250420935, -7.054541368779419 ], [ 110.469219348067242, -7.054178357529135 ], [ 110.468851643686989, -7.054891489580916 ] ], [ [ 110.465711114522989, -7.033199049666242 ], [ 110.464976887799153, -7.033151400379768 ], [ 110.464935116099838, -7.034414412759302 ], [ 110.465651877728277, -7.035079939156203 ], [ 110.465711114522989, -7.033199049666242 ] ], [ [ 110.478807874317582, -6.995728360548567 ], [ 110.478813771012668, -6.995734111199963 ], [ 110.478815654594314, -6.995729922746618 ], [ 110.478807874317582, -6.995728360548567 ] ], [ [ 110.474345622867361, -6.999819330900186 ], [ 110.475533649203328, -7.000430264297279 ], [ 110.476505090820396, -6.999745441941369 ], [ 110.477431067046709, -6.999579661893764 ], [ 110.477567577968514, -6.999204130468985 ], [ 110.475653515917969, -6.998671537832512 ], [ 110.474454190830372, -6.998564421791125 ], [ 110.474345622867361, -6.999819330900186 ] ], [ [ 110.48163797076738, -7.001443208718708 ], [ 110.481371532901832, -7.000983581995978 ], [ 110.480861466170083, -7.000741724358786 ], [ 110.480158975970127, -7.002840514318158 ], [ 110.481199807342023, -7.002281299256264 ], [ 110.48163797076738, -7.001443208718708 ] ], [ [ 110.475514715049442, -7.029619652589078 ], [ 110.475738050568054, -7.030758859145816 ], [ 110.476184836824686, -7.031318954341082 ], [ 110.476383297163963, -7.032175462648996 ], [ 110.475891826159994, -7.033379268083237 ], [ 110.475844556064459, -7.034460346985826 ], [ 110.475184048344673, -7.035764192026506 ], [ 110.47779940740358, -7.038439009512715 ], [ 110.479674874517059, -7.039005973288819 ], [ 110.481258699931004, -7.039085978757313 ], [ 110.480291821988473, -7.034693583761872 ], [ 110.477469811597601, -7.028242184098745 ], [ 110.475215382023435, -7.029234572816021 ], [ 110.475514715049442, -7.029619652589078 ] ], [ [ 110.471658385538134, -6.95746636705598 ], [ 110.471590634499719, -6.956943028896539 ], [ 110.47155970513036, -6.957227199897876 ], [ 110.471658385538134, -6.95746636705598 ] ], [ [ 110.475446841336279, -6.978767130241549 ], [ 110.476460964718555, -6.978517200520646 ], [ 110.47652704712371, -6.978268478620478 ], [ 110.475615230419706, -6.978134022036745 ], [ 110.475446841336279, -6.978767130241549 ] ], [ [ 110.471040748001229, -6.975769018675187 ], [ 110.470979003425313, -6.977533167100403 ], [ 110.47222310438211, -6.976315987038752 ], [ 110.471040748001229, -6.975769018675187 ] ], [ [ 110.473161262712338, -7.053766177224949 ], [ 110.476857095297149, -7.054886177878375 ], [ 110.477226764862081, -7.054300050751967 ], [ 110.473264811647923, -7.052703119991618 ], [ 110.473161262712338, -7.053766177224949 ] ], [ [ 110.479398772765478, -7.064647553900018 ], [ 110.475151195243924, -7.067035404967487 ], [ 110.475485065034533, -7.067898221744458 ], [ 110.475310366156037, -7.068887358038019 ], [ 110.480081286841553, -7.067801342147265 ], [ 110.479398772765478, -7.064647553900018 ] ], [ [ 110.475840770478413, -7.074755219671021 ], [ 110.477686107572097, -7.077234895740466 ], [ 110.47943403255988, -7.071659654773399 ], [ 110.475955843354797, -7.07245139456542 ], [ 110.475840770478413, -7.074755219671021 ] ], [ [ 110.484109377395569, -6.956082477158557 ], [ 110.483587680168455, -6.957211346549365 ], [ 110.484402329677962, -6.958476002117639 ], [ 110.484594404393249, -6.959248429938864 ], [ 110.484148055604962, -6.96113190589233 ], [ 110.484188906053262, -6.962163304341118 ], [ 110.483929141933856, -6.962768693992228 ], [ 110.48420636222798, -6.963578373259687 ], [ 110.484272491988506, -6.964807970068147 ], [ 110.485432749526666, -6.966487885111343 ], [ 110.485186945164287, -6.967955378224908 ], [ 110.485405024857059, -6.968410211115545 ], [ 110.491647500475722, -6.971340999824839 ], [ 110.493545357549237, -6.971829119088794 ], [ 110.493212063555234, -6.970194789068798 ], [ 110.49263859734863, -6.969811126727314 ], [ 110.49097707044973, -6.967812341432855 ], [ 110.489299302478699, -6.967023954201048 ], [ 110.488679441910151, -6.966272187691639 ], [ 110.488629018018599, -6.964870715029041 ], [ 110.487428494930612, -6.96229552789258 ], [ 110.487219017736706, -6.95696575511402 ], [ 110.484109377395569, -6.956082477158557 ] ], [ [ 110.494590889877813, -7.023776821351073 ], [ 110.495390780900706, -7.021847520551084 ], [ 110.493409731724398, -7.021181647740697 ], [ 110.492422124989616, -7.02284444756836 ], [ 110.494590889877813, -7.023776821351073 ] ], [ [ 110.48257165863204, -6.993871145422183 ], [ 110.483222493642884, -6.994358878903324 ], [ 110.483627530519016, -6.993715541613669 ], [ 110.483167688438641, -6.993285998531212 ], [ 110.482489786236869, -6.993541806935608 ], [ 110.48257165863204, -6.993871145422183 ] ], [ [ 110.482474455648628, -7.025451852706398 ], [ 110.482383026125461, -7.025755366332769 ], [ 110.482502828222138, -7.025929503530618 ], [ 110.482474455648628, -7.025451852706398 ] ], [ [ 110.486148899359847, -7.026234666588886 ], [ 110.486219990054252, -7.025598157582138 ], [ 110.486109045867181, -7.025563823179414 ], [ 110.486148899359847, -7.026234666588886 ] ], [ [ 110.491247004313081, -7.027663696653314 ], [ 110.491659153683898, -7.026455444096661 ], [ 110.489854919029213, -7.025679776735081 ], [ 110.489653943090445, -7.027479330670385 ], [ 110.491247004313081, -7.027663696653314 ] ], [ [ 110.489551795470376, -6.980306308301086 ], [ 110.488579168501488, -6.980362514134102 ], [ 110.488468866765444, -6.98076199643997 ], [ 110.488584292454803, -6.980843570609407 ], [ 110.489551795470376, -6.980306308301086 ] ], [ [ 110.488800004079692, -6.975219051222485 ], [ 110.488940551735993, -6.974451199883542 ], [ 110.488686618821106, -6.975142282184682 ], [ 110.488800004079692, -6.975219051222485 ] ], [ [ 110.490997399336251, -6.96070042285996 ], [ 110.491707646280389, -6.95837410193033 ], [ 110.490885743235154, -6.958110317805066 ], [ 110.490997399336251, -6.96070042285996 ] ], [ [ 110.497128232740977, -6.988633040290008 ], [ 110.497913146921022, -6.988947366314161 ], [ 110.496984794274994, -6.988071062052385 ], [ 110.497128232740977, -6.988633040290008 ] ] ] } }
]
}
